Wrote cross-file: /tmp/tmp.UgJ7zjghg8/android-arm64-v8a.ini
== [1/4] glib ==
Cloning into '/tmp/tmp.UgJ7zjghg8/glib'...
DEPRECATION: "pkgconfig" entry is deprecated and should be replaced by "pkg-config"
The Meson build system
Version: 1.12.0
Source dir: /tmp/tmp.UgJ7zjghg8/glib
Build dir: /tmp/tmp.UgJ7zjghg8/glib/_build-arm64-v8a
Build type: cross build
Project name: glib
Project version: 2.89.4
C compiler for the host machine: /usr/local/lib/android/sdk/ndk/29.0.14206865/toolchains/llvm/prebuilt/linux-x86_64/bin/aarch64-linux-android26-clang (clang 21.0.0 "Android (13989888, +pgo, +bolt, +lto, +mlgo, based on r563880c) clang version 21.0.0 (https://android.googlesource.com/toolchain/llvm-project 5e96669f06077099aa41290cdb4c5e6fa0f59349)")
C linker for the host machine: /usr/local/lib/android/sdk/ndk/29.0.14206865/toolchains/llvm/prebuilt/linux-x86_64/bin/aarch64-linux-android26-clang ld.lld 21.0.0
C compiler for the build machine: cc (gcc 13.3.0 "cc (Ubuntu 13.3.0-6ubuntu2~24.04.1) 13.3.0")
C linker for the build machine: cc ld.bfd 2.42
Build machine cpu family: x86_64
Build machine cpu: x86_64
Host machine cpu family: aarch64
Host machine cpu: aarch64
Target machine cpu family: aarch64
Target machine cpu: aarch64
Compiler for C supports arguments -std=c89: YES 
Compiler for C supports arguments -std=c99: YES 
Compiler for C supports arguments -std=c11: YES 
Compiler for C supports arguments -std=c17: YES 
Compiler for C supports arguments -std=c23: YES 
C++ compiler for the host machine: /usr/local/lib/android/sdk/ndk/29.0.14206865/toolchains/llvm/prebuilt/linux-x86_64/bin/aarch64-linux-android26-clang++ (clang 21.0.0 "Android (13989888, +pgo, +bolt, +lto, +mlgo, based on r563880c) clang version 21.0.0 (https://android.googlesource.com/toolchain/llvm-project 5e96669f06077099aa41290cdb4c5e6fa0f59349)")
C++ linker for the host machine: /usr/local/lib/android/sdk/ndk/29.0.14206865/toolchains/llvm/prebuilt/linux-x86_64/bin/aarch64-linux-android26-clang++ ld.lld 21.0.0
Compiler for C++ supports arguments -std=c++98: YES 
Compiler for C++ supports arguments -std=c++03: YES 
Compiler for C++ supports arguments -std=c++11: YES 
Compiler for C++ supports arguments -std=c++14: YES 
Compiler for C++ supports arguments -std=c++17: YES 
Compiler for C++ supports arguments -std=c++20: YES 
Compiler for C++ supports arguments -std=c++23: YES 
Compiler for C++ supports arguments -std=c++2c: YES 
Compiler for C++ supports arguments -std=c++latest: NO 
Program ./.gitlab-ci/thorough-test-wrapper.sh found: YES (/bin/bash /tmp/tmp.UgJ7zjghg8/glib/./.gitlab-ci/thorough-test-wrapper.sh)
Program valgrind found: NO
Compiler for C supports arguments -fno-strict-aliasing: YES 
Message: Enabling various debug infrastructure
Has header "alloca.h" : YES 
Has header "afunix.h" : NO 
Has header "crt_externs.h" : NO 
Has header "dirent.h" : YES 
Has header "float.h" : YES 
Has header "fstab.h" : NO 
Has header "ftw.h" : YES 
Has header "grp.h" : YES 
Has header "intsafe.h" : NO 
Has header "inttypes.h" : YES 
Has header "libproc.h" : NO 
Has header "limits.h" : YES 
Has header "linux/netlink.h" : YES 
Has header "locale.h" : YES 
Has header "mach/mach_time.h" : NO 
Has header "memory.h" : YES 
Has header "mntent.h" : YES 
Has header "netlink/netlink.h" : NO 
Has header "netlink/netlink_route.h" : NO 
Has header "poll.h" : YES 
Has header "pwd.h" : YES 
Has header "sched.h" : YES 
Has header "spawn.h" : YES 
Has header "stdatomic.h" : YES 
Has header "stdckdint.h" : YES 
Has header "stdint.h" : YES 
Has header "stdlib.h" : YES 
Has header "string.h" : YES 
Has header "strings.h" : YES 
Has header "sys/auxv.h" : YES 
Has header "sys/event.h" : NO 
Has header "sys/uio.h" : YES 
Has header "sys/filio.h" : NO 
Has header "sys/inotify.h" : YES 
Has header "sys/mkdev.h" : NO 
Has header "sys/mntctl.h" : NO 
Has header "sys/mnttab.h" : NO 
Has header "sys/mount.h" : YES 
Has header "sys/param.h" : YES 
Has header "sys/prctl.h" : YES 
Has header "sys/resource.h" : YES 
Has header "sys/select.h" : YES 
Has header "sys/statfs.h" : YES 
Has header "sys/stat.h" : YES 
Has header "sys/statvfs.h" : YES 
Has header "sys/sysctl.h" : NO 
Has header "sys/time.h" : YES 
Has header "sys/times.h" : YES 
Has header "sys/types.h" : YES 
Has header "sys/ucred.h" : NO 
Has header "sys/uio.h" : YES (cached)
Has header "sys/vfs.h" : YES 
Has header "sys/vfstab.h" : NO 
Has header "sys/vmount.h" : NO 
Has header "sys/wait.h" : YES 
Has header "syslog.h" : YES 
Has header "termios.h" : YES 
Has header "unistd.h" : YES 
Has header "values.h" : NO 
Has header "vcruntime.h" : NO 
Has header "wchar.h" : YES 
Has header "xlocale.h" : YES 
Check usable header "malloc.h" : YES 
Header "locale.h" has symbol "LC_MESSAGES" : YES 
Checking if "type "struct stat" has member "st_mtimensec"" compiles: YES 
Checking if "type "struct stat" has member "st_mtim.tv_nsec"" compiles: YES 
Checking if "type "struct stat" has member "st_atimensec"" compiles: YES 
Checking if "type "struct stat" has member "st_atim.tv_nsec"" compiles: YES 
Checking if "type "struct stat" has member "st_ctimensec"" compiles: YES 
Checking if "type "struct stat" has member "st_ctim.tv_nsec"" compiles: YES 
Checking if "type "struct stat" has member "st_birthtime"" compiles: NO 
Checking if "type "struct stat" has member "st_birthtimensec"" compiles: NO 
Checking if "type "struct stat" has member "st_birthtim"" compiles: NO 
Checking if "type "struct stat" has member "st_birthtim.tv_nsec"" compiles: NO 
Checking if "type "struct stat" has member "st_blksize"" compiles: YES 
Checking if "type "struct stat" has member "st_blocks"" compiles: YES 
Checking if "type "struct statfs" has member "f_fstypename"" compiles: NO 
Checking if "type "struct statfs" has member "f_bavail"" compiles: YES 
Checking if "type "struct dirent" has member "d_type"" compiles: YES 
Checking if "type "struct statvfs" has member "f_basetype"" compiles: NO 
Checking if "type "struct statvfs" has member "f_fstypename"" compiles: NO 
Checking if "type "struct statvfs" has member "f_type"" compiles: NO 
Checking if "type "struct tm" has member "tm_gmtoff"" compiles: YES 
Checking if "type "struct tm" has member "__tm_gmtoff"" compiles: NO 
Compiler for C supports arguments -Wduplicated-branches: NO 
Compiler for C supports arguments -Wfloat-conversion: YES 
Compiler for C supports arguments -Wimplicit-fallthrough: YES 
Compiler for C supports arguments -Wmisleading-indentation: YES 
Compiler for C supports arguments -Wmissing-field-initializers: YES 
Compiler for C supports arguments -Wnonnull: YES 
Compiler for C supports arguments -Wnull-dereference: YES 
Compiler for C supports arguments -Wunused: YES 
Compiler for C supports arguments -Wno-unused-parameter: YES 
Compiler for C supports arguments -Wno-cast-function-type: YES 
Compiler for C supports arguments -Wno-pedantic: YES 
Compiler for C supports arguments -Wno-format-zero-length: YES 
Compiler for C supports arguments -Wno-variadic-macros: YES 
Compiler for C supports arguments -Werror=format=2: YES 
Compiler for C supports arguments -Werror=init-self: YES 
Compiler for C supports arguments -Werror=missing-include-dirs: YES 
Compiler for C supports arguments -Werror=pointer-arith: YES 
Compiler for C supports arguments -Werror=unused-result: YES 
Compiler for C supports arguments -Wstrict-prototypes: YES 
Compiler for C supports arguments -Wno-bad-function-cast: YES 
Compiler for C supports arguments -Werror=implicit-function-declaration: YES 
Compiler for C supports arguments -Werror=missing-prototypes: YES 
Compiler for C supports arguments -Werror=pointer-sign: YES 
Compiler for C supports arguments -Wno-string-plus-int: YES 
Compiler for C++ supports arguments -Wduplicated-branches: NO 
Compiler for C++ supports arguments -Wfloat-conversion: YES 
Compiler for C++ supports arguments -Wimplicit-fallthrough: YES 
Compiler for C++ supports arguments -Wmisleading-indentation: YES 
Compiler for C++ supports arguments -Wmissing-field-initializers: YES 
Compiler for C++ supports arguments -Wnonnull: YES 
Compiler for C++ supports arguments -Wnull-dereference: YES 
Compiler for C++ supports arguments -Wunused: YES 
Compiler for C++ supports arguments -Wno-unused-parameter: YES 
Compiler for C++ supports arguments -Wno-cast-function-type: YES 
Compiler for C++ supports arguments -Wno-pedantic: YES 
Compiler for C++ supports arguments -Wno-format-zero-length: YES 
Compiler for C++ supports arguments -Wno-variadic-macros: YES 
Compiler for C++ supports arguments -Werror=format=2: YES 
Compiler for C++ supports arguments -Werror=init-self: YES 
Compiler for C++ supports arguments -Werror=missing-include-dirs: YES 
Compiler for C++ supports arguments -Werror=pointer-arith: YES 
Compiler for C++ supports arguments -Werror=unused-result: YES 
Compiler for C supports arguments -Wsign-conversion: YES 
Compiler for C supports arguments -Wshorten-64-to-32: YES 
Compiler for C supports link arguments -Wl,-z,nodelete: YES 
Compiler for C supports link arguments -Wl,-Bsymbolic-functions: YES 
Checking for function "accept4" : YES 
Checking for function "close_range" : NO 
Checking for function "copy_file_range" : NO 
Checking for function "endmntent" : YES 
Checking for function "endservent" : YES 
Checking for function "epoll_create1" : YES 
Checking for function "faccessat" : YES 
Checking for function "fallocate" : YES 
Checking for function "fchmod" : YES 
Checking for function "fchown" : YES 
Checking for function "fdwalk" : NO 
Checking for function "free_aligned_sized" : NO 
Checking for function "free_sized" : NO 
Checking for function "fsync" : YES 
Checking for function "ftruncate64" : YES 
Checking for function "getauxval" : YES 
Checking for function "getc_unlocked" : YES 
Checking for function "getfsent" : NO 
Checking for function "getfsstat" : NO 
Checking for function "getgrgid_r" : YES 
Checking for function "getifaddrs" : YES 
Checking for function "getmntent_r" : YES 
Checking for function "getpwnam_r" : YES 
Checking for function "getpwuid_r" : YES 
Checking for function "getresuid" : YES 
Checking for function "getvfsstat" : NO 
Checking for function "gmtime_r" : YES 
Checking for function "hasmntopt" : YES 
Checking for function "inotify_init1" : YES 
Checking for function "issetugid" : NO 
Checking for function "kevent" : NO 
Checking for function "kqueue" : NO 
Checking for function "lchmod" : NO 
Checking for function "lchown" : YES 
Checking for function "link" : YES 
Checking for function "localtime_r" : YES 
Checking for function "lstat" : YES 
Checking for function "mbrtowc" : YES 
Checking for function "memalign" : YES 
Checking for function "memmem" : YES 
Checking for function "mmap" : YES 
Checking for function "newlocale" : YES 
Checking for function "pipe2" : YES 
Checking for function "poll" : YES 
Checking for function "prlimit" : YES 
Checking for function "readlink" : YES 
Checking for function "recvmmsg" : YES 
Checking for function "sendmmsg" : YES 
Checking for function "setenv" : YES 
Checking for function "setmntent" : YES 
Checking for function "strerror_r" : YES 
Checking for function "strnlen" : YES 
Checking for function "strsignal" : YES 
Checking for function "strtod_l" : YES 
Checking for function "strtoll_l" : YES 
Checking for function "strtoull_l" : YES 
Checking for function "symlink" : YES 
Checking for function "timegm" : YES 
Checking for function "unsetenv" : YES 
Checking for function "uselocale" : YES 
Checking for function "utimes" : YES 
Checking for function "utimensat" : YES 
Checking for function "valloc" : NO 
Checking for function "vasprintf" : YES 
Checking for function "vsnprintf" : YES 
Checking for function "wcrtomb" : YES 
Checking for function "wcslen" : YES 
Checking for function "wcsnlen" : YES 
Checking for function "sysctlbyname" : NO 
Checking for function "statvfs" : YES 
Checking for function "statfs" : YES 
Checking for function "prctl" : YES 
Checking for function "if_indextoname" : YES 
Checking for function "if_nametoindex" : YES 
Checking for function "splice" : YES 
Checking for function "sysinfo" : YES 
Checking for function "stpcpy" : YES 
Checking for function "memalign" : YES 
Checking if "getservbyname_r()" compiles: NO 
Checking for function "_aligned_malloc" : NO 
Checking for function "aligned_alloc" : NO 
Checking for function "posix_memalign" : YES 
Checking for function "posix_spawn" : NO 
Checking if "strerror_r() returns char *" compiles: YES 
Checking for function "snprintf" : YES 
Checking for function "strcasecmp" : YES 
Checking for function "strncasecmp" : YES 
Header "sys/sysmacros.h" has symbol "major" : YES 
Header "dlfcn.h" has symbol "RTLD_LAZY" : YES 
Header "dlfcn.h" has symbol "RTLD_NOW" : YES 
Header "dlfcn.h" has symbol "RTLD_GLOBAL" : YES 
Header "dlfcn.h" has symbol "RTLD_NEXT" : YES 
Checking for type "loff_t" : YES 
Checking for function "unshare" : YES 
Message: Checking whether to use statfs or statvfs .. statfs
Checking if "futex(2) system call" compiles: YES 
Checking if "futex_time64(2) system call" compiles: NO 
Checking if "eventfd(2) system call" links: YES 
Checking if "ppoll(2) system call" links: YES 
Checking if "pidfd_open(2) system call" links: YES 
Checking if "__uint128_t available" compiles: YES 
Checking if "clock_gettime" links: YES 
Checking for function "clock_nanosleep" : YES 
Checking if "dlopen() and dlsym() in system libraries" links: YES 
Checking if "number of arguments to statfs() (n=2)" compiles: YES 
Checking if "open() option O_DIRECTORY" compiles: YES 
Checking if "fcntl() option F_FULLFSYNC" compiles: NO 
Checking if "nl_langinfo and CODESET" links: YES 
Checking if "nl_langinfo (PM_STR)" links: YES 
Checking if "nl_langinfo (ERA)" links: NO 
Checking if "nl_langinfo (_NL_CTYPE_OUTDIGITn_MB)" links: NO 
Checking if "nl_langinfo (ALTMON_n)" links: NO 
Checking if "nl_langinfo (_NL_ABALTMON_n)" links: NO 
Checking if "nl_langinfo and _NL_TIME_CODESET" links: NO 
Checking if "signed" compiles: YES 
Header "stddef.h" has symbol "ptrdiff_t" : YES 
Checking if "sig_atomic_t" links: YES 
Checking if "long long" compiles: YES 
Checking if "long double" compiles: YES 
Header "stddef.h" has symbol "wchar_t" : YES 
Header "wchar.h" has symbol "wint_t" : YES 
Checking if "uintmax_t in inttypes.h" compiles: YES 
Checking if "uintmax_t in stdint.h" compiles: YES 
Checking for size of "char" : 1 
Checking for size of "short" : 2 
Checking for size of "int" : 4 
Checking for size of "void*" : 8 
Checking for size of "long" : 8 
Checking for size of "long long" : 8 
Checking for size of "size_t" : 8 
Checking for size of "ssize_t" : 8 
Checking if "int64_t is long" compiles: YES 
Checking for alignment of "char" : 1 
Checking for alignment of "short" : 2 
Checking for alignment of "int" : 4 
Checking for alignment of "void*" : 8 
Checking for alignment of "long" : 8 
Checking for alignment of "long long" : 8 
Checking for alignment of "size_t" : 8 
Checking for size of "wchar_t" : 4 
Checking if "GCC size_t typedef is long" compiles: YES 
Checking if "GCC size_t typedef is long long" compiles: NO 
Checking if "ISO C99 varargs macros in C" compiles: YES 
Checking if "ISO C99 varargs macros in C++" compiles: YES 
Checking if "GNUC varargs macros" compiles: YES 
Has header "alloca.h" : YES (cached)
Has header "sys/poll.h" : YES 
Has header "sys/types.h" : YES (cached)
Has header "winsock2.h" : NO 
Computing int of "POLLIN" : 1
Computing int of "POLLOUT" : 4
Computing int of "POLLPRI" : 2
Computing int of "POLLERR" : 8
Computing int of "POLLHUP" : 16
Computing int of "POLLNVAL" : 32
Computing int of "AF_UNIX" : 1
Computing int of "AF_INET" : 2
Computing int of "AF_INET6" : 10
Computing int of "MSG_OOB" : 1
Computing int of "MSG_PEEK" : 2
Computing int of "MSG_DONTROUTE" : 4
Checking for type "struct in6_addr" : YES 
Checking if "atomic ops" links: YES 
Checking if "sync swap" links: YES 
Run-time dependency threads found: YES
Header "pthread.h" has symbol "pthread_attr_setstacksize" : YES 
Header "pthread.h" has symbol "pthread_attr_setinheritsched" : NO 
Header "pthread.h" has symbol "pthread_condattr_setclock" : YES 
Header "pthread.h" has symbol "pthread_cond_timedwait_relative_np" : NO 
Header "pthread.h" has symbol "pthread_getname_np" : YES 
Header "pthread.h" has symbol "pthread_getaffinity_np" : NO 
Checking if "pthread_setname_np(const char*)" with dependency threads links: NO 
Checking if "pthread_setname_np(pthread_t, const char*)" with dependency threads links: YES 
Run-time dependency iconv found: NO  (tried builtin and system)

../../../../../tmp/tmp.UgJ7zjghg8/glib/meson.build:2248:13: ERROR: Dependency "iconv" not found (tried builtin and system)

A full log can be found at /tmp/tmp.UgJ7zjghg8/glib/_build-arm64-v8a/meson-logs/meson-log.txt
::group::==== CI platform detected, click here for meson-log.txt contents. ====
Build started at 2026-09-03T09:05:18.243360
Main binary: /usr/bin/python3
Build Options: -Dbuildtype=release -Dprefix=/home/runner/work/layercraft/layercraft/native-prefix -Dlibdir=lib -Ddefault_library=shared -Dwrap_mode=default -Dtests=false -Dinstalled_tests=false -Dlibmount=disabled -Dselinux=disabled -Dxattr=false -Dnls=disabled --cross-file=/tmp/tmp.UgJ7zjghg8/android-arm64-v8a.ini
Python system: Linux
The Meson build system
Version: 1.12.0
Source dir: /tmp/tmp.UgJ7zjghg8/glib
Build dir: /tmp/tmp.UgJ7zjghg8/glib/_build-arm64-v8a
Build type: cross build
Project name: glib
Project version: 2.89.4
-----------
Detecting compiler via: `/usr/local/lib/android/sdk/ndk/29.0.14206865/toolchains/llvm/prebuilt/linux-x86_64/bin/aarch64-linux-android26-clang --version` -> 0
stdout:
Android (13989888, +pgo, +bolt, +lto, +mlgo, based on r563880c) clang version 21.0.0 (https://android.googlesource.com/toolchain/llvm-project 5e96669f06077099aa41290cdb4c5e6fa0f59349)
Target: aarch64-unknown-linux-android26
Thread model: posix
InstalledDir: /usr/local/lib/android/sdk/ndk/29.0.14206865/toolchains/llvm/prebuilt/linux-x86_64/bin
-----------
Running command: -x c -E -dM -
-----
-----------
Detecting linker via: `/usr/local/lib/android/sdk/ndk/29.0.14206865/toolchains/llvm/prebuilt/linux-x86_64/bin/aarch64-linux-android26-clang -Wl,--version` -> 0
stdout:
LLD 21.0.0 (/mnt/disks/build-disk/src/googleplex-android/llvm-r563880-release/out/llvm-project/llvm 5e96669f06077099aa41290cdb4c5e6fa0f59349) (compatible with GNU linkers)
-----------
-----------
Detecting LLD linker via: `/usr/local/lib/android/sdk/ndk/29.0.14206865/toolchains/llvm/prebuilt/linux-x86_64/bin/aarch64-linux-android26-clang -Wl,-v` -> 1
stdout:
LLD 21.0.0 (/mnt/disks/build-disk/src/googleplex-android/llvm-r563880-release/out/llvm-project/llvm 5e96669f06077099aa41290cdb4c5e6fa0f59349) (compatible with GNU linkers)
-----------
stderr:
ld.lld: error: undefined symbol: main
>>> referenced by crtbegin.c
>>>               /usr/local/lib/android/sdk/ndk/29.0.14206865/toolchains/llvm/prebuilt/linux-x86_64/bin/../sysroot/usr/lib/aarch64-linux-android/26/crtbegin_dynamic.o:(_start_main)
>>> referenced by crtbegin.c
>>>               /usr/local/lib/android/sdk/ndk/29.0.14206865/toolchains/llvm/prebuilt/linux-x86_64/bin/../sysroot/usr/lib/aarch64-linux-android/26/crtbegin_dynamic.o:(_start_main)
clang: error: linker command failed with exit code 1 (use -v to see invocation)
-----------
Sanity check compiler command line: /usr/local/lib/android/sdk/ndk/29.0.14206865/toolchains/llvm/prebuilt/linux-x86_64/bin/aarch64-linux-android26-clang -D_FILE_OFFSET_BITS=64 -o sanity_check_for_c_cross.exe sanity_check_for_c.c -D_FILE_OFFSET_BITS=64 -c
Sanity check compile stdout:

-----
Sanity check compile stderr:

-----
Cannot run cross check
C compiler for the host machine: /usr/local/lib/android/sdk/ndk/29.0.14206865/toolchains/llvm/prebuilt/linux-x86_64/bin/aarch64-linux-android26-clang (clang 21.0.0 "Android (13989888, +pgo, +bolt, +lto, +mlgo, based on r563880c) clang version 21.0.0 (https://android.googlesource.com/toolchain/llvm-project 5e96669f06077099aa41290cdb4c5e6fa0f59349)")
C linker for the host machine: /usr/local/lib/android/sdk/ndk/29.0.14206865/toolchains/llvm/prebuilt/linux-x86_64/bin/aarch64-linux-android26-clang ld.lld 21.0.0
-----------
Detecting archiver via: `/usr/local/lib/android/sdk/ndk/29.0.14206865/toolchains/llvm/prebuilt/linux-x86_64/bin/llvm-ar --version` -> 0
stdout:
LLVM (http://llvm.org/):
  LLVM version 21.0.0
  Optimized build.
-----------
-----------
Detecting compiler via: `cc --version` -> 0
stdout:
cc (Ubuntu 13.3.0-6ubuntu2~24.04.1) 13.3.0
Copyright (C) 2023 Free Software Foundation, Inc.
This is free software; see the source for copying conditions.  There is NO
warranty; not even for MERCHANTABILITY or FITNESS FOR A PARTICULAR PURPOSE.
-----------
Running command: -cpp -x c -E -dM -
-----
-----------
Detecting linker via: `cc -Wl,--version` -> 0
stdout:
GNU ld (GNU Binutils for Ubuntu) 2.42
Copyright (C) 2024 Free Software Foundation, Inc.
This program is free software; you may redistribute it under the terms of
the GNU General Public License version 3 or (at your option) a later version.
This program has absolutely no warranty.
-----------
stderr:
collect2 version 13.3.0
/usr/bin/ld -plugin /usr/libexec/gcc/x86_64-linux-gnu/13/liblto_plugin.so -plugin-opt=/usr/libexec/gcc/x86_64-linux-gnu/13/lto-wrapper -plugin-opt=-fresolution=/tmp/cc0omMU3.res -plugin-opt=-pass-through=-lgcc -plugin-opt=-pass-through=-lgcc_s -plugin-opt=-pass-through=-lc -plugin-opt=-pass-through=-lgcc -plugin-opt=-pass-through=-lgcc_s --build-id --eh-frame-hdr -m elf_x86_64 --hash-style=gnu --as-needed -dynamic-linker /lib64/ld-linux-x86-64.so.2 -pie -z now -z relro /usr/lib/gcc/x86_64-linux-gnu/13/../../../x86_64-linux-gnu/Scrt1.o /usr/lib/gcc/x86_64-linux-gnu/13/../../../x86_64-linux-gnu/crti.o /usr/lib/gcc/x86_64-linux-gnu/13/crtbeginS.o -L/usr/lib/gcc/x86_64-linux-gnu/13 -L/usr/lib/gcc/x86_64-linux-gnu/13/../../../x86_64-linux-gnu -L/usr/lib/gcc/x86_64-linux-gnu/13/../../../../lib -L/lib/x86_64-linux-gnu -L/lib/../lib -L/usr/lib/x86_64-linux-gnu -L/usr/lib/../lib -L/usr/lib/gcc/x86_64-linux-gnu/13/../../.. --version -lgcc --push-state --as-needed -lgcc_s --pop-state -lc -lgcc --push-state --as-needed -lgcc_s --pop-state /usr/lib/gcc/x86_64-linux-gnu/13/crtendS.o /usr/lib/gcc/x86_64-linux-gnu/13/../../../x86_64-linux-gnu/crtn.o
-----------
Sanity check compiler command line: cc -D_FILE_OFFSET_BITS=64 -o sanity_check_for_c.exe sanity_check_for_c.c -D_FILE_OFFSET_BITS=64
Sanity check compile stdout:

-----
Sanity check compile stderr:

-----
Sanity check built target output for build machine c compiler
 -- Running test binary command:  /tmp/tmp.UgJ7zjghg8/glib/_build-arm64-v8a/meson-private/sanity_check_for_c.exe
-----------
Sanity check: `/tmp/tmp.UgJ7zjghg8/glib/_build-arm64-v8a/meson-private/sanity_check_for_c.exe` -> 0
 -- stdout:
 
 -- stderr:
 
 -- returncode: 0
C compiler for the build machine: cc (gcc 13.3.0 "cc (Ubuntu 13.3.0-6ubuntu2~24.04.1) 13.3.0")
C linker for the build machine: cc ld.bfd 2.42
-----------
Detecting archiver via: `gcc-ar --version` -> 0
stdout:
GNU ar (GNU Binutils for Ubuntu) 2.42
Copyright (C) 2024 Free Software Foundation, Inc.
This program is free software; you may redistribute it under the terms of
the GNU General Public License version 3 or (at your option) any later version.
This program has absolutely no warranty.
-----------
Build machine cpu family: x86_64
Build machine cpu: x86_64
Host machine cpu family: aarch64
Host machine cpu: aarch64
Target machine cpu family: aarch64
Target machine cpu: aarch64
Running compile:
Working directory:  /tmp/tmp.UgJ7zjghg8/glib/_build-arm64-v8a/meson-private/tmplu4ueece
Code:
extern int i;
int i;

-----------
Command line: `/usr/local/lib/android/sdk/ndk/29.0.14206865/toolchains/llvm/prebuilt/linux-x86_64/bin/aarch64-linux-android26-clang /tmp/tmp.UgJ7zjghg8/glib/_build-arm64-v8a/meson-private/tmplu4ueece/testfile.c -o /tmp/tmp.UgJ7zjghg8/glib/_build-arm64-v8a/meson-private/tmplu4ueece/output.obj -c -D_FILE_OFFSET_BITS=64 -O0 -U_FORTIFY_SOURCE -Werror=implicit-function-declaration -Werror=unknown-warning-option -Werror=unused-command-line-argument -Werror=ignored-optimization-argument -std=c89` -> 0
Compiler for C supports arguments -std=c89: YES 
Running compile:
Working directory:  /tmp/tmp.UgJ7zjghg8/glib/_build-arm64-v8a/meson-private/tmp7p79678r
Code:
extern int i;
int i;

-----------
Command line: `/usr/local/lib/android/sdk/ndk/29.0.14206865/toolchains/llvm/prebuilt/linux-x86_64/bin/aarch64-linux-android26-clang /tmp/tmp.UgJ7zjghg8/glib/_build-arm64-v8a/meson-private/tmp7p79678r/testfile.c -o /tmp/tmp.UgJ7zjghg8/glib/_build-arm64-v8a/meson-private/tmp7p79678r/output.obj -c -D_FILE_OFFSET_BITS=64 -O0 -U_FORTIFY_SOURCE -Werror=implicit-function-declaration -Werror=unknown-warning-option -Werror=unused-command-line-argument -Werror=ignored-optimization-argument -std=c99` -> 0
Compiler for C supports arguments -std=c99: YES 
Running compile:
Working directory:  /tmp/tmp.UgJ7zjghg8/glib/_build-arm64-v8a/meson-private/tmpw2ciqaa_
Code:
extern int i;
int i;

-----------
Command line: `/usr/local/lib/android/sdk/ndk/29.0.14206865/toolchains/llvm/prebuilt/linux-x86_64/bin/aarch64-linux-android26-clang /tmp/tmp.UgJ7zjghg8/glib/_build-arm64-v8a/meson-private/tmpw2ciqaa_/testfile.c -o /tmp/tmp.UgJ7zjghg8/glib/_build-arm64-v8a/meson-private/tmpw2ciqaa_/output.obj -c -D_FILE_OFFSET_BITS=64 -O0 -U_FORTIFY_SOURCE -Werror=implicit-function-declaration -Werror=unknown-warning-option -Werror=unused-command-line-argument -Werror=ignored-optimization-argument -std=c11` -> 0
Compiler for C supports arguments -std=c11: YES 
Running compile:
Working directory:  /tmp/tmp.UgJ7zjghg8/glib/_build-arm64-v8a/meson-private/tmpcffh4gi1
Code:
extern int i;
int i;

-----------
Command line: `/usr/local/lib/android/sdk/ndk/29.0.14206865/toolchains/llvm/prebuilt/linux-x86_64/bin/aarch64-linux-android26-clang /tmp/tmp.UgJ7zjghg8/glib/_build-arm64-v8a/meson-private/tmpcffh4gi1/testfile.c -o /tmp/tmp.UgJ7zjghg8/glib/_build-arm64-v8a/meson-private/tmpcffh4gi1/output.obj -c -D_FILE_OFFSET_BITS=64 -O0 -U_FORTIFY_SOURCE -Werror=implicit-function-declaration -Werror=unknown-warning-option -Werror=unused-command-line-argument -Werror=ignored-optimization-argument -std=c17` -> 0
Compiler for C supports arguments -std=c17: YES 
Running compile:
Working directory:  /tmp/tmp.UgJ7zjghg8/glib/_build-arm64-v8a/meson-private/tmpw0971i8r
Code:
extern int i;
int i;

-----------
Command line: `/usr/local/lib/android/sdk/ndk/29.0.14206865/toolchains/llvm/prebuilt/linux-x86_64/bin/aarch64-linux-android26-clang /tmp/tmp.UgJ7zjghg8/glib/_build-arm64-v8a/meson-private/tmpw0971i8r/testfile.c -o /tmp/tmp.UgJ7zjghg8/glib/_build-arm64-v8a/meson-private/tmpw0971i8r/output.obj -c -D_FILE_OFFSET_BITS=64 -O0 -U_FORTIFY_SOURCE -Werror=implicit-function-declaration -Werror=unknown-warning-option -Werror=unused-command-line-argument -Werror=ignored-optimization-argument -std=c23` -> 0
Compiler for C supports arguments -std=c23: YES 
-----------
Detecting compiler via: `/usr/local/lib/android/sdk/ndk/29.0.14206865/toolchains/llvm/prebuilt/linux-x86_64/bin/aarch64-linux-android26-clang++ --version` -> 0
stdout:
Android (13989888, +pgo, +bolt, +lto, +mlgo, based on r563880c) clang version 21.0.0 (https://android.googlesource.com/toolchain/llvm-project 5e96669f06077099aa41290cdb4c5e6fa0f59349)
Target: aarch64-unknown-linux-android26
Thread model: posix
InstalledDir: /usr/local/lib/android/sdk/ndk/29.0.14206865/toolchains/llvm/prebuilt/linux-x86_64/bin
-----------
Running command: -x c++ -E -dM -
-----
-----------
Detecting linker via: `/usr/local/lib/android/sdk/ndk/29.0.14206865/toolchains/llvm/prebuilt/linux-x86_64/bin/aarch64-linux-android26-clang++ -Wl,--version` -> 0
stdout:
LLD 21.0.0 (/mnt/disks/build-disk/src/googleplex-android/llvm-r563880-release/out/llvm-project/llvm 5e96669f06077099aa41290cdb4c5e6fa0f59349) (compatible with GNU linkers)
-----------
-----------
Detecting LLD linker via: `/usr/local/lib/android/sdk/ndk/29.0.14206865/toolchains/llvm/prebuilt/linux-x86_64/bin/aarch64-linux-android26-clang++ -Wl,-v` -> 1
stdout:
LLD 21.0.0 (/mnt/disks/build-disk/src/googleplex-android/llvm-r563880-release/out/llvm-project/llvm 5e96669f06077099aa41290cdb4c5e6fa0f59349) (compatible with GNU linkers)
-----------
stderr:
ld.lld: error: undefined symbol: main
>>> referenced by crtbegin.c
>>>               /usr/local/lib/android/sdk/ndk/29.0.14206865/toolchains/llvm/prebuilt/linux-x86_64/bin/../sysroot/usr/lib/aarch64-linux-android/26/crtbegin_dynamic.o:(_start_main)
>>> referenced by crtbegin.c
>>>               /usr/local/lib/android/sdk/ndk/29.0.14206865/toolchains/llvm/prebuilt/linux-x86_64/bin/../sysroot/usr/lib/aarch64-linux-android/26/crtbegin_dynamic.o:(_start_main)
clang++: error: linker command failed with exit code 1 (use -v to see invocation)
-----------
Sanity check compiler command line: /usr/local/lib/android/sdk/ndk/29.0.14206865/toolchains/llvm/prebuilt/linux-x86_64/bin/aarch64-linux-android26-clang++ -D_FILE_OFFSET_BITS=64 -o sanity_check_for_cpp_cross.exe sanity_check_for_cpp.cpp -D_FILE_OFFSET_BITS=64 -c
Sanity check compile stdout:

-----
Sanity check compile stderr:

-----
Cannot run cross check
C++ compiler for the host machine: /usr/local/lib/android/sdk/ndk/29.0.14206865/toolchains/llvm/prebuilt/linux-x86_64/bin/aarch64-linux-android26-clang++ (clang 21.0.0 "Android (13989888, +pgo, +bolt, +lto, +mlgo, based on r563880c) clang version 21.0.0 (https://android.googlesource.com/toolchain/llvm-project 5e96669f06077099aa41290cdb4c5e6fa0f59349)")
C++ linker for the host machine: /usr/local/lib/android/sdk/ndk/29.0.14206865/toolchains/llvm/prebuilt/linux-x86_64/bin/aarch64-linux-android26-clang++ ld.lld 21.0.0
Running compile:
Working directory:  /tmp/tmp.UgJ7zjghg8/glib/_build-arm64-v8a/meson-private/tmpibpq8rq0
Code:
extern int i;
int i;

-----------
Command line: `/usr/local/lib/android/sdk/ndk/29.0.14206865/toolchains/llvm/prebuilt/linux-x86_64/bin/aarch64-linux-android26-clang++ /tmp/tmp.UgJ7zjghg8/glib/_build-arm64-v8a/meson-private/tmpibpq8rq0/testfile.cpp -o /tmp/tmp.UgJ7zjghg8/glib/_build-arm64-v8a/meson-private/tmpibpq8rq0/output.obj -c -D_FILE_OFFSET_BITS=64 -O0 -U_FORTIFY_SOURCE -fpermissive -Werror=implicit-function-declaration -Werror=unknown-warning-option -Werror=unused-command-line-argument -Werror=ignored-optimization-argument -std=c++98` -> 0
Compiler for C++ supports arguments -std=c++98: YES 
Running compile:
Working directory:  /tmp/tmp.UgJ7zjghg8/glib/_build-arm64-v8a/meson-private/tmpgfrgowl7
Code:
extern int i;
int i;

-----------
Command line: `/usr/local/lib/android/sdk/ndk/29.0.14206865/toolchains/llvm/prebuilt/linux-x86_64/bin/aarch64-linux-android26-clang++ /tmp/tmp.UgJ7zjghg8/glib/_build-arm64-v8a/meson-private/tmpgfrgowl7/testfile.cpp -o /tmp/tmp.UgJ7zjghg8/glib/_build-arm64-v8a/meson-private/tmpgfrgowl7/output.obj -c -D_FILE_OFFSET_BITS=64 -O0 -U_FORTIFY_SOURCE -fpermissive -Werror=implicit-function-declaration -Werror=unknown-warning-option -Werror=unused-command-line-argument -Werror=ignored-optimization-argument -std=c++03` -> 0
Compiler for C++ supports arguments -std=c++03: YES 
Running compile:
Working directory:  /tmp/tmp.UgJ7zjghg8/glib/_build-arm64-v8a/meson-private/tmpe_gij7z_
Code:
extern int i;
int i;

-----------
Command line: `/usr/local/lib/android/sdk/ndk/29.0.14206865/toolchains/llvm/prebuilt/linux-x86_64/bin/aarch64-linux-android26-clang++ /tmp/tmp.UgJ7zjghg8/glib/_build-arm64-v8a/meson-private/tmpe_gij7z_/testfile.cpp -o /tmp/tmp.UgJ7zjghg8/glib/_build-arm64-v8a/meson-private/tmpe_gij7z_/output.obj -c -D_FILE_OFFSET_BITS=64 -O0 -U_FORTIFY_SOURCE -fpermissive -Werror=implicit-function-declaration -Werror=unknown-warning-option -Werror=unused-command-line-argument -Werror=ignored-optimization-argument -std=c++11` -> 0
Compiler for C++ supports arguments -std=c++11: YES 
Running compile:
Working directory:  /tmp/tmp.UgJ7zjghg8/glib/_build-arm64-v8a/meson-private/tmpf48_71r4
Code:
extern int i;
int i;

-----------
Command line: `/usr/local/lib/android/sdk/ndk/29.0.14206865/toolchains/llvm/prebuilt/linux-x86_64/bin/aarch64-linux-android26-clang++ /tmp/tmp.UgJ7zjghg8/glib/_build-arm64-v8a/meson-private/tmpf48_71r4/testfile.cpp -o /tmp/tmp.UgJ7zjghg8/glib/_build-arm64-v8a/meson-private/tmpf48_71r4/output.obj -c -D_FILE_OFFSET_BITS=64 -O0 -U_FORTIFY_SOURCE -fpermissive -Werror=implicit-function-declaration -Werror=unknown-warning-option -Werror=unused-command-line-argument -Werror=ignored-optimization-argument -std=c++14` -> 0
Compiler for C++ supports arguments -std=c++14: YES 
Running compile:
Working directory:  /tmp/tmp.UgJ7zjghg8/glib/_build-arm64-v8a/meson-private/tmp9hkyyc9b
Code:
extern int i;
int i;

-----------
Command line: `/usr/local/lib/android/sdk/ndk/29.0.14206865/toolchains/llvm/prebuilt/linux-x86_64/bin/aarch64-linux-android26-clang++ /tmp/tmp.UgJ7zjghg8/glib/_build-arm64-v8a/meson-private/tmp9hkyyc9b/testfile.cpp -o /tmp/tmp.UgJ7zjghg8/glib/_build-arm64-v8a/meson-private/tmp9hkyyc9b/output.obj -c -D_FILE_OFFSET_BITS=64 -O0 -U_FORTIFY_SOURCE -fpermissive -Werror=implicit-function-declaration -Werror=unknown-warning-option -Werror=unused-command-line-argument -Werror=ignored-optimization-argument -std=c++17` -> 0
Compiler for C++ supports arguments -std=c++17: YES 
Running compile:
Working directory:  /tmp/tmp.UgJ7zjghg8/glib/_build-arm64-v8a/meson-private/tmpqcw331tl
Code:
extern int i;
int i;

-----------
Command line: `/usr/local/lib/android/sdk/ndk/29.0.14206865/toolchains/llvm/prebuilt/linux-x86_64/bin/aarch64-linux-android26-clang++ /tmp/tmp.UgJ7zjghg8/glib/_build-arm64-v8a/meson-private/tmpqcw331tl/testfile.cpp -o /tmp/tmp.UgJ7zjghg8/glib/_build-arm64-v8a/meson-private/tmpqcw331tl/output.obj -c -D_FILE_OFFSET_BITS=64 -O0 -U_FORTIFY_SOURCE -fpermissive -Werror=implicit-function-declaration -Werror=unknown-warning-option -Werror=unused-command-line-argument -Werror=ignored-optimization-argument -std=c++20` -> 0
Compiler for C++ supports arguments -std=c++20: YES 
Running compile:
Working directory:  /tmp/tmp.UgJ7zjghg8/glib/_build-arm64-v8a/meson-private/tmp8jvo8fhg
Code:
extern int i;
int i;

-----------
Command line: `/usr/local/lib/android/sdk/ndk/29.0.14206865/toolchains/llvm/prebuilt/linux-x86_64/bin/aarch64-linux-android26-clang++ /tmp/tmp.UgJ7zjghg8/glib/_build-arm64-v8a/meson-private/tmp8jvo8fhg/testfile.cpp -o /tmp/tmp.UgJ7zjghg8/glib/_build-arm64-v8a/meson-private/tmp8jvo8fhg/output.obj -c -D_FILE_OFFSET_BITS=64 -O0 -U_FORTIFY_SOURCE -fpermissive -Werror=implicit-function-declaration -Werror=unknown-warning-option -Werror=unused-command-line-argument -Werror=ignored-optimization-argument -std=c++23` -> 0
Compiler for C++ supports arguments -std=c++23: YES 
Running compile:
Working directory:  /tmp/tmp.UgJ7zjghg8/glib/_build-arm64-v8a/meson-private/tmpgom3pkdj
Code:
extern int i;
int i;

-----------
Command line: `/usr/local/lib/android/sdk/ndk/29.0.14206865/toolchains/llvm/prebuilt/linux-x86_64/bin/aarch64-linux-android26-clang++ /tmp/tmp.UgJ7zjghg8/glib/_build-arm64-v8a/meson-private/tmpgom3pkdj/testfile.cpp -o /tmp/tmp.UgJ7zjghg8/glib/_build-arm64-v8a/meson-private/tmpgom3pkdj/output.obj -c -D_FILE_OFFSET_BITS=64 -O0 -U_FORTIFY_SOURCE -fpermissive -Werror=implicit-function-declaration -Werror=unknown-warning-option -Werror=unused-command-line-argument -Werror=ignored-optimization-argument -std=c++2c` -> 0
Compiler for C++ supports arguments -std=c++2c: YES 
Running compile:
Working directory:  /tmp/tmp.UgJ7zjghg8/glib/_build-arm64-v8a/meson-private/tmpo0wibapr
Code:
extern int i;
int i;

-----------
Command line: `/usr/local/lib/android/sdk/ndk/29.0.14206865/toolchains/llvm/prebuilt/linux-x86_64/bin/aarch64-linux-android26-clang++ /tmp/tmp.UgJ7zjghg8/glib/_build-arm64-v8a/meson-private/tmpo0wibapr/testfile.cpp -o /tmp/tmp.UgJ7zjghg8/glib/_build-arm64-v8a/meson-private/tmpo0wibapr/output.obj -c -D_FILE_OFFSET_BITS=64 -O0 -U_FORTIFY_SOURCE -fpermissive -Werror=implicit-function-declaration -Werror=unknown-warning-option -Werror=unused-command-line-argument -Werror=ignored-optimization-argument -std=c++latest` -> 1
stderr:
error: invalid value 'c++latest' in '-std=c++latest'
note: use 'c++98' or 'c++03' for 'ISO C++ 1998 with amendments' standard
note: use 'gnu++98' or 'gnu++03' for 'ISO C++ 1998 with amendments and GNU extensions' standard
note: use 'c++11' for 'ISO C++ 2011 with amendments' standard
note: use 'gnu++11' for 'ISO C++ 2011 with amendments and GNU extensions' standard
note: use 'c++14' for 'ISO C++ 2014 with amendments' standard
note: use 'gnu++14' for 'ISO C++ 2014 with amendments and GNU extensions' standard
note: use 'c++17' for 'ISO C++ 2017 with amendments' standard
note: use 'gnu++17' for 'ISO C++ 2017 with amendments and GNU extensions' standard
note: use 'c++20' for 'ISO C++ 2020 DIS' standard
note: use 'gnu++20' for 'ISO C++ 2020 DIS with GNU extensions' standard
note: use 'c++23' for 'ISO C++ 2023 DIS' standard
note: use 'gnu++23' for 'ISO C++ 2023 DIS with GNU extensions' standard
note: use 'c++2c' or 'c++26' for 'Working draft for C++2c' standard
note: use 'gnu++2c' or 'gnu++26' for 'Working draft for C++2c with GNU extensions' standard
-----------
Compiler for C++ supports arguments -std=c++latest: NO 
Program ./.gitlab-ci/thorough-test-wrapper.sh found: YES (/bin/bash /tmp/tmp.UgJ7zjghg8/glib/./.gitlab-ci/thorough-test-wrapper.sh)
Program valgrind found: NO
Running compile:
Working directory:  /tmp/tmp.UgJ7zjghg8/glib/_build-arm64-v8a/meson-private/tmpjezqdf0j
Code:
extern int i;
int i;

-----------
Command line: `/usr/local/lib/android/sdk/ndk/29.0.14206865/toolchains/llvm/prebuilt/linux-x86_64/bin/aarch64-linux-android26-clang /tmp/tmp.UgJ7zjghg8/glib/_build-arm64-v8a/meson-private/tmpjezqdf0j/testfile.c -o /tmp/tmp.UgJ7zjghg8/glib/_build-arm64-v8a/meson-private/tmpjezqdf0j/output.obj -c -D_FILE_OFFSET_BITS=64 -O0 -U_FORTIFY_SOURCE -Werror=implicit-function-declaration -Werror=unknown-warning-option -Werror=unused-command-line-argument -Werror=ignored-optimization-argument -fno-strict-aliasing` -> 0
Compiler for C supports arguments -fno-strict-aliasing: YES 
Message: Enabling various debug infrastructure
Running compile:
Working directory:  /tmp/tmp.UgJ7zjghg8/glib/_build-arm64-v8a/meson-private/tmpsbmrznxt
Code:

        #ifdef __has_include
         #if !__has_include("alloca.h")
          #error "Header 'alloca.h' could not be found"
         #endif
        #else
         #include <alloca.h>
        #endif
-----------
Command line: `/usr/local/lib/android/sdk/ndk/29.0.14206865/toolchains/llvm/prebuilt/linux-x86_64/bin/aarch64-linux-android26-clang /tmp/tmp.UgJ7zjghg8/glib/_build-arm64-v8a/meson-private/tmpsbmrznxt/testfile.c -E -P -D_FILE_OFFSET_BITS=64 -P -O0 -U_FORTIFY_SOURCE -Werror=implicit-function-declaration -std=gnu11` -> 0
Has header "alloca.h" : YES 
Running compile:
Working directory:  /tmp/tmp.UgJ7zjghg8/glib/_build-arm64-v8a/meson-private/tmpju6c2bjw
Code:

        #ifdef __has_include
         #if !__has_include("afunix.h")
          #error "Header 'afunix.h' could not be found"
         #endif
        #else
         #include <afunix.h>
        #endif
-----------
Command line: `/usr/local/lib/android/sdk/ndk/29.0.14206865/toolchains/llvm/prebuilt/linux-x86_64/bin/aarch64-linux-android26-clang /tmp/tmp.UgJ7zjghg8/glib/_build-arm64-v8a/meson-private/tmpju6c2bjw/testfile.c -E -P -D_FILE_OFFSET_BITS=64 -P -O0 -U_FORTIFY_SOURCE -Werror=implicit-function-declaration -std=gnu11` -> 1
stderr:
/tmp/tmp.UgJ7zjghg8/glib/_build-arm64-v8a/meson-private/tmpju6c2bjw/testfile.c:4:12: error: "Header 'afunix.h' could not be found"
    4 |           #error "Header 'afunix.h' could not be found"
      |            ^
1 error generated.
-----------
Has header "afunix.h" : NO 
Running compile:
Working directory:  /tmp/tmp.UgJ7zjghg8/glib/_build-arm64-v8a/meson-private/tmpue9tg8if
Code:

        #ifdef __has_include
         #if !__has_include("crt_externs.h")
          #error "Header 'crt_externs.h' could not be found"
         #endif
        #else
         #include <crt_externs.h>
        #endif
-----------
Command line: `/usr/local/lib/android/sdk/ndk/29.0.14206865/toolchains/llvm/prebuilt/linux-x86_64/bin/aarch64-linux-android26-clang /tmp/tmp.UgJ7zjghg8/glib/_build-arm64-v8a/meson-private/tmpue9tg8if/testfile.c -E -P -D_FILE_OFFSET_BITS=64 -P -O0 -U_FORTIFY_SOURCE -Werror=implicit-function-declaration -std=gnu11` -> 1
stderr:
/tmp/tmp.UgJ7zjghg8/glib/_build-arm64-v8a/meson-private/tmpue9tg8if/testfile.c:4:12: error: "Header 'crt_externs.h' could not be found"
    4 |           #error "Header 'crt_externs.h' could not be found"
      |            ^
1 error generated.
-----------
Has header "crt_externs.h" : NO 
Running compile:
Working directory:  /tmp/tmp.UgJ7zjghg8/glib/_build-arm64-v8a/meson-private/tmp44si_3eq
Code:

        #ifdef __has_include
         #if !__has_include("dirent.h")
          #error "Header 'dirent.h' could not be found"
         #endif
        #else
         #include <dirent.h>
        #endif
-----------
Command line: `/usr/local/lib/android/sdk/ndk/29.0.14206865/toolchains/llvm/prebuilt/linux-x86_64/bin/aarch64-linux-android26-clang /tmp/tmp.UgJ7zjghg8/glib/_build-arm64-v8a/meson-private/tmp44si_3eq/testfile.c -E -P -D_FILE_OFFSET_BITS=64 -P -O0 -U_FORTIFY_SOURCE -Werror=implicit-function-declaration -std=gnu11` -> 0
Has header "dirent.h" : YES 
Running compile:
Working directory:  /tmp/tmp.UgJ7zjghg8/glib/_build-arm64-v8a/meson-private/tmpxvb35eu0
Code:

        #ifdef __has_include
         #if !__has_include("float.h")
          #error "Header 'float.h' could not be found"
         #endif
        #else
         #include <float.h>
        #endif
-----------
Command line: `/usr/local/lib/android/sdk/ndk/29.0.14206865/toolchains/llvm/prebuilt/linux-x86_64/bin/aarch64-linux-android26-clang /tmp/tmp.UgJ7zjghg8/glib/_build-arm64-v8a/meson-private/tmpxvb35eu0/testfile.c -E -P -D_FILE_OFFSET_BITS=64 -P -O0 -U_FORTIFY_SOURCE -Werror=implicit-function-declaration -std=gnu11` -> 0
Has header "float.h" : YES 
Running compile:
Working directory:  /tmp/tmp.UgJ7zjghg8/glib/_build-arm64-v8a/meson-private/tmpj_j4ff5w
Code:

        #ifdef __has_include
         #if !__has_include("fstab.h")
          #error "Header 'fstab.h' could not be found"
         #endif
        #else
         #include <fstab.h>
        #endif
-----------
Command line: `/usr/local/lib/android/sdk/ndk/29.0.14206865/toolchains/llvm/prebuilt/linux-x86_64/bin/aarch64-linux-android26-clang /tmp/tmp.UgJ7zjghg8/glib/_build-arm64-v8a/meson-private/tmpj_j4ff5w/testfile.c -E -P -D_FILE_OFFSET_BITS=64 -P -O0 -U_FORTIFY_SOURCE -Werror=implicit-function-declaration -std=gnu11` -> 1
stderr:
/tmp/tmp.UgJ7zjghg8/glib/_build-arm64-v8a/meson-private/tmpj_j4ff5w/testfile.c:4:12: error: "Header 'fstab.h' could not be found"
    4 |           #error "Header 'fstab.h' could not be found"
      |            ^
1 error generated.
-----------
Has header "fstab.h" : NO 
Running compile:
Working directory:  /tmp/tmp.UgJ7zjghg8/glib/_build-arm64-v8a/meson-private/tmp38w6hpr3
Code:

        #ifdef __has_include
         #if !__has_include("ftw.h")
          #error "Header 'ftw.h' could not be found"
         #endif
        #else
         #include <ftw.h>
        #endif
-----------
Command line: `/usr/local/lib/android/sdk/ndk/29.0.14206865/toolchains/llvm/prebuilt/linux-x86_64/bin/aarch64-linux-android26-clang /tmp/tmp.UgJ7zjghg8/glib/_build-arm64-v8a/meson-private/tmp38w6hpr3/testfile.c -E -P -D_FILE_OFFSET_BITS=64 -P -O0 -U_FORTIFY_SOURCE -Werror=implicit-function-declaration -std=gnu11` -> 0
Has header "ftw.h" : YES 
Running compile:
Working directory:  /tmp/tmp.UgJ7zjghg8/glib/_build-arm64-v8a/meson-private/tmpcpglvp84
Code:

        #ifdef __has_include
         #if !__has_include("grp.h")
          #error "Header 'grp.h' could not be found"
         #endif
        #else
         #include <grp.h>
        #endif
-----------
Command line: `/usr/local/lib/android/sdk/ndk/29.0.14206865/toolchains/llvm/prebuilt/linux-x86_64/bin/aarch64-linux-android26-clang /tmp/tmp.UgJ7zjghg8/glib/_build-arm64-v8a/meson-private/tmpcpglvp84/testfile.c -E -P -D_FILE_OFFSET_BITS=64 -P -O0 -U_FORTIFY_SOURCE -Werror=implicit-function-declaration -std=gnu11` -> 0
Has header "grp.h" : YES 
Running compile:
Working directory:  /tmp/tmp.UgJ7zjghg8/glib/_build-arm64-v8a/meson-private/tmpme3nwbrs
Code:

        #ifdef __has_include
         #if !__has_include("intsafe.h")
          #error "Header 'intsafe.h' could not be found"
         #endif
        #else
         #include <intsafe.h>
        #endif
-----------
Command line: `/usr/local/lib/android/sdk/ndk/29.0.14206865/toolchains/llvm/prebuilt/linux-x86_64/bin/aarch64-linux-android26-clang /tmp/tmp.UgJ7zjghg8/glib/_build-arm64-v8a/meson-private/tmpme3nwbrs/testfile.c -E -P -D_FILE_OFFSET_BITS=64 -P -O0 -U_FORTIFY_SOURCE -Werror=implicit-function-declaration -std=gnu11` -> 1
stderr:
/tmp/tmp.UgJ7zjghg8/glib/_build-arm64-v8a/meson-private/tmpme3nwbrs/testfile.c:4:12: error: "Header 'intsafe.h' could not be found"
    4 |           #error "Header 'intsafe.h' could not be found"
      |            ^
1 error generated.
-----------
Has header "intsafe.h" : NO 
Running compile:
Working directory:  /tmp/tmp.UgJ7zjghg8/glib/_build-arm64-v8a/meson-private/tmp6kpztbjv
Code:

        #ifdef __has_include
         #if !__has_include("inttypes.h")
          #error "Header 'inttypes.h' could not be found"
         #endif
        #else
         #include <inttypes.h>
        #endif
-----------
Command line: `/usr/local/lib/android/sdk/ndk/29.0.14206865/toolchains/llvm/prebuilt/linux-x86_64/bin/aarch64-linux-android26-clang /tmp/tmp.UgJ7zjghg8/glib/_build-arm64-v8a/meson-private/tmp6kpztbjv/testfile.c -E -P -D_FILE_OFFSET_BITS=64 -P -O0 -U_FORTIFY_SOURCE -Werror=implicit-function-declaration -std=gnu11` -> 0
Has header "inttypes.h" : YES 
Running compile:
Working directory:  /tmp/tmp.UgJ7zjghg8/glib/_build-arm64-v8a/meson-private/tmp1yfdfbly
Code:

        #ifdef __has_include
         #if !__has_include("libproc.h")
          #error "Header 'libproc.h' could not be found"
         #endif
        #else
         #include <libproc.h>
        #endif
-----------
Command line: `/usr/local/lib/android/sdk/ndk/29.0.14206865/toolchains/llvm/prebuilt/linux-x86_64/bin/aarch64-linux-android26-clang /tmp/tmp.UgJ7zjghg8/glib/_build-arm64-v8a/meson-private/tmp1yfdfbly/testfile.c -E -P -D_FILE_OFFSET_BITS=64 -P -O0 -U_FORTIFY_SOURCE -Werror=implicit-function-declaration -std=gnu11` -> 1
stderr:
/tmp/tmp.UgJ7zjghg8/glib/_build-arm64-v8a/meson-private/tmp1yfdfbly/testfile.c:4:12: error: "Header 'libproc.h' could not be found"
    4 |           #error "Header 'libproc.h' could not be found"
      |            ^
1 error generated.
-----------
Has header "libproc.h" : NO 
Running compile:
Working directory:  /tmp/tmp.UgJ7zjghg8/glib/_build-arm64-v8a/meson-private/tmpqhyt0ypo
Code:

        #ifdef __has_include
         #if !__has_include("limits.h")
          #error "Header 'limits.h' could not be found"
         #endif
        #else
         #include <limits.h>
        #endif
-----------
Command line: `/usr/local/lib/android/sdk/ndk/29.0.14206865/toolchains/llvm/prebuilt/linux-x86_64/bin/aarch64-linux-android26-clang /tmp/tmp.UgJ7zjghg8/glib/_build-arm64-v8a/meson-private/tmpqhyt0ypo/testfile.c -E -P -D_FILE_OFFSET_BITS=64 -P -O0 -U_FORTIFY_SOURCE -Werror=implicit-function-declaration -std=gnu11` -> 0
Has header "limits.h" : YES 
Running compile:
Working directory:  /tmp/tmp.UgJ7zjghg8/glib/_build-arm64-v8a/meson-private/tmpewrl85w3
Code:

        #ifdef __has_include
         #if !__has_include("linux/netlink.h")
          #error "Header 'linux/netlink.h' could not be found"
         #endif
        #else
         #include <linux/netlink.h>
        #endif
-----------
Command line: `/usr/local/lib/android/sdk/ndk/29.0.14206865/toolchains/llvm/prebuilt/linux-x86_64/bin/aarch64-linux-android26-clang /tmp/tmp.UgJ7zjghg8/glib/_build-arm64-v8a/meson-private/tmpewrl85w3/testfile.c -E -P -D_FILE_OFFSET_BITS=64 -P -O0 -U_FORTIFY_SOURCE -Werror=implicit-function-declaration -std=gnu11` -> 0
Has header "linux/netlink.h" : YES 
Running compile:
Working directory:  /tmp/tmp.UgJ7zjghg8/glib/_build-arm64-v8a/meson-private/tmpqej4qjuw
Code:

        #ifdef __has_include
         #if !__has_include("locale.h")
          #error "Header 'locale.h' could not be found"
         #endif
        #else
         #include <locale.h>
        #endif
-----------
Command line: `/usr/local/lib/android/sdk/ndk/29.0.14206865/toolchains/llvm/prebuilt/linux-x86_64/bin/aarch64-linux-android26-clang /tmp/tmp.UgJ7zjghg8/glib/_build-arm64-v8a/meson-private/tmpqej4qjuw/testfile.c -E -P -D_FILE_OFFSET_BITS=64 -P -O0 -U_FORTIFY_SOURCE -Werror=implicit-function-declaration -std=gnu11` -> 0
Has header "locale.h" : YES 
Running compile:
Working directory:  /tmp/tmp.UgJ7zjghg8/glib/_build-arm64-v8a/meson-private/tmpvbk2576n
Code:

        #ifdef __has_include
         #if !__has_include("mach/mach_time.h")
          #error "Header 'mach/mach_time.h' could not be found"
         #endif
        #else
         #include <mach/mach_time.h>
        #endif
-----------
Command line: `/usr/local/lib/android/sdk/ndk/29.0.14206865/toolchains/llvm/prebuilt/linux-x86_64/bin/aarch64-linux-android26-clang /tmp/tmp.UgJ7zjghg8/glib/_build-arm64-v8a/meson-private/tmpvbk2576n/testfile.c -E -P -D_FILE_OFFSET_BITS=64 -P -O0 -U_FORTIFY_SOURCE -Werror=implicit-function-declaration -std=gnu11` -> 1
stderr:
/tmp/tmp.UgJ7zjghg8/glib/_build-arm64-v8a/meson-private/tmpvbk2576n/testfile.c:4:12: error: "Header 'mach/mach_time.h' could not be found"
    4 |           #error "Header 'mach/mach_time.h' could not be found"
      |            ^
1 error generated.
-----------
Has header "mach/mach_time.h" : NO 
Running compile:
Working directory:  /tmp/tmp.UgJ7zjghg8/glib/_build-arm64-v8a/meson-private/tmplewf7usn
Code:

        #ifdef __has_include
         #if !__has_include("memory.h")
          #error "Header 'memory.h' could not be found"
         #endif
        #else
         #include <memory.h>
        #endif
-----------
Command line: `/usr/local/lib/android/sdk/ndk/29.0.14206865/toolchains/llvm/prebuilt/linux-x86_64/bin/aarch64-linux-android26-clang /tmp/tmp.UgJ7zjghg8/glib/_build-arm64-v8a/meson-private/tmplewf7usn/testfile.c -E -P -D_FILE_OFFSET_BITS=64 -P -O0 -U_FORTIFY_SOURCE -Werror=implicit-function-declaration -std=gnu11` -> 0
Has header "memory.h" : YES 
Running compile:
Working directory:  /tmp/tmp.UgJ7zjghg8/glib/_build-arm64-v8a/meson-private/tmp3mumopwt
Code:

        #ifdef __has_include
         #if !__has_include("mntent.h")
          #error "Header 'mntent.h' could not be found"
         #endif
        #else
         #include <mntent.h>
        #endif
-----------
Command line: `/usr/local/lib/android/sdk/ndk/29.0.14206865/toolchains/llvm/prebuilt/linux-x86_64/bin/aarch64-linux-android26-clang /tmp/tmp.UgJ7zjghg8/glib/_build-arm64-v8a/meson-private/tmp3mumopwt/testfile.c -E -P -D_FILE_OFFSET_BITS=64 -P -O0 -U_FORTIFY_SOURCE -Werror=implicit-function-declaration -std=gnu11` -> 0
Has header "mntent.h" : YES 
Running compile:
Working directory:  /tmp/tmp.UgJ7zjghg8/glib/_build-arm64-v8a/meson-private/tmp148sodij
Code:

        #ifdef __has_include
         #if !__has_include("netlink/netlink.h")
          #error "Header 'netlink/netlink.h' could not be found"
         #endif
        #else
         #include <netlink/netlink.h>
        #endif
-----------
Command line: `/usr/local/lib/android/sdk/ndk/29.0.14206865/toolchains/llvm/prebuilt/linux-x86_64/bin/aarch64-linux-android26-clang /tmp/tmp.UgJ7zjghg8/glib/_build-arm64-v8a/meson-private/tmp148sodij/testfile.c -E -P -D_FILE_OFFSET_BITS=64 -P -O0 -U_FORTIFY_SOURCE -Werror=implicit-function-declaration -std=gnu11` -> 1
stderr:
/tmp/tmp.UgJ7zjghg8/glib/_build-arm64-v8a/meson-private/tmp148sodij/testfile.c:4:12: error: "Header 'netlink/netlink.h' could not be found"
    4 |           #error "Header 'netlink/netlink.h' could not be found"
      |            ^
1 error generated.
-----------
Has header "netlink/netlink.h" : NO 
Running compile:
Working directory:  /tmp/tmp.UgJ7zjghg8/glib/_build-arm64-v8a/meson-private/tmpc63d8iy8
Code:

        #ifdef __has_include
         #if !__has_include("netlink/netlink_route.h")
          #error "Header 'netlink/netlink_route.h' could not be found"
         #endif
        #else
         #include <netlink/netlink_route.h>
        #endif
-----------
Command line: `/usr/local/lib/android/sdk/ndk/29.0.14206865/toolchains/llvm/prebuilt/linux-x86_64/bin/aarch64-linux-android26-clang /tmp/tmp.UgJ7zjghg8/glib/_build-arm64-v8a/meson-private/tmpc63d8iy8/testfile.c -E -P -D_FILE_OFFSET_BITS=64 -P -O0 -U_FORTIFY_SOURCE -Werror=implicit-function-declaration -std=gnu11` -> 1
stderr:
/tmp/tmp.UgJ7zjghg8/glib/_build-arm64-v8a/meson-private/tmpc63d8iy8/testfile.c:4:12: error: "Header 'netlink/netlink_route.h' could not be found"
    4 |           #error "Header 'netlink/netlink_route.h' could not be found"
      |            ^
1 error generated.
-----------
Has header "netlink/netlink_route.h" : NO 
Running compile:
Working directory:  /tmp/tmp.UgJ7zjghg8/glib/_build-arm64-v8a/meson-private/tmpt04ofcwp
Code:

        #ifdef __has_include
         #if !__has_include("poll.h")
          #error "Header 'poll.h' could not be found"
         #endif
        #else
         #include <poll.h>
        #endif
-----------
Command line: `/usr/local/lib/android/sdk/ndk/29.0.14206865/toolchains/llvm/prebuilt/linux-x86_64/bin/aarch64-linux-android26-clang /tmp/tmp.UgJ7zjghg8/glib/_build-arm64-v8a/meson-private/tmpt04ofcwp/testfile.c -E -P -D_FILE_OFFSET_BITS=64 -P -O0 -U_FORTIFY_SOURCE -Werror=implicit-function-declaration -std=gnu11` -> 0
Has header "poll.h" : YES 
Running compile:
Working directory:  /tmp/tmp.UgJ7zjghg8/glib/_build-arm64-v8a/meson-private/tmpf_ybk4nk
Code:

        #ifdef __has_include
         #if !__has_include("pwd.h")
          #error "Header 'pwd.h' could not be found"
         #endif
        #else
         #include <pwd.h>
        #endif
-----------
Command line: `/usr/local/lib/android/sdk/ndk/29.0.14206865/toolchains/llvm/prebuilt/linux-x86_64/bin/aarch64-linux-android26-clang /tmp/tmp.UgJ7zjghg8/glib/_build-arm64-v8a/meson-private/tmpf_ybk4nk/testfile.c -E -P -D_FILE_OFFSET_BITS=64 -P -O0 -U_FORTIFY_SOURCE -Werror=implicit-function-declaration -std=gnu11` -> 0
Has header "pwd.h" : YES 
Running compile:
Working directory:  /tmp/tmp.UgJ7zjghg8/glib/_build-arm64-v8a/meson-private/tmpr4rfyjug
Code:

        #ifdef __has_include
         #if !__has_include("sched.h")
          #error "Header 'sched.h' could not be found"
         #endif
        #else
         #include <sched.h>
        #endif
-----------
Command line: `/usr/local/lib/android/sdk/ndk/29.0.14206865/toolchains/llvm/prebuilt/linux-x86_64/bin/aarch64-linux-android26-clang /tmp/tmp.UgJ7zjghg8/glib/_build-arm64-v8a/meson-private/tmpr4rfyjug/testfile.c -E -P -D_FILE_OFFSET_BITS=64 -P -O0 -U_FORTIFY_SOURCE -Werror=implicit-function-declaration -std=gnu11` -> 0
Has header "sched.h" : YES 
Running compile:
Working directory:  /tmp/tmp.UgJ7zjghg8/glib/_build-arm64-v8a/meson-private/tmpq36ks9_b
Code:

        #ifdef __has_include
         #if !__has_include("spawn.h")
          #error "Header 'spawn.h' could not be found"
         #endif
        #else
         #include <spawn.h>
        #endif
-----------
Command line: `/usr/local/lib/android/sdk/ndk/29.0.14206865/toolchains/llvm/prebuilt/linux-x86_64/bin/aarch64-linux-android26-clang /tmp/tmp.UgJ7zjghg8/glib/_build-arm64-v8a/meson-private/tmpq36ks9_b/testfile.c -E -P -D_FILE_OFFSET_BITS=64 -P -O0 -U_FORTIFY_SOURCE -Werror=implicit-function-declaration -std=gnu11` -> 0
Has header "spawn.h" : YES 
Running compile:
Working directory:  /tmp/tmp.UgJ7zjghg8/glib/_build-arm64-v8a/meson-private/tmpiffk0szv
Code:

        #ifdef __has_include
         #if !__has_include("stdatomic.h")
          #error "Header 'stdatomic.h' could not be found"
         #endif
        #else
         #include <stdatomic.h>
        #endif
-----------
Command line: `/usr/local/lib/android/sdk/ndk/29.0.14206865/toolchains/llvm/prebuilt/linux-x86_64/bin/aarch64-linux-android26-clang /tmp/tmp.UgJ7zjghg8/glib/_build-arm64-v8a/meson-private/tmpiffk0szv/testfile.c -E -P -D_FILE_OFFSET_BITS=64 -P -O0 -U_FORTIFY_SOURCE -Werror=implicit-function-declaration -std=gnu11` -> 0
Has header "stdatomic.h" : YES 
Running compile:
Working directory:  /tmp/tmp.UgJ7zjghg8/glib/_build-arm64-v8a/meson-private/tmp5qbsvdq7
Code:

        #ifdef __has_include
         #if !__has_include("stdckdint.h")
          #error "Header 'stdckdint.h' could not be found"
         #endif
        #else
         #include <stdckdint.h>
        #endif
-----------
Command line: `/usr/local/lib/android/sdk/ndk/29.0.14206865/toolchains/llvm/prebuilt/linux-x86_64/bin/aarch64-linux-android26-clang /tmp/tmp.UgJ7zjghg8/glib/_build-arm64-v8a/meson-private/tmp5qbsvdq7/testfile.c -E -P -D_FILE_OFFSET_BITS=64 -P -O0 -U_FORTIFY_SOURCE -Werror=implicit-function-declaration -std=gnu11` -> 0
Has header "stdckdint.h" : YES 
Running compile:
Working directory:  /tmp/tmp.UgJ7zjghg8/glib/_build-arm64-v8a/meson-private/tmpyzneij0v
Code:

        #ifdef __has_include
         #if !__has_include("stdint.h")
          #error "Header 'stdint.h' could not be found"
         #endif
        #else
         #include <stdint.h>
        #endif
-----------
Command line: `/usr/local/lib/android/sdk/ndk/29.0.14206865/toolchains/llvm/prebuilt/linux-x86_64/bin/aarch64-linux-android26-clang /tmp/tmp.UgJ7zjghg8/glib/_build-arm64-v8a/meson-private/tmpyzneij0v/testfile.c -E -P -D_FILE_OFFSET_BITS=64 -P -O0 -U_FORTIFY_SOURCE -Werror=implicit-function-declaration -std=gnu11` -> 0
Has header "stdint.h" : YES 
Running compile:
Working directory:  /tmp/tmp.UgJ7zjghg8/glib/_build-arm64-v8a/meson-private/tmpz9rkp5at
Code:

        #ifdef __has_include
         #if !__has_include("stdlib.h")
          #error "Header 'stdlib.h' could not be found"
         #endif
        #else
         #include <stdlib.h>
        #endif
-----------
Command line: `/usr/local/lib/android/sdk/ndk/29.0.14206865/toolchains/llvm/prebuilt/linux-x86_64/bin/aarch64-linux-android26-clang /tmp/tmp.UgJ7zjghg8/glib/_build-arm64-v8a/meson-private/tmpz9rkp5at/testfile.c -E -P -D_FILE_OFFSET_BITS=64 -P -O0 -U_FORTIFY_SOURCE -Werror=implicit-function-declaration -std=gnu11` -> 0
Has header "stdlib.h" : YES 
Running compile:
Working directory:  /tmp/tmp.UgJ7zjghg8/glib/_build-arm64-v8a/meson-private/tmpntjxnpm6
Code:

        #ifdef __has_include
         #if !__has_include("string.h")
          #error "Header 'string.h' could not be found"
         #endif
        #else
         #include <string.h>
        #endif
-----------
Command line: `/usr/local/lib/android/sdk/ndk/29.0.14206865/toolchains/llvm/prebuilt/linux-x86_64/bin/aarch64-linux-android26-clang /tmp/tmp.UgJ7zjghg8/glib/_build-arm64-v8a/meson-private/tmpntjxnpm6/testfile.c -E -P -D_FILE_OFFSET_BITS=64 -P -O0 -U_FORTIFY_SOURCE -Werror=implicit-function-declaration -std=gnu11` -> 0
Has header "string.h" : YES 
Running compile:
Working directory:  /tmp/tmp.UgJ7zjghg8/glib/_build-arm64-v8a/meson-private/tmpq9qg5ygh
Code:

        #ifdef __has_include
         #if !__has_include("strings.h")
          #error "Header 'strings.h' could not be found"
         #endif
        #else
         #include <strings.h>
        #endif
-----------
Command line: `/usr/local/lib/android/sdk/ndk/29.0.14206865/toolchains/llvm/prebuilt/linux-x86_64/bin/aarch64-linux-android26-clang /tmp/tmp.UgJ7zjghg8/glib/_build-arm64-v8a/meson-private/tmpq9qg5ygh/testfile.c -E -P -D_FILE_OFFSET_BITS=64 -P -O0 -U_FORTIFY_SOURCE -Werror=implicit-function-declaration -std=gnu11` -> 0
Has header "strings.h" : YES 
Running compile:
Working directory:  /tmp/tmp.UgJ7zjghg8/glib/_build-arm64-v8a/meson-private/tmp7h3ya6bg
Code:

        #ifdef __has_include
         #if !__has_include("sys/auxv.h")
          #error "Header 'sys/auxv.h' could not be found"
         #endif
        #else
         #include <sys/auxv.h>
        #endif
-----------
Command line: `/usr/local/lib/android/sdk/ndk/29.0.14206865/toolchains/llvm/prebuilt/linux-x86_64/bin/aarch64-linux-android26-clang /tmp/tmp.UgJ7zjghg8/glib/_build-arm64-v8a/meson-private/tmp7h3ya6bg/testfile.c -E -P -D_FILE_OFFSET_BITS=64 -P -O0 -U_FORTIFY_SOURCE -Werror=implicit-function-declaration -std=gnu11` -> 0
Has header "sys/auxv.h" : YES 
Running compile:
Working directory:  /tmp/tmp.UgJ7zjghg8/glib/_build-arm64-v8a/meson-private/tmpv_glps3e
Code:

        #ifdef __has_include
         #if !__has_include("sys/event.h")
          #error "Header 'sys/event.h' could not be found"
         #endif
        #else
         #include <sys/event.h>
        #endif
-----------
Command line: `/usr/local/lib/android/sdk/ndk/29.0.14206865/toolchains/llvm/prebuilt/linux-x86_64/bin/aarch64-linux-android26-clang /tmp/tmp.UgJ7zjghg8/glib/_build-arm64-v8a/meson-private/tmpv_glps3e/testfile.c -E -P -D_FILE_OFFSET_BITS=64 -P -O0 -U_FORTIFY_SOURCE -Werror=implicit-function-declaration -std=gnu11` -> 1
stderr:
/tmp/tmp.UgJ7zjghg8/glib/_build-arm64-v8a/meson-private/tmpv_glps3e/testfile.c:4:12: error: "Header 'sys/event.h' could not be found"
    4 |           #error "Header 'sys/event.h' could not be found"
      |            ^
1 error generated.
-----------
Has header "sys/event.h" : NO 
Running compile:
Working directory:  /tmp/tmp.UgJ7zjghg8/glib/_build-arm64-v8a/meson-private/tmp6em8t7wh
Code:

        #ifdef __has_include
         #if !__has_include("sys/uio.h")
          #error "Header 'sys/uio.h' could not be found"
         #endif
        #else
         #include <sys/uio.h>
        #endif
-----------
Command line: `/usr/local/lib/android/sdk/ndk/29.0.14206865/toolchains/llvm/prebuilt/linux-x86_64/bin/aarch64-linux-android26-clang /tmp/tmp.UgJ7zjghg8/glib/_build-arm64-v8a/meson-private/tmp6em8t7wh/testfile.c -E -P -D_FILE_OFFSET_BITS=64 -P -O0 -U_FORTIFY_SOURCE -Werror=implicit-function-declaration -std=gnu11` -> 0
Has header "sys/uio.h" : YES 
Running compile:
Working directory:  /tmp/tmp.UgJ7zjghg8/glib/_build-arm64-v8a/meson-private/tmpyballbx2
Code:

        #ifdef __has_include
         #if !__has_include("sys/filio.h")
          #error "Header 'sys/filio.h' could not be found"
         #endif
        #else
         #include <sys/filio.h>
        #endif
-----------
Command line: `/usr/local/lib/android/sdk/ndk/29.0.14206865/toolchains/llvm/prebuilt/linux-x86_64/bin/aarch64-linux-android26-clang /tmp/tmp.UgJ7zjghg8/glib/_build-arm64-v8a/meson-private/tmpyballbx2/testfile.c -E -P -D_FILE_OFFSET_BITS=64 -P -O0 -U_FORTIFY_SOURCE -Werror=implicit-function-declaration -std=gnu11` -> 1
stderr:
/tmp/tmp.UgJ7zjghg8/glib/_build-arm64-v8a/meson-private/tmpyballbx2/testfile.c:4:12: error: "Header 'sys/filio.h' could not be found"
    4 |           #error "Header 'sys/filio.h' could not be found"
      |            ^
1 error generated.
-----------
Has header "sys/filio.h" : NO 
Running compile:
Working directory:  /tmp/tmp.UgJ7zjghg8/glib/_build-arm64-v8a/meson-private/tmp75mzc_o4
Code:

        #ifdef __has_include
         #if !__has_include("sys/inotify.h")
          #error "Header 'sys/inotify.h' could not be found"
         #endif
        #else
         #include <sys/inotify.h>
        #endif
-----------
Command line: `/usr/local/lib/android/sdk/ndk/29.0.14206865/toolchains/llvm/prebuilt/linux-x86_64/bin/aarch64-linux-android26-clang /tmp/tmp.UgJ7zjghg8/glib/_build-arm64-v8a/meson-private/tmp75mzc_o4/testfile.c -E -P -D_FILE_OFFSET_BITS=64 -P -O0 -U_FORTIFY_SOURCE -Werror=implicit-function-declaration -std=gnu11` -> 0
Has header "sys/inotify.h" : YES 
Running compile:
Working directory:  /tmp/tmp.UgJ7zjghg8/glib/_build-arm64-v8a/meson-private/tmppmv9vw83
Code:

        #ifdef __has_include
         #if !__has_include("sys/mkdev.h")
          #error "Header 'sys/mkdev.h' could not be found"
         #endif
        #else
         #include <sys/mkdev.h>
        #endif
-----------
Command line: `/usr/local/lib/android/sdk/ndk/29.0.14206865/toolchains/llvm/prebuilt/linux-x86_64/bin/aarch64-linux-android26-clang /tmp/tmp.UgJ7zjghg8/glib/_build-arm64-v8a/meson-private/tmppmv9vw83/testfile.c -E -P -D_FILE_OFFSET_BITS=64 -P -O0 -U_FORTIFY_SOURCE -Werror=implicit-function-declaration -std=gnu11` -> 1
stderr:
/tmp/tmp.UgJ7zjghg8/glib/_build-arm64-v8a/meson-private/tmppmv9vw83/testfile.c:4:12: error: "Header 'sys/mkdev.h' could not be found"
    4 |           #error "Header 'sys/mkdev.h' could not be found"
      |            ^
1 error generated.
-----------
Has header "sys/mkdev.h" : NO 
Running compile:
Working directory:  /tmp/tmp.UgJ7zjghg8/glib/_build-arm64-v8a/meson-private/tmpqygautjk
Code:

        #ifdef __has_include
         #if !__has_include("sys/mntctl.h")
          #error "Header 'sys/mntctl.h' could not be found"
         #endif
        #else
         #include <sys/mntctl.h>
        #endif
-----------
Command line: `/usr/local/lib/android/sdk/ndk/29.0.14206865/toolchains/llvm/prebuilt/linux-x86_64/bin/aarch64-linux-android26-clang /tmp/tmp.UgJ7zjghg8/glib/_build-arm64-v8a/meson-private/tmpqygautjk/testfile.c -E -P -D_FILE_OFFSET_BITS=64 -P -O0 -U_FORTIFY_SOURCE -Werror=implicit-function-declaration -std=gnu11` -> 1
stderr:
/tmp/tmp.UgJ7zjghg8/glib/_build-arm64-v8a/meson-private/tmpqygautjk/testfile.c:4:12: error: "Header 'sys/mntctl.h' could not be found"
    4 |           #error "Header 'sys/mntctl.h' could not be found"
      |            ^
1 error generated.
-----------
Has header "sys/mntctl.h" : NO 
Running compile:
Working directory:  /tmp/tmp.UgJ7zjghg8/glib/_build-arm64-v8a/meson-private/tmpl232yinr
Code:

        #ifdef __has_include
         #if !__has_include("sys/mnttab.h")
          #error "Header 'sys/mnttab.h' could not be found"
         #endif
        #else
         #include <sys/mnttab.h>
        #endif
-----------
Command line: `/usr/local/lib/android/sdk/ndk/29.0.14206865/toolchains/llvm/prebuilt/linux-x86_64/bin/aarch64-linux-android26-clang /tmp/tmp.UgJ7zjghg8/glib/_build-arm64-v8a/meson-private/tmpl232yinr/testfile.c -E -P -D_FILE_OFFSET_BITS=64 -P -O0 -U_FORTIFY_SOURCE -Werror=implicit-function-declaration -std=gnu11` -> 1
stderr:
/tmp/tmp.UgJ7zjghg8/glib/_build-arm64-v8a/meson-private/tmpl232yinr/testfile.c:4:12: error: "Header 'sys/mnttab.h' could not be found"
    4 |           #error "Header 'sys/mnttab.h' could not be found"
      |            ^
1 error generated.
-----------
Has header "sys/mnttab.h" : NO 
Running compile:
Working directory:  /tmp/tmp.UgJ7zjghg8/glib/_build-arm64-v8a/meson-private/tmp9bjnyq21
Code:

        #ifdef __has_include
         #if !__has_include("sys/mount.h")
          #error "Header 'sys/mount.h' could not be found"
         #endif
        #else
         #include <sys/mount.h>
        #endif
-----------
Command line: `/usr/local/lib/android/sdk/ndk/29.0.14206865/toolchains/llvm/prebuilt/linux-x86_64/bin/aarch64-linux-android26-clang /tmp/tmp.UgJ7zjghg8/glib/_build-arm64-v8a/meson-private/tmp9bjnyq21/testfile.c -E -P -D_FILE_OFFSET_BITS=64 -P -O0 -U_FORTIFY_SOURCE -Werror=implicit-function-declaration -std=gnu11` -> 0
Has header "sys/mount.h" : YES 
Running compile:
Working directory:  /tmp/tmp.UgJ7zjghg8/glib/_build-arm64-v8a/meson-private/tmpcocvxjhp
Code:

        #ifdef __has_include
         #if !__has_include("sys/param.h")
          #error "Header 'sys/param.h' could not be found"
         #endif
        #else
         #include <sys/param.h>
        #endif
-----------
Command line: `/usr/local/lib/android/sdk/ndk/29.0.14206865/toolchains/llvm/prebuilt/linux-x86_64/bin/aarch64-linux-android26-clang /tmp/tmp.UgJ7zjghg8/glib/_build-arm64-v8a/meson-private/tmpcocvxjhp/testfile.c -E -P -D_FILE_OFFSET_BITS=64 -P -O0 -U_FORTIFY_SOURCE -Werror=implicit-function-declaration -std=gnu11` -> 0
Has header "sys/param.h" : YES 
Running compile:
Working directory:  /tmp/tmp.UgJ7zjghg8/glib/_build-arm64-v8a/meson-private/tmp1vdpg90h
Code:

        #ifdef __has_include
         #if !__has_include("sys/prctl.h")
          #error "Header 'sys/prctl.h' could not be found"
         #endif
        #else
         #include <sys/prctl.h>
        #endif
-----------
Command line: `/usr/local/lib/android/sdk/ndk/29.0.14206865/toolchains/llvm/prebuilt/linux-x86_64/bin/aarch64-linux-android26-clang /tmp/tmp.UgJ7zjghg8/glib/_build-arm64-v8a/meson-private/tmp1vdpg90h/testfile.c -E -P -D_FILE_OFFSET_BITS=64 -P -O0 -U_FORTIFY_SOURCE -Werror=implicit-function-declaration -std=gnu11` -> 0
Has header "sys/prctl.h" : YES 
Running compile:
Working directory:  /tmp/tmp.UgJ7zjghg8/glib/_build-arm64-v8a/meson-private/tmpsf0uf0zn
Code:

        #ifdef __has_include
         #if !__has_include("sys/resource.h")
          #error "Header 'sys/resource.h' could not be found"
         #endif
        #else
         #include <sys/resource.h>
        #endif
-----------
Command line: `/usr/local/lib/android/sdk/ndk/29.0.14206865/toolchains/llvm/prebuilt/linux-x86_64/bin/aarch64-linux-android26-clang /tmp/tmp.UgJ7zjghg8/glib/_build-arm64-v8a/meson-private/tmpsf0uf0zn/testfile.c -E -P -D_FILE_OFFSET_BITS=64 -P -O0 -U_FORTIFY_SOURCE -Werror=implicit-function-declaration -std=gnu11` -> 0
Has header "sys/resource.h" : YES 
Running compile:
Working directory:  /tmp/tmp.UgJ7zjghg8/glib/_build-arm64-v8a/meson-private/tmp8f7zzy_0
Code:

        #ifdef __has_include
         #if !__has_include("sys/select.h")
          #error "Header 'sys/select.h' could not be found"
         #endif
        #else
         #include <sys/select.h>
        #endif
-----------
Command line: `/usr/local/lib/android/sdk/ndk/29.0.14206865/toolchains/llvm/prebuilt/linux-x86_64/bin/aarch64-linux-android26-clang /tmp/tmp.UgJ7zjghg8/glib/_build-arm64-v8a/meson-private/tmp8f7zzy_0/testfile.c -E -P -D_FILE_OFFSET_BITS=64 -P -O0 -U_FORTIFY_SOURCE -Werror=implicit-function-declaration -std=gnu11` -> 0
Has header "sys/select.h" : YES 
Running compile:
Working directory:  /tmp/tmp.UgJ7zjghg8/glib/_build-arm64-v8a/meson-private/tmprcopy2pu
Code:

        #ifdef __has_include
         #if !__has_include("sys/statfs.h")
          #error "Header 'sys/statfs.h' could not be found"
         #endif
        #else
         #include <sys/statfs.h>
        #endif
-----------
Command line: `/usr/local/lib/android/sdk/ndk/29.0.14206865/toolchains/llvm/prebuilt/linux-x86_64/bin/aarch64-linux-android26-clang /tmp/tmp.UgJ7zjghg8/glib/_build-arm64-v8a/meson-private/tmprcopy2pu/testfile.c -E -P -D_FILE_OFFSET_BITS=64 -P -O0 -U_FORTIFY_SOURCE -Werror=implicit-function-declaration -std=gnu11` -> 0
Has header "sys/statfs.h" : YES 
Running compile:
Working directory:  /tmp/tmp.UgJ7zjghg8/glib/_build-arm64-v8a/meson-private/tmpifr3q4c_
Code:

        #ifdef __has_include
         #if !__has_include("sys/stat.h")
          #error "Header 'sys/stat.h' could not be found"
         #endif
        #else
         #include <sys/stat.h>
        #endif
-----------
Command line: `/usr/local/lib/android/sdk/ndk/29.0.14206865/toolchains/llvm/prebuilt/linux-x86_64/bin/aarch64-linux-android26-clang /tmp/tmp.UgJ7zjghg8/glib/_build-arm64-v8a/meson-private/tmpifr3q4c_/testfile.c -E -P -D_FILE_OFFSET_BITS=64 -P -O0 -U_FORTIFY_SOURCE -Werror=implicit-function-declaration -std=gnu11` -> 0
Has header "sys/stat.h" : YES 
Running compile:
Working directory:  /tmp/tmp.UgJ7zjghg8/glib/_build-arm64-v8a/meson-private/tmp7gk9iq41
Code:

        #ifdef __has_include
         #if !__has_include("sys/statvfs.h")
          #error "Header 'sys/statvfs.h' could not be found"
         #endif
        #else
         #include <sys/statvfs.h>
        #endif
-----------
Command line: `/usr/local/lib/android/sdk/ndk/29.0.14206865/toolchains/llvm/prebuilt/linux-x86_64/bin/aarch64-linux-android26-clang /tmp/tmp.UgJ7zjghg8/glib/_build-arm64-v8a/meson-private/tmp7gk9iq41/testfile.c -E -P -D_FILE_OFFSET_BITS=64 -P -O0 -U_FORTIFY_SOURCE -Werror=implicit-function-declaration -std=gnu11` -> 0
Has header "sys/statvfs.h" : YES 
Running compile:
Working directory:  /tmp/tmp.UgJ7zjghg8/glib/_build-arm64-v8a/meson-private/tmp2spv2_31
Code:

        #ifdef __has_include
         #if !__has_include("sys/sysctl.h")
          #error "Header 'sys/sysctl.h' could not be found"
         #endif
        #else
         #include <sys/sysctl.h>
        #endif
-----------
Command line: `/usr/local/lib/android/sdk/ndk/29.0.14206865/toolchains/llvm/prebuilt/linux-x86_64/bin/aarch64-linux-android26-clang /tmp/tmp.UgJ7zjghg8/glib/_build-arm64-v8a/meson-private/tmp2spv2_31/testfile.c -E -P -D_FILE_OFFSET_BITS=64 -P -O0 -U_FORTIFY_SOURCE -Werror=implicit-function-declaration -std=gnu11` -> 1
stderr:
/tmp/tmp.UgJ7zjghg8/glib/_build-arm64-v8a/meson-private/tmp2spv2_31/testfile.c:4:12: error: "Header 'sys/sysctl.h' could not be found"
    4 |           #error "Header 'sys/sysctl.h' could not be found"
      |            ^
1 error generated.
-----------
Has header "sys/sysctl.h" : NO 
Running compile:
Working directory:  /tmp/tmp.UgJ7zjghg8/glib/_build-arm64-v8a/meson-private/tmpgakaaq1s
Code:

        #ifdef __has_include
         #if !__has_include("sys/time.h")
          #error "Header 'sys/time.h' could not be found"
         #endif
        #else
         #include <sys/time.h>
        #endif
-----------
Command line: `/usr/local/lib/android/sdk/ndk/29.0.14206865/toolchains/llvm/prebuilt/linux-x86_64/bin/aarch64-linux-android26-clang /tmp/tmp.UgJ7zjghg8/glib/_build-arm64-v8a/meson-private/tmpgakaaq1s/testfile.c -E -P -D_FILE_OFFSET_BITS=64 -P -O0 -U_FORTIFY_SOURCE -Werror=implicit-function-declaration -std=gnu11` -> 0
Has header "sys/time.h" : YES 
Running compile:
Working directory:  /tmp/tmp.UgJ7zjghg8/glib/_build-arm64-v8a/meson-private/tmp39c67_b2
Code:

        #ifdef __has_include
         #if !__has_include("sys/times.h")
          #error "Header 'sys/times.h' could not be found"
         #endif
        #else
         #include <sys/times.h>
        #endif
-----------
Command line: `/usr/local/lib/android/sdk/ndk/29.0.14206865/toolchains/llvm/prebuilt/linux-x86_64/bin/aarch64-linux-android26-clang /tmp/tmp.UgJ7zjghg8/glib/_build-arm64-v8a/meson-private/tmp39c67_b2/testfile.c -E -P -D_FILE_OFFSET_BITS=64 -P -O0 -U_FORTIFY_SOURCE -Werror=implicit-function-declaration -std=gnu11` -> 0
Has header "sys/times.h" : YES 
Running compile:
Working directory:  /tmp/tmp.UgJ7zjghg8/glib/_build-arm64-v8a/meson-private/tmpwmy8l9sa
Code:

        #ifdef __has_include
         #if !__has_include("sys/types.h")
          #error "Header 'sys/types.h' could not be found"
         #endif
        #else
         #include <sys/types.h>
        #endif
-----------
Command line: `/usr/local/lib/android/sdk/ndk/29.0.14206865/toolchains/llvm/prebuilt/linux-x86_64/bin/aarch64-linux-android26-clang /tmp/tmp.UgJ7zjghg8/glib/_build-arm64-v8a/meson-private/tmpwmy8l9sa/testfile.c -E -P -D_FILE_OFFSET_BITS=64 -P -O0 -U_FORTIFY_SOURCE -Werror=implicit-function-declaration -std=gnu11` -> 0
Has header "sys/types.h" : YES 
Running compile:
Working directory:  /tmp/tmp.UgJ7zjghg8/glib/_build-arm64-v8a/meson-private/tmpg6onr2cl
Code:

        #ifdef __has_include
         #if !__has_include("sys/ucred.h")
          #error "Header 'sys/ucred.h' could not be found"
         #endif
        #else
         #include <sys/ucred.h>
        #endif
-----------
Command line: `/usr/local/lib/android/sdk/ndk/29.0.14206865/toolchains/llvm/prebuilt/linux-x86_64/bin/aarch64-linux-android26-clang /tmp/tmp.UgJ7zjghg8/glib/_build-arm64-v8a/meson-private/tmpg6onr2cl/testfile.c -E -P -D_FILE_OFFSET_BITS=64 -P -O0 -U_FORTIFY_SOURCE -Werror=implicit-function-declaration -std=gnu11` -> 1
stderr:
/tmp/tmp.UgJ7zjghg8/glib/_build-arm64-v8a/meson-private/tmpg6onr2cl/testfile.c:4:12: error: "Header 'sys/ucred.h' could not be found"
    4 |           #error "Header 'sys/ucred.h' could not be found"
      |            ^
1 error generated.
-----------
Has header "sys/ucred.h" : NO 
Using cached compile:
Cached command line:  /usr/local/lib/android/sdk/ndk/29.0.14206865/toolchains/llvm/prebuilt/linux-x86_64/bin/aarch64-linux-android26-clang /tmp/tmp.UgJ7zjghg8/glib/_build-arm64-v8a/meson-private/tmp6em8t7wh/testfile.c -E -P -D_FILE_OFFSET_BITS=64 -P -O0 -U_FORTIFY_SOURCE -Werror=implicit-function-declaration -std=gnu11 

Code:
 
        #ifdef __has_include
         #if !__has_include("sys/uio.h")
          #error "Header 'sys/uio.h' could not be found"
         #endif
        #else
         #include <sys/uio.h>
        #endif
Cached compiler stdout:
 

Cached compiler stderr:
 
Has header "sys/uio.h" : YES (cached)
Running compile:
Working directory:  /tmp/tmp.UgJ7zjghg8/glib/_build-arm64-v8a/meson-private/tmpjkcfeaz5
Code:

        #ifdef __has_include
         #if !__has_include("sys/vfs.h")
          #error "Header 'sys/vfs.h' could not be found"
         #endif
        #else
         #include <sys/vfs.h>
        #endif
-----------
Command line: `/usr/local/lib/android/sdk/ndk/29.0.14206865/toolchains/llvm/prebuilt/linux-x86_64/bin/aarch64-linux-android26-clang /tmp/tmp.UgJ7zjghg8/glib/_build-arm64-v8a/meson-private/tmpjkcfeaz5/testfile.c -E -P -D_FILE_OFFSET_BITS=64 -P -O0 -U_FORTIFY_SOURCE -Werror=implicit-function-declaration -std=gnu11` -> 0
Has header "sys/vfs.h" : YES 
Running compile:
Working directory:  /tmp/tmp.UgJ7zjghg8/glib/_build-arm64-v8a/meson-private/tmpv7g4ffa0
Code:

        #ifdef __has_include
         #if !__has_include("sys/vfstab.h")
          #error "Header 'sys/vfstab.h' could not be found"
         #endif
        #else
         #include <sys/vfstab.h>
        #endif
-----------
Command line: `/usr/local/lib/android/sdk/ndk/29.0.14206865/toolchains/llvm/prebuilt/linux-x86_64/bin/aarch64-linux-android26-clang /tmp/tmp.UgJ7zjghg8/glib/_build-arm64-v8a/meson-private/tmpv7g4ffa0/testfile.c -E -P -D_FILE_OFFSET_BITS=64 -P -O0 -U_FORTIFY_SOURCE -Werror=implicit-function-declaration -std=gnu11` -> 1
stderr:
/tmp/tmp.UgJ7zjghg8/glib/_build-arm64-v8a/meson-private/tmpv7g4ffa0/testfile.c:4:12: error: "Header 'sys/vfstab.h' could not be found"
    4 |           #error "Header 'sys/vfstab.h' could not be found"
      |            ^
1 error generated.
-----------
Has header "sys/vfstab.h" : NO 
Running compile:
Working directory:  /tmp/tmp.UgJ7zjghg8/glib/_build-arm64-v8a/meson-private/tmp1wfdqn23
Code:

        #ifdef __has_include
         #if !__has_include("sys/vmount.h")
          #error "Header 'sys/vmount.h' could not be found"
         #endif
        #else
         #include <sys/vmount.h>
        #endif
-----------
Command line: `/usr/local/lib/android/sdk/ndk/29.0.14206865/toolchains/llvm/prebuilt/linux-x86_64/bin/aarch64-linux-android26-clang /tmp/tmp.UgJ7zjghg8/glib/_build-arm64-v8a/meson-private/tmp1wfdqn23/testfile.c -E -P -D_FILE_OFFSET_BITS=64 -P -O0 -U_FORTIFY_SOURCE -Werror=implicit-function-declaration -std=gnu11` -> 1
stderr:
/tmp/tmp.UgJ7zjghg8/glib/_build-arm64-v8a/meson-private/tmp1wfdqn23/testfile.c:4:12: error: "Header 'sys/vmount.h' could not be found"
    4 |           #error "Header 'sys/vmount.h' could not be found"
      |            ^
1 error generated.
-----------
Has header "sys/vmount.h" : NO 
Running compile:
Working directory:  /tmp/tmp.UgJ7zjghg8/glib/_build-arm64-v8a/meson-private/tmp7kiw0e_z
Code:

        #ifdef __has_include
         #if !__has_include("sys/wait.h")
          #error "Header 'sys/wait.h' could not be found"
         #endif
        #else
         #include <sys/wait.h>
        #endif
-----------
Command line: `/usr/local/lib/android/sdk/ndk/29.0.14206865/toolchains/llvm/prebuilt/linux-x86_64/bin/aarch64-linux-android26-clang /tmp/tmp.UgJ7zjghg8/glib/_build-arm64-v8a/meson-private/tmp7kiw0e_z/testfile.c -E -P -D_FILE_OFFSET_BITS=64 -P -O0 -U_FORTIFY_SOURCE -Werror=implicit-function-declaration -std=gnu11` -> 0
Has header "sys/wait.h" : YES 
Running compile:
Working directory:  /tmp/tmp.UgJ7zjghg8/glib/_build-arm64-v8a/meson-private/tmphknl841c
Code:

        #ifdef __has_include
         #if !__has_include("syslog.h")
          #error "Header 'syslog.h' could not be found"
         #endif
        #else
         #include <syslog.h>
        #endif
-----------
Command line: `/usr/local/lib/android/sdk/ndk/29.0.14206865/toolchains/llvm/prebuilt/linux-x86_64/bin/aarch64-linux-android26-clang /tmp/tmp.UgJ7zjghg8/glib/_build-arm64-v8a/meson-private/tmphknl841c/testfile.c -E -P -D_FILE_OFFSET_BITS=64 -P -O0 -U_FORTIFY_SOURCE -Werror=implicit-function-declaration -std=gnu11` -> 0
Has header "syslog.h" : YES 
Running compile:
Working directory:  /tmp/tmp.UgJ7zjghg8/glib/_build-arm64-v8a/meson-private/tmp35xk_2s4
Code:

        #ifdef __has_include
         #if !__has_include("termios.h")
          #error "Header 'termios.h' could not be found"
         #endif
        #else
         #include <termios.h>
        #endif
-----------
Command line: `/usr/local/lib/android/sdk/ndk/29.0.14206865/toolchains/llvm/prebuilt/linux-x86_64/bin/aarch64-linux-android26-clang /tmp/tmp.UgJ7zjghg8/glib/_build-arm64-v8a/meson-private/tmp35xk_2s4/testfile.c -E -P -D_FILE_OFFSET_BITS=64 -P -O0 -U_FORTIFY_SOURCE -Werror=implicit-function-declaration -std=gnu11` -> 0
Has header "termios.h" : YES 
Running compile:
Working directory:  /tmp/tmp.UgJ7zjghg8/glib/_build-arm64-v8a/meson-private/tmp_atobfh8
Code:

        #ifdef __has_include
         #if !__has_include("unistd.h")
          #error "Header 'unistd.h' could not be found"
         #endif
        #else
         #include <unistd.h>
        #endif
-----------
Command line: `/usr/local/lib/android/sdk/ndk/29.0.14206865/toolchains/llvm/prebuilt/linux-x86_64/bin/aarch64-linux-android26-clang /tmp/tmp.UgJ7zjghg8/glib/_build-arm64-v8a/meson-private/tmp_atobfh8/testfile.c -E -P -D_FILE_OFFSET_BITS=64 -P -O0 -U_FORTIFY_SOURCE -Werror=implicit-function-declaration -std=gnu11` -> 0
Has header "unistd.h" : YES 
Running compile:
Working directory:  /tmp/tmp.UgJ7zjghg8/glib/_build-arm64-v8a/meson-private/tmp6rwhxjz3
Code:

        #ifdef __has_include
         #if !__has_include("values.h")
          #error "Header 'values.h' could not be found"
         #endif
        #else
         #include <values.h>
        #endif
-----------
Command line: `/usr/local/lib/android/sdk/ndk/29.0.14206865/toolchains/llvm/prebuilt/linux-x86_64/bin/aarch64-linux-android26-clang /tmp/tmp.UgJ7zjghg8/glib/_build-arm64-v8a/meson-private/tmp6rwhxjz3/testfile.c -E -P -D_FILE_OFFSET_BITS=64 -P -O0 -U_FORTIFY_SOURCE -Werror=implicit-function-declaration -std=gnu11` -> 1
stderr:
/tmp/tmp.UgJ7zjghg8/glib/_build-arm64-v8a/meson-private/tmp6rwhxjz3/testfile.c:4:12: error: "Header 'values.h' could not be found"
    4 |           #error "Header 'values.h' could not be found"
      |            ^
1 error generated.
-----------
Has header "values.h" : NO 
Running compile:
Working directory:  /tmp/tmp.UgJ7zjghg8/glib/_build-arm64-v8a/meson-private/tmpyuq34z1k
Code:

        #ifdef __has_include
         #if !__has_include("vcruntime.h")
          #error "Header 'vcruntime.h' could not be found"
         #endif
        #else
         #include <vcruntime.h>
        #endif
-----------
Command line: `/usr/local/lib/android/sdk/ndk/29.0.14206865/toolchains/llvm/prebuilt/linux-x86_64/bin/aarch64-linux-android26-clang /tmp/tmp.UgJ7zjghg8/glib/_build-arm64-v8a/meson-private/tmpyuq34z1k/testfile.c -E -P -D_FILE_OFFSET_BITS=64 -P -O0 -U_FORTIFY_SOURCE -Werror=implicit-function-declaration -std=gnu11` -> 1
stderr:
/tmp/tmp.UgJ7zjghg8/glib/_build-arm64-v8a/meson-private/tmpyuq34z1k/testfile.c:4:12: error: "Header 'vcruntime.h' could not be found"
    4 |           #error "Header 'vcruntime.h' could not be found"
      |            ^
1 error generated.
-----------
Has header "vcruntime.h" : NO 
Running compile:
Working directory:  /tmp/tmp.UgJ7zjghg8/glib/_build-arm64-v8a/meson-private/tmp2agkm_x6
Code:

        #ifdef __has_include
         #if !__has_include("wchar.h")
          #error "Header 'wchar.h' could not be found"
         #endif
        #else
         #include <wchar.h>
        #endif
-----------
Command line: `/usr/local/lib/android/sdk/ndk/29.0.14206865/toolchains/llvm/prebuilt/linux-x86_64/bin/aarch64-linux-android26-clang /tmp/tmp.UgJ7zjghg8/glib/_build-arm64-v8a/meson-private/tmp2agkm_x6/testfile.c -E -P -D_FILE_OFFSET_BITS=64 -P -O0 -U_FORTIFY_SOURCE -Werror=implicit-function-declaration -std=gnu11` -> 0
Has header "wchar.h" : YES 
Running compile:
Working directory:  /tmp/tmp.UgJ7zjghg8/glib/_build-arm64-v8a/meson-private/tmpn6lxu84a
Code:

        #ifdef __has_include
         #if !__has_include("xlocale.h")
          #error "Header 'xlocale.h' could not be found"
         #endif
        #else
         #include <xlocale.h>
        #endif
-----------
Command line: `/usr/local/lib/android/sdk/ndk/29.0.14206865/toolchains/llvm/prebuilt/linux-x86_64/bin/aarch64-linux-android26-clang /tmp/tmp.UgJ7zjghg8/glib/_build-arm64-v8a/meson-private/tmpn6lxu84a/testfile.c -E -P -D_FILE_OFFSET_BITS=64 -P -O0 -U_FORTIFY_SOURCE -Werror=implicit-function-declaration -std=gnu11` -> 0
Has header "xlocale.h" : YES 
Running compile:
Working directory:  /tmp/tmp.UgJ7zjghg8/glib/_build-arm64-v8a/meson-private/tmpt2kx43_m
Code:

        #include <malloc.h>
-----------
Command line: `/usr/local/lib/android/sdk/ndk/29.0.14206865/toolchains/llvm/prebuilt/linux-x86_64/bin/aarch64-linux-android26-clang /tmp/tmp.UgJ7zjghg8/glib/_build-arm64-v8a/meson-private/tmpt2kx43_m/testfile.c -o /tmp/tmp.UgJ7zjghg8/glib/_build-arm64-v8a/meson-private/tmpt2kx43_m/output.obj -c -D_FILE_OFFSET_BITS=64 -O0 -U_FORTIFY_SOURCE -Werror=implicit-function-declaration -Werror=unknown-warning-option -Werror=unused-command-line-argument -Werror=ignored-optimization-argument -std=gnu11` -> 0
Check usable header "malloc.h" : YES 
Running compile:
Working directory:  /tmp/tmp.UgJ7zjghg8/glib/_build-arm64-v8a/meson-private/tmpmyza8j7u
Code:

        #include <locale.h>
        int main(void) {
            /* If it's not defined as a macro, try to use as a symbol */
            #ifndef LC_MESSAGES
                LC_MESSAGES;
            #endif
            return 0;
        }
-----------
Command line: `/usr/local/lib/android/sdk/ndk/29.0.14206865/toolchains/llvm/prebuilt/linux-x86_64/bin/aarch64-linux-android26-clang /tmp/tmp.UgJ7zjghg8/glib/_build-arm64-v8a/meson-private/tmpmyza8j7u/testfile.c -o /tmp/tmp.UgJ7zjghg8/glib/_build-arm64-v8a/meson-private/tmpmyza8j7u/output.obj -c -D_FILE_OFFSET_BITS=64 -O0 -U_FORTIFY_SOURCE -Werror=implicit-function-declaration -Werror=unknown-warning-option -Werror=unused-command-line-argument -Werror=ignored-optimization-argument -std=gnu11` -> 0
Header "locale.h" has symbol "LC_MESSAGES" : YES 
Running compile:
Working directory:  /tmp/tmp.UgJ7zjghg8/glib/_build-arm64-v8a/meson-private/tmprn4tw7e3
Code:
#define HAVE_ALLOCA_H 1
#define HAVE_DIRENT_H 1
#define HAVE_FLOAT_H 1
#define HAVE_FTW_H 1
#define HAVE_GRP_H 1
#define HAVE_INTTYPES_H 1
#define HAVE_LIMITS_H 1
#define HAVE_LINUX_NETLINK_H 1
#define HAVE_LOCALE_H 1
#define HAVE_MEMORY_H 1
#define HAVE_MNTENT_H 1
#define HAVE_POLL_H 1
#define HAVE_PWD_H 1
#define HAVE_SCHED_H 1
#define HAVE_SPAWN_H 1
#define HAVE_STDATOMIC_H 1
#define HAVE_STDCKDINT_H 1
#define HAVE_STDINT_H 1
#define HAVE_STDLIB_H 1
#define HAVE_STRING_H 1
#define HAVE_STRINGS_H 1
#define HAVE_SYS_AUXV_H 1
#define HAVE_SYS_UIO_H 1
#define HAVE_SYS_INOTIFY_H 1
#define HAVE_SYS_MOUNT_H 1
#define HAVE_SYS_PARAM_H 1
#define HAVE_SYS_PRCTL_H 1
#define HAVE_SYS_RESOURCE_H 1
#define HAVE_SYS_SELECT_H 1
#define HAVE_SYS_STATFS_H 1
#define HAVE_SYS_STAT_H 1
#define HAVE_SYS_STATVFS_H 1
#define HAVE_SYS_TIME_H 1
#define HAVE_SYS_TIMES_H 1
#define HAVE_SYS_TYPES_H 1
#define HAVE_SYS_UIO_H 1
#define HAVE_SYS_VFS_H 1
#define HAVE_SYS_WAIT_H 1
#define HAVE_SYSLOG_H 1
#define HAVE_TERMIOS_H 1
#define HAVE_UNISTD_H 1
#define HAVE_WCHAR_H 1
#define HAVE_XLOCALE_H 1
#define HAVE_MALLOC_H 1
#include <sys/stat.h>
    void bar(void) {
        struct stat foo;
        (void) ( foo.st_mtimensec );
        (void) foo;
    }
    
-----------
Command line: `/usr/local/lib/android/sdk/ndk/29.0.14206865/toolchains/llvm/prebuilt/linux-x86_64/bin/aarch64-linux-android26-clang /tmp/tmp.UgJ7zjghg8/glib/_build-arm64-v8a/meson-private/tmprn4tw7e3/testfile.c -o /tmp/tmp.UgJ7zjghg8/glib/_build-arm64-v8a/meson-private/tmprn4tw7e3/output.obj -c -D_FILE_OFFSET_BITS=64 -O0 -U_FORTIFY_SOURCE -Werror=implicit-function-declaration -Werror=unknown-warning-option -Werror=unused-command-line-argument -Werror=ignored-optimization-argument -std=gnu11` -> 0
Checking if "type "struct stat" has member "st_mtimensec"" compiles: YES 
Running compile:
Working directory:  /tmp/tmp.UgJ7zjghg8/glib/_build-arm64-v8a/meson-private/tmpc1q7nf41
Code:
#define HAVE_ALLOCA_H 1
#define HAVE_DIRENT_H 1
#define HAVE_FLOAT_H 1
#define HAVE_FTW_H 1
#define HAVE_GRP_H 1
#define HAVE_INTTYPES_H 1
#define HAVE_LIMITS_H 1
#define HAVE_LINUX_NETLINK_H 1
#define HAVE_LOCALE_H 1
#define HAVE_MEMORY_H 1
#define HAVE_MNTENT_H 1
#define HAVE_POLL_H 1
#define HAVE_PWD_H 1
#define HAVE_SCHED_H 1
#define HAVE_SPAWN_H 1
#define HAVE_STDATOMIC_H 1
#define HAVE_STDCKDINT_H 1
#define HAVE_STDINT_H 1
#define HAVE_STDLIB_H 1
#define HAVE_STRING_H 1
#define HAVE_STRINGS_H 1
#define HAVE_SYS_AUXV_H 1
#define HAVE_SYS_UIO_H 1
#define HAVE_SYS_INOTIFY_H 1
#define HAVE_SYS_MOUNT_H 1
#define HAVE_SYS_PARAM_H 1
#define HAVE_SYS_PRCTL_H 1
#define HAVE_SYS_RESOURCE_H 1
#define HAVE_SYS_SELECT_H 1
#define HAVE_SYS_STATFS_H 1
#define HAVE_SYS_STAT_H 1
#define HAVE_SYS_STATVFS_H 1
#define HAVE_SYS_TIME_H 1
#define HAVE_SYS_TIMES_H 1
#define HAVE_SYS_TYPES_H 1
#define HAVE_SYS_UIO_H 1
#define HAVE_SYS_VFS_H 1
#define HAVE_SYS_WAIT_H 1
#define HAVE_SYSLOG_H 1
#define HAVE_TERMIOS_H 1
#define HAVE_UNISTD_H 1
#define HAVE_WCHAR_H 1
#define HAVE_XLOCALE_H 1
#define HAVE_MALLOC_H 1
#define HAVE_STRUCT_STAT_ST_MTIMENSEC 1
#include <sys/stat.h>
    void bar(void) {
        struct stat foo;
        (void) ( foo.st_mtim.tv_nsec );
        (void) foo;
    }
    
-----------
Command line: `/usr/local/lib/android/sdk/ndk/29.0.14206865/toolchains/llvm/prebuilt/linux-x86_64/bin/aarch64-linux-android26-clang /tmp/tmp.UgJ7zjghg8/glib/_build-arm64-v8a/meson-private/tmpc1q7nf41/testfile.c -o /tmp/tmp.UgJ7zjghg8/glib/_build-arm64-v8a/meson-private/tmpc1q7nf41/output.obj -c -D_FILE_OFFSET_BITS=64 -O0 -U_FORTIFY_SOURCE -Werror=implicit-function-declaration -Werror=unknown-warning-option -Werror=unused-command-line-argument -Werror=ignored-optimization-argument -std=gnu11` -> 0
Checking if "type "struct stat" has member "st_mtim.tv_nsec"" compiles: YES 
Running compile:
Working directory:  /tmp/tmp.UgJ7zjghg8/glib/_build-arm64-v8a/meson-private/tmpnrmt58ek
Code:
#define HAVE_ALLOCA_H 1
#define HAVE_DIRENT_H 1
#define HAVE_FLOAT_H 1
#define HAVE_FTW_H 1
#define HAVE_GRP_H 1
#define HAVE_INTTYPES_H 1
#define HAVE_LIMITS_H 1
#define HAVE_LINUX_NETLINK_H 1
#define HAVE_LOCALE_H 1
#define HAVE_MEMORY_H 1
#define HAVE_MNTENT_H 1
#define HAVE_POLL_H 1
#define HAVE_PWD_H 1
#define HAVE_SCHED_H 1
#define HAVE_SPAWN_H 1
#define HAVE_STDATOMIC_H 1
#define HAVE_STDCKDINT_H 1
#define HAVE_STDINT_H 1
#define HAVE_STDLIB_H 1
#define HAVE_STRING_H 1
#define HAVE_STRINGS_H 1
#define HAVE_SYS_AUXV_H 1
#define HAVE_SYS_UIO_H 1
#define HAVE_SYS_INOTIFY_H 1
#define HAVE_SYS_MOUNT_H 1
#define HAVE_SYS_PARAM_H 1
#define HAVE_SYS_PRCTL_H 1
#define HAVE_SYS_RESOURCE_H 1
#define HAVE_SYS_SELECT_H 1
#define HAVE_SYS_STATFS_H 1
#define HAVE_SYS_STAT_H 1
#define HAVE_SYS_STATVFS_H 1
#define HAVE_SYS_TIME_H 1
#define HAVE_SYS_TIMES_H 1
#define HAVE_SYS_TYPES_H 1
#define HAVE_SYS_UIO_H 1
#define HAVE_SYS_VFS_H 1
#define HAVE_SYS_WAIT_H 1
#define HAVE_SYSLOG_H 1
#define HAVE_TERMIOS_H 1
#define HAVE_UNISTD_H 1
#define HAVE_WCHAR_H 1
#define HAVE_XLOCALE_H 1
#define HAVE_MALLOC_H 1
#define HAVE_STRUCT_STAT_ST_MTIMENSEC 1
#define HAVE_STRUCT_STAT_ST_MTIM_TV_NSEC 1
#include <sys/stat.h>
    void bar(void) {
        struct stat foo;
        (void) ( foo.st_atimensec );
        (void) foo;
    }
    
-----------
Command line: `/usr/local/lib/android/sdk/ndk/29.0.14206865/toolchains/llvm/prebuilt/linux-x86_64/bin/aarch64-linux-android26-clang /tmp/tmp.UgJ7zjghg8/glib/_build-arm64-v8a/meson-private/tmpnrmt58ek/testfile.c -o /tmp/tmp.UgJ7zjghg8/glib/_build-arm64-v8a/meson-private/tmpnrmt58ek/output.obj -c -D_FILE_OFFSET_BITS=64 -O0 -U_FORTIFY_SOURCE -Werror=implicit-function-declaration -Werror=unknown-warning-option -Werror=unused-command-line-argument -Werror=ignored-optimization-argument -std=gnu11` -> 0
Checking if "type "struct stat" has member "st_atimensec"" compiles: YES 
Running compile:
Working directory:  /tmp/tmp.UgJ7zjghg8/glib/_build-arm64-v8a/meson-private/tmpp6dddxtp
Code:
#define HAVE_ALLOCA_H 1
#define HAVE_DIRENT_H 1
#define HAVE_FLOAT_H 1
#define HAVE_FTW_H 1
#define HAVE_GRP_H 1
#define HAVE_INTTYPES_H 1
#define HAVE_LIMITS_H 1
#define HAVE_LINUX_NETLINK_H 1
#define HAVE_LOCALE_H 1
#define HAVE_MEMORY_H 1
#define HAVE_MNTENT_H 1
#define HAVE_POLL_H 1
#define HAVE_PWD_H 1
#define HAVE_SCHED_H 1
#define HAVE_SPAWN_H 1
#define HAVE_STDATOMIC_H 1
#define HAVE_STDCKDINT_H 1
#define HAVE_STDINT_H 1
#define HAVE_STDLIB_H 1
#define HAVE_STRING_H 1
#define HAVE_STRINGS_H 1
#define HAVE_SYS_AUXV_H 1
#define HAVE_SYS_UIO_H 1
#define HAVE_SYS_INOTIFY_H 1
#define HAVE_SYS_MOUNT_H 1
#define HAVE_SYS_PARAM_H 1
#define HAVE_SYS_PRCTL_H 1
#define HAVE_SYS_RESOURCE_H 1
#define HAVE_SYS_SELECT_H 1
#define HAVE_SYS_STATFS_H 1
#define HAVE_SYS_STAT_H 1
#define HAVE_SYS_STATVFS_H 1
#define HAVE_SYS_TIME_H 1
#define HAVE_SYS_TIMES_H 1
#define HAVE_SYS_TYPES_H 1
#define HAVE_SYS_UIO_H 1
#define HAVE_SYS_VFS_H 1
#define HAVE_SYS_WAIT_H 1
#define HAVE_SYSLOG_H 1
#define HAVE_TERMIOS_H 1
#define HAVE_UNISTD_H 1
#define HAVE_WCHAR_H 1
#define HAVE_XLOCALE_H 1
#define HAVE_MALLOC_H 1
#define HAVE_STRUCT_STAT_ST_MTIMENSEC 1
#define HAVE_STRUCT_STAT_ST_MTIM_TV_NSEC 1
#define HAVE_STRUCT_STAT_ST_ATIMENSEC 1
#include <sys/stat.h>
    void bar(void) {
        struct stat foo;
        (void) ( foo.st_atim.tv_nsec );
        (void) foo;
    }
    
-----------
Command line: `/usr/local/lib/android/sdk/ndk/29.0.14206865/toolchains/llvm/prebuilt/linux-x86_64/bin/aarch64-linux-android26-clang /tmp/tmp.UgJ7zjghg8/glib/_build-arm64-v8a/meson-private/tmpp6dddxtp/testfile.c -o /tmp/tmp.UgJ7zjghg8/glib/_build-arm64-v8a/meson-private/tmpp6dddxtp/output.obj -c -D_FILE_OFFSET_BITS=64 -O0 -U_FORTIFY_SOURCE -Werror=implicit-function-declaration -Werror=unknown-warning-option -Werror=unused-command-line-argument -Werror=ignored-optimization-argument -std=gnu11` -> 0
Checking if "type "struct stat" has member "st_atim.tv_nsec"" compiles: YES 
Running compile:
Working directory:  /tmp/tmp.UgJ7zjghg8/glib/_build-arm64-v8a/meson-private/tmpjo0arbud
Code:
#define HAVE_ALLOCA_H 1
#define HAVE_DIRENT_H 1
#define HAVE_FLOAT_H 1
#define HAVE_FTW_H 1
#define HAVE_GRP_H 1
#define HAVE_INTTYPES_H 1
#define HAVE_LIMITS_H 1
#define HAVE_LINUX_NETLINK_H 1
#define HAVE_LOCALE_H 1
#define HAVE_MEMORY_H 1
#define HAVE_MNTENT_H 1
#define HAVE_POLL_H 1
#define HAVE_PWD_H 1
#define HAVE_SCHED_H 1
#define HAVE_SPAWN_H 1
#define HAVE_STDATOMIC_H 1
#define HAVE_STDCKDINT_H 1
#define HAVE_STDINT_H 1
#define HAVE_STDLIB_H 1
#define HAVE_STRING_H 1
#define HAVE_STRINGS_H 1
#define HAVE_SYS_AUXV_H 1
#define HAVE_SYS_UIO_H 1
#define HAVE_SYS_INOTIFY_H 1
#define HAVE_SYS_MOUNT_H 1
#define HAVE_SYS_PARAM_H 1
#define HAVE_SYS_PRCTL_H 1
#define HAVE_SYS_RESOURCE_H 1
#define HAVE_SYS_SELECT_H 1
#define HAVE_SYS_STATFS_H 1
#define HAVE_SYS_STAT_H 1
#define HAVE_SYS_STATVFS_H 1
#define HAVE_SYS_TIME_H 1
#define HAVE_SYS_TIMES_H 1
#define HAVE_SYS_TYPES_H 1
#define HAVE_SYS_UIO_H 1
#define HAVE_SYS_VFS_H 1
#define HAVE_SYS_WAIT_H 1
#define HAVE_SYSLOG_H 1
#define HAVE_TERMIOS_H 1
#define HAVE_UNISTD_H 1
#define HAVE_WCHAR_H 1
#define HAVE_XLOCALE_H 1
#define HAVE_MALLOC_H 1
#define HAVE_STRUCT_STAT_ST_MTIMENSEC 1
#define HAVE_STRUCT_STAT_ST_MTIM_TV_NSEC 1
#define HAVE_STRUCT_STAT_ST_ATIMENSEC 1
#define HAVE_STRUCT_STAT_ST_ATIM_TV_NSEC 1
#include <sys/stat.h>
    void bar(void) {
        struct stat foo;
        (void) ( foo.st_ctimensec );
        (void) foo;
    }
    
-----------
Command line: `/usr/local/lib/android/sdk/ndk/29.0.14206865/toolchains/llvm/prebuilt/linux-x86_64/bin/aarch64-linux-android26-clang /tmp/tmp.UgJ7zjghg8/glib/_build-arm64-v8a/meson-private/tmpjo0arbud/testfile.c -o /tmp/tmp.UgJ7zjghg8/glib/_build-arm64-v8a/meson-private/tmpjo0arbud/output.obj -c -D_FILE_OFFSET_BITS=64 -O0 -U_FORTIFY_SOURCE -Werror=implicit-function-declaration -Werror=unknown-warning-option -Werror=unused-command-line-argument -Werror=ignored-optimization-argument -std=gnu11` -> 0
Checking if "type "struct stat" has member "st_ctimensec"" compiles: YES 
Running compile:
Working directory:  /tmp/tmp.UgJ7zjghg8/glib/_build-arm64-v8a/meson-private/tmp_7k4ofse
Code:
#define HAVE_ALLOCA_H 1
#define HAVE_DIRENT_H 1
#define HAVE_FLOAT_H 1
#define HAVE_FTW_H 1
#define HAVE_GRP_H 1
#define HAVE_INTTYPES_H 1
#define HAVE_LIMITS_H 1
#define HAVE_LINUX_NETLINK_H 1
#define HAVE_LOCALE_H 1
#define HAVE_MEMORY_H 1
#define HAVE_MNTENT_H 1
#define HAVE_POLL_H 1
#define HAVE_PWD_H 1
#define HAVE_SCHED_H 1
#define HAVE_SPAWN_H 1
#define HAVE_STDATOMIC_H 1
#define HAVE_STDCKDINT_H 1
#define HAVE_STDINT_H 1
#define HAVE_STDLIB_H 1
#define HAVE_STRING_H 1
#define HAVE_STRINGS_H 1
#define HAVE_SYS_AUXV_H 1
#define HAVE_SYS_UIO_H 1
#define HAVE_SYS_INOTIFY_H 1
#define HAVE_SYS_MOUNT_H 1
#define HAVE_SYS_PARAM_H 1
#define HAVE_SYS_PRCTL_H 1
#define HAVE_SYS_RESOURCE_H 1
#define HAVE_SYS_SELECT_H 1
#define HAVE_SYS_STATFS_H 1
#define HAVE_SYS_STAT_H 1
#define HAVE_SYS_STATVFS_H 1
#define HAVE_SYS_TIME_H 1
#define HAVE_SYS_TIMES_H 1
#define HAVE_SYS_TYPES_H 1
#define HAVE_SYS_UIO_H 1
#define HAVE_SYS_VFS_H 1
#define HAVE_SYS_WAIT_H 1
#define HAVE_SYSLOG_H 1
#define HAVE_TERMIOS_H 1
#define HAVE_UNISTD_H 1
#define HAVE_WCHAR_H 1
#define HAVE_XLOCALE_H 1
#define HAVE_MALLOC_H 1
#define HAVE_STRUCT_STAT_ST_MTIMENSEC 1
#define HAVE_STRUCT_STAT_ST_MTIM_TV_NSEC 1
#define HAVE_STRUCT_STAT_ST_ATIMENSEC 1
#define HAVE_STRUCT_STAT_ST_ATIM_TV_NSEC 1
#define HAVE_STRUCT_STAT_ST_CTIMENSEC 1
#include <sys/stat.h>
    void bar(void) {
        struct stat foo;
        (void) ( foo.st_ctim.tv_nsec );
        (void) foo;
    }
    
-----------
Command line: `/usr/local/lib/android/sdk/ndk/29.0.14206865/toolchains/llvm/prebuilt/linux-x86_64/bin/aarch64-linux-android26-clang /tmp/tmp.UgJ7zjghg8/glib/_build-arm64-v8a/meson-private/tmp_7k4ofse/testfile.c -o /tmp/tmp.UgJ7zjghg8/glib/_build-arm64-v8a/meson-private/tmp_7k4ofse/output.obj -c -D_FILE_OFFSET_BITS=64 -O0 -U_FORTIFY_SOURCE -Werror=implicit-function-declaration -Werror=unknown-warning-option -Werror=unused-command-line-argument -Werror=ignored-optimization-argument -std=gnu11` -> 0
Checking if "type "struct stat" has member "st_ctim.tv_nsec"" compiles: YES 
Running compile:
Working directory:  /tmp/tmp.UgJ7zjghg8/glib/_build-arm64-v8a/meson-private/tmpcjuzfb_z
Code:
#define HAVE_ALLOCA_H 1
#define HAVE_DIRENT_H 1
#define HAVE_FLOAT_H 1
#define HAVE_FTW_H 1
#define HAVE_GRP_H 1
#define HAVE_INTTYPES_H 1
#define HAVE_LIMITS_H 1
#define HAVE_LINUX_NETLINK_H 1
#define HAVE_LOCALE_H 1
#define HAVE_MEMORY_H 1
#define HAVE_MNTENT_H 1
#define HAVE_POLL_H 1
#define HAVE_PWD_H 1
#define HAVE_SCHED_H 1
#define HAVE_SPAWN_H 1
#define HAVE_STDATOMIC_H 1
#define HAVE_STDCKDINT_H 1
#define HAVE_STDINT_H 1
#define HAVE_STDLIB_H 1
#define HAVE_STRING_H 1
#define HAVE_STRINGS_H 1
#define HAVE_SYS_AUXV_H 1
#define HAVE_SYS_UIO_H 1
#define HAVE_SYS_INOTIFY_H 1
#define HAVE_SYS_MOUNT_H 1
#define HAVE_SYS_PARAM_H 1
#define HAVE_SYS_PRCTL_H 1
#define HAVE_SYS_RESOURCE_H 1
#define HAVE_SYS_SELECT_H 1
#define HAVE_SYS_STATFS_H 1
#define HAVE_SYS_STAT_H 1
#define HAVE_SYS_STATVFS_H 1
#define HAVE_SYS_TIME_H 1
#define HAVE_SYS_TIMES_H 1
#define HAVE_SYS_TYPES_H 1
#define HAVE_SYS_UIO_H 1
#define HAVE_SYS_VFS_H 1
#define HAVE_SYS_WAIT_H 1
#define HAVE_SYSLOG_H 1
#define HAVE_TERMIOS_H 1
#define HAVE_UNISTD_H 1
#define HAVE_WCHAR_H 1
#define HAVE_XLOCALE_H 1
#define HAVE_MALLOC_H 1
#define HAVE_STRUCT_STAT_ST_MTIMENSEC 1
#define HAVE_STRUCT_STAT_ST_MTIM_TV_NSEC 1
#define HAVE_STRUCT_STAT_ST_ATIMENSEC 1
#define HAVE_STRUCT_STAT_ST_ATIM_TV_NSEC 1
#define HAVE_STRUCT_STAT_ST_CTIMENSEC 1
#define HAVE_STRUCT_STAT_ST_CTIM_TV_NSEC 1
#include <sys/stat.h>
    void bar(void) {
        struct stat foo;
        (void) ( foo.st_birthtime );
        (void) foo;
    }
    
-----------
Command line: `/usr/local/lib/android/sdk/ndk/29.0.14206865/toolchains/llvm/prebuilt/linux-x86_64/bin/aarch64-linux-android26-clang /tmp/tmp.UgJ7zjghg8/glib/_build-arm64-v8a/meson-private/tmpcjuzfb_z/testfile.c -o /tmp/tmp.UgJ7zjghg8/glib/_build-arm64-v8a/meson-private/tmpcjuzfb_z/output.obj -c -D_FILE_OFFSET_BITS=64 -O0 -U_FORTIFY_SOURCE -Werror=implicit-function-declaration -Werror=unknown-warning-option -Werror=unused-command-line-argument -Werror=ignored-optimization-argument -std=gnu11` -> 1
stderr:
/tmp/tmp.UgJ7zjghg8/glib/_build-arm64-v8a/meson-private/tmpcjuzfb_z/testfile.c:54:22: error: no member named 'st_birthtime' in 'struct stat'
   54 |         (void) ( foo.st_birthtime );
      |                  ~~~ ^
1 error generated.
-----------
Checking if "type "struct stat" has member "st_birthtime"" compiles: NO 
Running compile:
Working directory:  /tmp/tmp.UgJ7zjghg8/glib/_build-arm64-v8a/meson-private/tmp8o9dmjv6
Code:
#define HAVE_ALLOCA_H 1
#define HAVE_DIRENT_H 1
#define HAVE_FLOAT_H 1
#define HAVE_FTW_H 1
#define HAVE_GRP_H 1
#define HAVE_INTTYPES_H 1
#define HAVE_LIMITS_H 1
#define HAVE_LINUX_NETLINK_H 1
#define HAVE_LOCALE_H 1
#define HAVE_MEMORY_H 1
#define HAVE_MNTENT_H 1
#define HAVE_POLL_H 1
#define HAVE_PWD_H 1
#define HAVE_SCHED_H 1
#define HAVE_SPAWN_H 1
#define HAVE_STDATOMIC_H 1
#define HAVE_STDCKDINT_H 1
#define HAVE_STDINT_H 1
#define HAVE_STDLIB_H 1
#define HAVE_STRING_H 1
#define HAVE_STRINGS_H 1
#define HAVE_SYS_AUXV_H 1
#define HAVE_SYS_UIO_H 1
#define HAVE_SYS_INOTIFY_H 1
#define HAVE_SYS_MOUNT_H 1
#define HAVE_SYS_PARAM_H 1
#define HAVE_SYS_PRCTL_H 1
#define HAVE_SYS_RESOURCE_H 1
#define HAVE_SYS_SELECT_H 1
#define HAVE_SYS_STATFS_H 1
#define HAVE_SYS_STAT_H 1
#define HAVE_SYS_STATVFS_H 1
#define HAVE_SYS_TIME_H 1
#define HAVE_SYS_TIMES_H 1
#define HAVE_SYS_TYPES_H 1
#define HAVE_SYS_UIO_H 1
#define HAVE_SYS_VFS_H 1
#define HAVE_SYS_WAIT_H 1
#define HAVE_SYSLOG_H 1
#define HAVE_TERMIOS_H 1
#define HAVE_UNISTD_H 1
#define HAVE_WCHAR_H 1
#define HAVE_XLOCALE_H 1
#define HAVE_MALLOC_H 1
#define HAVE_STRUCT_STAT_ST_MTIMENSEC 1
#define HAVE_STRUCT_STAT_ST_MTIM_TV_NSEC 1
#define HAVE_STRUCT_STAT_ST_ATIMENSEC 1
#define HAVE_STRUCT_STAT_ST_ATIM_TV_NSEC 1
#define HAVE_STRUCT_STAT_ST_CTIMENSEC 1
#define HAVE_STRUCT_STAT_ST_CTIM_TV_NSEC 1
#include <sys/stat.h>
    void bar(void) {
        struct stat foo;
        (void) ( foo.st_birthtimensec );
        (void) foo;
    }
    
-----------
Command line: `/usr/local/lib/android/sdk/ndk/29.0.14206865/toolchains/llvm/prebuilt/linux-x86_64/bin/aarch64-linux-android26-clang /tmp/tmp.UgJ7zjghg8/glib/_build-arm64-v8a/meson-private/tmp8o9dmjv6/testfile.c -o /tmp/tmp.UgJ7zjghg8/glib/_build-arm64-v8a/meson-private/tmp8o9dmjv6/output.obj -c -D_FILE_OFFSET_BITS=64 -O0 -U_FORTIFY_SOURCE -Werror=implicit-function-declaration -Werror=unknown-warning-option -Werror=unused-command-line-argument -Werror=ignored-optimization-argument -std=gnu11` -> 1
stderr:
/tmp/tmp.UgJ7zjghg8/glib/_build-arm64-v8a/meson-private/tmp8o9dmjv6/testfile.c:54:22: error: no member named 'st_birthtimensec' in 'struct stat'
   54 |         (void) ( foo.st_birthtimensec );
      |                  ~~~ ^
1 error generated.
-----------
Checking if "type "struct stat" has member "st_birthtimensec"" compiles: NO 
Running compile:
Working directory:  /tmp/tmp.UgJ7zjghg8/glib/_build-arm64-v8a/meson-private/tmpt6gowt54
Code:
#define HAVE_ALLOCA_H 1
#define HAVE_DIRENT_H 1
#define HAVE_FLOAT_H 1
#define HAVE_FTW_H 1
#define HAVE_GRP_H 1
#define HAVE_INTTYPES_H 1
#define HAVE_LIMITS_H 1
#define HAVE_LINUX_NETLINK_H 1
#define HAVE_LOCALE_H 1
#define HAVE_MEMORY_H 1
#define HAVE_MNTENT_H 1
#define HAVE_POLL_H 1
#define HAVE_PWD_H 1
#define HAVE_SCHED_H 1
#define HAVE_SPAWN_H 1
#define HAVE_STDATOMIC_H 1
#define HAVE_STDCKDINT_H 1
#define HAVE_STDINT_H 1
#define HAVE_STDLIB_H 1
#define HAVE_STRING_H 1
#define HAVE_STRINGS_H 1
#define HAVE_SYS_AUXV_H 1
#define HAVE_SYS_UIO_H 1
#define HAVE_SYS_INOTIFY_H 1
#define HAVE_SYS_MOUNT_H 1
#define HAVE_SYS_PARAM_H 1
#define HAVE_SYS_PRCTL_H 1
#define HAVE_SYS_RESOURCE_H 1
#define HAVE_SYS_SELECT_H 1
#define HAVE_SYS_STATFS_H 1
#define HAVE_SYS_STAT_H 1
#define HAVE_SYS_STATVFS_H 1
#define HAVE_SYS_TIME_H 1
#define HAVE_SYS_TIMES_H 1
#define HAVE_SYS_TYPES_H 1
#define HAVE_SYS_UIO_H 1
#define HAVE_SYS_VFS_H 1
#define HAVE_SYS_WAIT_H 1
#define HAVE_SYSLOG_H 1
#define HAVE_TERMIOS_H 1
#define HAVE_UNISTD_H 1
#define HAVE_WCHAR_H 1
#define HAVE_XLOCALE_H 1
#define HAVE_MALLOC_H 1
#define HAVE_STRUCT_STAT_ST_MTIMENSEC 1
#define HAVE_STRUCT_STAT_ST_MTIM_TV_NSEC 1
#define HAVE_STRUCT_STAT_ST_ATIMENSEC 1
#define HAVE_STRUCT_STAT_ST_ATIM_TV_NSEC 1
#define HAVE_STRUCT_STAT_ST_CTIMENSEC 1
#define HAVE_STRUCT_STAT_ST_CTIM_TV_NSEC 1
#include <sys/stat.h>
    void bar(void) {
        struct stat foo;
        (void) ( foo.st_birthtim );
        (void) foo;
    }
    
-----------
Command line: `/usr/local/lib/android/sdk/ndk/29.0.14206865/toolchains/llvm/prebuilt/linux-x86_64/bin/aarch64-linux-android26-clang /tmp/tmp.UgJ7zjghg8/glib/_build-arm64-v8a/meson-private/tmpt6gowt54/testfile.c -o /tmp/tmp.UgJ7zjghg8/glib/_build-arm64-v8a/meson-private/tmpt6gowt54/output.obj -c -D_FILE_OFFSET_BITS=64 -O0 -U_FORTIFY_SOURCE -Werror=implicit-function-declaration -Werror=unknown-warning-option -Werror=unused-command-line-argument -Werror=ignored-optimization-argument -std=gnu11` -> 1
stderr:
/tmp/tmp.UgJ7zjghg8/glib/_build-arm64-v8a/meson-private/tmpt6gowt54/testfile.c:54:22: error: no member named 'st_birthtim' in 'struct stat'
   54 |         (void) ( foo.st_birthtim );
      |                  ~~~ ^
1 error generated.
-----------
Checking if "type "struct stat" has member "st_birthtim"" compiles: NO 
Running compile:
Working directory:  /tmp/tmp.UgJ7zjghg8/glib/_build-arm64-v8a/meson-private/tmpa86mxowg
Code:
#define HAVE_ALLOCA_H 1
#define HAVE_DIRENT_H 1
#define HAVE_FLOAT_H 1
#define HAVE_FTW_H 1
#define HAVE_GRP_H 1
#define HAVE_INTTYPES_H 1
#define HAVE_LIMITS_H 1
#define HAVE_LINUX_NETLINK_H 1
#define HAVE_LOCALE_H 1
#define HAVE_MEMORY_H 1
#define HAVE_MNTENT_H 1
#define HAVE_POLL_H 1
#define HAVE_PWD_H 1
#define HAVE_SCHED_H 1
#define HAVE_SPAWN_H 1
#define HAVE_STDATOMIC_H 1
#define HAVE_STDCKDINT_H 1
#define HAVE_STDINT_H 1
#define HAVE_STDLIB_H 1
#define HAVE_STRING_H 1
#define HAVE_STRINGS_H 1
#define HAVE_SYS_AUXV_H 1
#define HAVE_SYS_UIO_H 1
#define HAVE_SYS_INOTIFY_H 1
#define HAVE_SYS_MOUNT_H 1
#define HAVE_SYS_PARAM_H 1
#define HAVE_SYS_PRCTL_H 1
#define HAVE_SYS_RESOURCE_H 1
#define HAVE_SYS_SELECT_H 1
#define HAVE_SYS_STATFS_H 1
#define HAVE_SYS_STAT_H 1
#define HAVE_SYS_STATVFS_H 1
#define HAVE_SYS_TIME_H 1
#define HAVE_SYS_TIMES_H 1
#define HAVE_SYS_TYPES_H 1
#define HAVE_SYS_UIO_H 1
#define HAVE_SYS_VFS_H 1
#define HAVE_SYS_WAIT_H 1
#define HAVE_SYSLOG_H 1
#define HAVE_TERMIOS_H 1
#define HAVE_UNISTD_H 1
#define HAVE_WCHAR_H 1
#define HAVE_XLOCALE_H 1
#define HAVE_MALLOC_H 1
#define HAVE_STRUCT_STAT_ST_MTIMENSEC 1
#define HAVE_STRUCT_STAT_ST_MTIM_TV_NSEC 1
#define HAVE_STRUCT_STAT_ST_ATIMENSEC 1
#define HAVE_STRUCT_STAT_ST_ATIM_TV_NSEC 1
#define HAVE_STRUCT_STAT_ST_CTIMENSEC 1
#define HAVE_STRUCT_STAT_ST_CTIM_TV_NSEC 1
#include <sys/stat.h>
    void bar(void) {
        struct stat foo;
        (void) ( foo.st_birthtim.tv_nsec );
        (void) foo;
    }
    
-----------
Command line: `/usr/local/lib/android/sdk/ndk/29.0.14206865/toolchains/llvm/prebuilt/linux-x86_64/bin/aarch64-linux-android26-clang /tmp/tmp.UgJ7zjghg8/glib/_build-arm64-v8a/meson-private/tmpa86mxowg/testfile.c -o /tmp/tmp.UgJ7zjghg8/glib/_build-arm64-v8a/meson-private/tmpa86mxowg/output.obj -c -D_FILE_OFFSET_BITS=64 -O0 -U_FORTIFY_SOURCE -Werror=implicit-function-declaration -Werror=unknown-warning-option -Werror=unused-command-line-argument -Werror=ignored-optimization-argument -std=gnu11` -> 1
stderr:
/tmp/tmp.UgJ7zjghg8/glib/_build-arm64-v8a/meson-private/tmpa86mxowg/testfile.c:54:22: error: no member named 'st_birthtim' in 'struct stat'
   54 |         (void) ( foo.st_birthtim.tv_nsec );
      |                  ~~~ ^
1 error generated.
-----------
Checking if "type "struct stat" has member "st_birthtim.tv_nsec"" compiles: NO 
Running compile:
Working directory:  /tmp/tmp.UgJ7zjghg8/glib/_build-arm64-v8a/meson-private/tmpjlwbkwnx
Code:
#define HAVE_ALLOCA_H 1
#define HAVE_DIRENT_H 1
#define HAVE_FLOAT_H 1
#define HAVE_FTW_H 1
#define HAVE_GRP_H 1
#define HAVE_INTTYPES_H 1
#define HAVE_LIMITS_H 1
#define HAVE_LINUX_NETLINK_H 1
#define HAVE_LOCALE_H 1
#define HAVE_MEMORY_H 1
#define HAVE_MNTENT_H 1
#define HAVE_POLL_H 1
#define HAVE_PWD_H 1
#define HAVE_SCHED_H 1
#define HAVE_SPAWN_H 1
#define HAVE_STDATOMIC_H 1
#define HAVE_STDCKDINT_H 1
#define HAVE_STDINT_H 1
#define HAVE_STDLIB_H 1
#define HAVE_STRING_H 1
#define HAVE_STRINGS_H 1
#define HAVE_SYS_AUXV_H 1
#define HAVE_SYS_UIO_H 1
#define HAVE_SYS_INOTIFY_H 1
#define HAVE_SYS_MOUNT_H 1
#define HAVE_SYS_PARAM_H 1
#define HAVE_SYS_PRCTL_H 1
#define HAVE_SYS_RESOURCE_H 1
#define HAVE_SYS_SELECT_H 1
#define HAVE_SYS_STATFS_H 1
#define HAVE_SYS_STAT_H 1
#define HAVE_SYS_STATVFS_H 1
#define HAVE_SYS_TIME_H 1
#define HAVE_SYS_TIMES_H 1
#define HAVE_SYS_TYPES_H 1
#define HAVE_SYS_UIO_H 1
#define HAVE_SYS_VFS_H 1
#define HAVE_SYS_WAIT_H 1
#define HAVE_SYSLOG_H 1
#define HAVE_TERMIOS_H 1
#define HAVE_UNISTD_H 1
#define HAVE_WCHAR_H 1
#define HAVE_XLOCALE_H 1
#define HAVE_MALLOC_H 1
#define HAVE_STRUCT_STAT_ST_MTIMENSEC 1
#define HAVE_STRUCT_STAT_ST_MTIM_TV_NSEC 1
#define HAVE_STRUCT_STAT_ST_ATIMENSEC 1
#define HAVE_STRUCT_STAT_ST_ATIM_TV_NSEC 1
#define HAVE_STRUCT_STAT_ST_CTIMENSEC 1
#define HAVE_STRUCT_STAT_ST_CTIM_TV_NSEC 1

#include <sys/types.h>
#include <sys/stat.h>
#ifdef HAVE_UNISTD_H
#include <unistd.h>
#endif
#ifdef HAVE_SYS_STATFS_H
#include <sys/statfs.h>
#endif
#ifdef HAVE_SYS_PARAM_H
#include <sys/param.h>
#endif
#ifdef HAVE_SYS_MOUNT_H
#include <sys/mount.h>
#endif

    void bar(void) {
        struct stat foo;
        (void) ( foo.st_blksize );
        (void) foo;
    }
    
-----------
Command line: `/usr/local/lib/android/sdk/ndk/29.0.14206865/toolchains/llvm/prebuilt/linux-x86_64/bin/aarch64-linux-android26-clang /tmp/tmp.UgJ7zjghg8/glib/_build-arm64-v8a/meson-private/tmpjlwbkwnx/testfile.c -o /tmp/tmp.UgJ7zjghg8/glib/_build-arm64-v8a/meson-private/tmpjlwbkwnx/output.obj -c -D_FILE_OFFSET_BITS=64 -O0 -U_FORTIFY_SOURCE -Werror=implicit-function-declaration -Werror=unknown-warning-option -Werror=unused-command-line-argument -Werror=ignored-optimization-argument -std=gnu11` -> 0
Checking if "type "struct stat" has member "st_blksize"" compiles: YES 
Running compile:
Working directory:  /tmp/tmp.UgJ7zjghg8/glib/_build-arm64-v8a/meson-private/tmpf0fe__eo
Code:
#define HAVE_ALLOCA_H 1
#define HAVE_DIRENT_H 1
#define HAVE_FLOAT_H 1
#define HAVE_FTW_H 1
#define HAVE_GRP_H 1
#define HAVE_INTTYPES_H 1
#define HAVE_LIMITS_H 1
#define HAVE_LINUX_NETLINK_H 1
#define HAVE_LOCALE_H 1
#define HAVE_MEMORY_H 1
#define HAVE_MNTENT_H 1
#define HAVE_POLL_H 1
#define HAVE_PWD_H 1
#define HAVE_SCHED_H 1
#define HAVE_SPAWN_H 1
#define HAVE_STDATOMIC_H 1
#define HAVE_STDCKDINT_H 1
#define HAVE_STDINT_H 1
#define HAVE_STDLIB_H 1
#define HAVE_STRING_H 1
#define HAVE_STRINGS_H 1
#define HAVE_SYS_AUXV_H 1
#define HAVE_SYS_UIO_H 1
#define HAVE_SYS_INOTIFY_H 1
#define HAVE_SYS_MOUNT_H 1
#define HAVE_SYS_PARAM_H 1
#define HAVE_SYS_PRCTL_H 1
#define HAVE_SYS_RESOURCE_H 1
#define HAVE_SYS_SELECT_H 1
#define HAVE_SYS_STATFS_H 1
#define HAVE_SYS_STAT_H 1
#define HAVE_SYS_STATVFS_H 1
#define HAVE_SYS_TIME_H 1
#define HAVE_SYS_TIMES_H 1
#define HAVE_SYS_TYPES_H 1
#define HAVE_SYS_UIO_H 1
#define HAVE_SYS_VFS_H 1
#define HAVE_SYS_WAIT_H 1
#define HAVE_SYSLOG_H 1
#define HAVE_TERMIOS_H 1
#define HAVE_UNISTD_H 1
#define HAVE_WCHAR_H 1
#define HAVE_XLOCALE_H 1
#define HAVE_MALLOC_H 1
#define HAVE_STRUCT_STAT_ST_MTIMENSEC 1
#define HAVE_STRUCT_STAT_ST_MTIM_TV_NSEC 1
#define HAVE_STRUCT_STAT_ST_ATIMENSEC 1
#define HAVE_STRUCT_STAT_ST_ATIM_TV_NSEC 1
#define HAVE_STRUCT_STAT_ST_CTIMENSEC 1
#define HAVE_STRUCT_STAT_ST_CTIM_TV_NSEC 1
#define HAVE_STRUCT_STAT_ST_BLKSIZE 1

#include <sys/types.h>
#include <sys/stat.h>
#ifdef HAVE_UNISTD_H
#include <unistd.h>
#endif
#ifdef HAVE_SYS_STATFS_H
#include <sys/statfs.h>
#endif
#ifdef HAVE_SYS_PARAM_H
#include <sys/param.h>
#endif
#ifdef HAVE_SYS_MOUNT_H
#include <sys/mount.h>
#endif

    void bar(void) {
        struct stat foo;
        (void) ( foo.st_blocks );
        (void) foo;
    }
    
-----------
Command line: `/usr/local/lib/android/sdk/ndk/29.0.14206865/toolchains/llvm/prebuilt/linux-x86_64/bin/aarch64-linux-android26-clang /tmp/tmp.UgJ7zjghg8/glib/_build-arm64-v8a/meson-private/tmpf0fe__eo/testfile.c -o /tmp/tmp.UgJ7zjghg8/glib/_build-arm64-v8a/meson-private/tmpf0fe__eo/output.obj -c -D_FILE_OFFSET_BITS=64 -O0 -U_FORTIFY_SOURCE -Werror=implicit-function-declaration -Werror=unknown-warning-option -Werror=unused-command-line-argument -Werror=ignored-optimization-argument -std=gnu11` -> 0
Checking if "type "struct stat" has member "st_blocks"" compiles: YES 
Running compile:
Working directory:  /tmp/tmp.UgJ7zjghg8/glib/_build-arm64-v8a/meson-private/tmptg_dra22
Code:
#define HAVE_ALLOCA_H 1
#define HAVE_DIRENT_H 1
#define HAVE_FLOAT_H 1
#define HAVE_FTW_H 1
#define HAVE_GRP_H 1
#define HAVE_INTTYPES_H 1
#define HAVE_LIMITS_H 1
#define HAVE_LINUX_NETLINK_H 1
#define HAVE_LOCALE_H 1
#define HAVE_MEMORY_H 1
#define HAVE_MNTENT_H 1
#define HAVE_POLL_H 1
#define HAVE_PWD_H 1
#define HAVE_SCHED_H 1
#define HAVE_SPAWN_H 1
#define HAVE_STDATOMIC_H 1
#define HAVE_STDCKDINT_H 1
#define HAVE_STDINT_H 1
#define HAVE_STDLIB_H 1
#define HAVE_STRING_H 1
#define HAVE_STRINGS_H 1
#define HAVE_SYS_AUXV_H 1
#define HAVE_SYS_UIO_H 1
#define HAVE_SYS_INOTIFY_H 1
#define HAVE_SYS_MOUNT_H 1
#define HAVE_SYS_PARAM_H 1
#define HAVE_SYS_PRCTL_H 1
#define HAVE_SYS_RESOURCE_H 1
#define HAVE_SYS_SELECT_H 1
#define HAVE_SYS_STATFS_H 1
#define HAVE_SYS_STAT_H 1
#define HAVE_SYS_STATVFS_H 1
#define HAVE_SYS_TIME_H 1
#define HAVE_SYS_TIMES_H 1
#define HAVE_SYS_TYPES_H 1
#define HAVE_SYS_UIO_H 1
#define HAVE_SYS_VFS_H 1
#define HAVE_SYS_WAIT_H 1
#define HAVE_SYSLOG_H 1
#define HAVE_TERMIOS_H 1
#define HAVE_UNISTD_H 1
#define HAVE_WCHAR_H 1
#define HAVE_XLOCALE_H 1
#define HAVE_MALLOC_H 1
#define HAVE_STRUCT_STAT_ST_MTIMENSEC 1
#define HAVE_STRUCT_STAT_ST_MTIM_TV_NSEC 1
#define HAVE_STRUCT_STAT_ST_ATIMENSEC 1
#define HAVE_STRUCT_STAT_ST_ATIM_TV_NSEC 1
#define HAVE_STRUCT_STAT_ST_CTIMENSEC 1
#define HAVE_STRUCT_STAT_ST_CTIM_TV_NSEC 1
#define HAVE_STRUCT_STAT_ST_BLKSIZE 1
#define HAVE_STRUCT_STAT_ST_BLOCKS 1

#include <sys/types.h>
#include <sys/stat.h>
#ifdef HAVE_UNISTD_H
#include <unistd.h>
#endif
#ifdef HAVE_SYS_STATFS_H
#include <sys/statfs.h>
#endif
#ifdef HAVE_SYS_PARAM_H
#include <sys/param.h>
#endif
#ifdef HAVE_SYS_MOUNT_H
#include <sys/mount.h>
#endif

    void bar(void) {
        struct statfs foo;
        (void) ( foo.f_fstypename );
        (void) foo;
    }
    
-----------
Command line: `/usr/local/lib/android/sdk/ndk/29.0.14206865/toolchains/llvm/prebuilt/linux-x86_64/bin/aarch64-linux-android26-clang /tmp/tmp.UgJ7zjghg8/glib/_build-arm64-v8a/meson-private/tmptg_dra22/testfile.c -o /tmp/tmp.UgJ7zjghg8/glib/_build-arm64-v8a/meson-private/tmptg_dra22/output.obj -c -D_FILE_OFFSET_BITS=64 -O0 -U_FORTIFY_SOURCE -Werror=implicit-function-declaration -Werror=unknown-warning-option -Werror=unused-command-line-argument -Werror=ignored-optimization-argument -std=gnu11` -> 1
stderr:
/tmp/tmp.UgJ7zjghg8/glib/_build-arm64-v8a/meson-private/tmptg_dra22/testfile.c:71:22: error: no member named 'f_fstypename' in 'struct statfs'
   71 |         (void) ( foo.f_fstypename );
      |                  ~~~ ^
1 error generated.
-----------
Checking if "type "struct statfs" has member "f_fstypename"" compiles: NO 
Running compile:
Working directory:  /tmp/tmp.UgJ7zjghg8/glib/_build-arm64-v8a/meson-private/tmppezt13l9
Code:
#define HAVE_ALLOCA_H 1
#define HAVE_DIRENT_H 1
#define HAVE_FLOAT_H 1
#define HAVE_FTW_H 1
#define HAVE_GRP_H 1
#define HAVE_INTTYPES_H 1
#define HAVE_LIMITS_H 1
#define HAVE_LINUX_NETLINK_H 1
#define HAVE_LOCALE_H 1
#define HAVE_MEMORY_H 1
#define HAVE_MNTENT_H 1
#define HAVE_POLL_H 1
#define HAVE_PWD_H 1
#define HAVE_SCHED_H 1
#define HAVE_SPAWN_H 1
#define HAVE_STDATOMIC_H 1
#define HAVE_STDCKDINT_H 1
#define HAVE_STDINT_H 1
#define HAVE_STDLIB_H 1
#define HAVE_STRING_H 1
#define HAVE_STRINGS_H 1
#define HAVE_SYS_AUXV_H 1
#define HAVE_SYS_UIO_H 1
#define HAVE_SYS_INOTIFY_H 1
#define HAVE_SYS_MOUNT_H 1
#define HAVE_SYS_PARAM_H 1
#define HAVE_SYS_PRCTL_H 1
#define HAVE_SYS_RESOURCE_H 1
#define HAVE_SYS_SELECT_H 1
#define HAVE_SYS_STATFS_H 1
#define HAVE_SYS_STAT_H 1
#define HAVE_SYS_STATVFS_H 1
#define HAVE_SYS_TIME_H 1
#define HAVE_SYS_TIMES_H 1
#define HAVE_SYS_TYPES_H 1
#define HAVE_SYS_UIO_H 1
#define HAVE_SYS_VFS_H 1
#define HAVE_SYS_WAIT_H 1
#define HAVE_SYSLOG_H 1
#define HAVE_TERMIOS_H 1
#define HAVE_UNISTD_H 1
#define HAVE_WCHAR_H 1
#define HAVE_XLOCALE_H 1
#define HAVE_MALLOC_H 1
#define HAVE_STRUCT_STAT_ST_MTIMENSEC 1
#define HAVE_STRUCT_STAT_ST_MTIM_TV_NSEC 1
#define HAVE_STRUCT_STAT_ST_ATIMENSEC 1
#define HAVE_STRUCT_STAT_ST_ATIM_TV_NSEC 1
#define HAVE_STRUCT_STAT_ST_CTIMENSEC 1
#define HAVE_STRUCT_STAT_ST_CTIM_TV_NSEC 1
#define HAVE_STRUCT_STAT_ST_BLKSIZE 1
#define HAVE_STRUCT_STAT_ST_BLOCKS 1

#include <sys/types.h>
#include <sys/stat.h>
#ifdef HAVE_UNISTD_H
#include <unistd.h>
#endif
#ifdef HAVE_SYS_STATFS_H
#include <sys/statfs.h>
#endif
#ifdef HAVE_SYS_PARAM_H
#include <sys/param.h>
#endif
#ifdef HAVE_SYS_MOUNT_H
#include <sys/mount.h>
#endif

    void bar(void) {
        struct statfs foo;
        (void) ( foo.f_bavail );
        (void) foo;
    }
    
-----------
Command line: `/usr/local/lib/android/sdk/ndk/29.0.14206865/toolchains/llvm/prebuilt/linux-x86_64/bin/aarch64-linux-android26-clang /tmp/tmp.UgJ7zjghg8/glib/_build-arm64-v8a/meson-private/tmppezt13l9/testfile.c -o /tmp/tmp.UgJ7zjghg8/glib/_build-arm64-v8a/meson-private/tmppezt13l9/output.obj -c -D_FILE_OFFSET_BITS=64 -O0 -U_FORTIFY_SOURCE -Werror=implicit-function-declaration -Werror=unknown-warning-option -Werror=unused-command-line-argument -Werror=ignored-optimization-argument -std=gnu11` -> 0
Checking if "type "struct statfs" has member "f_bavail"" compiles: YES 
Running compile:
Working directory:  /tmp/tmp.UgJ7zjghg8/glib/_build-arm64-v8a/meson-private/tmp3ygvd5vp
Code:
#define HAVE_ALLOCA_H 1
#define HAVE_DIRENT_H 1
#define HAVE_FLOAT_H 1
#define HAVE_FTW_H 1
#define HAVE_GRP_H 1
#define HAVE_INTTYPES_H 1
#define HAVE_LIMITS_H 1
#define HAVE_LINUX_NETLINK_H 1
#define HAVE_LOCALE_H 1
#define HAVE_MEMORY_H 1
#define HAVE_MNTENT_H 1
#define HAVE_POLL_H 1
#define HAVE_PWD_H 1
#define HAVE_SCHED_H 1
#define HAVE_SPAWN_H 1
#define HAVE_STDATOMIC_H 1
#define HAVE_STDCKDINT_H 1
#define HAVE_STDINT_H 1
#define HAVE_STDLIB_H 1
#define HAVE_STRING_H 1
#define HAVE_STRINGS_H 1
#define HAVE_SYS_AUXV_H 1
#define HAVE_SYS_UIO_H 1
#define HAVE_SYS_INOTIFY_H 1
#define HAVE_SYS_MOUNT_H 1
#define HAVE_SYS_PARAM_H 1
#define HAVE_SYS_PRCTL_H 1
#define HAVE_SYS_RESOURCE_H 1
#define HAVE_SYS_SELECT_H 1
#define HAVE_SYS_STATFS_H 1
#define HAVE_SYS_STAT_H 1
#define HAVE_SYS_STATVFS_H 1
#define HAVE_SYS_TIME_H 1
#define HAVE_SYS_TIMES_H 1
#define HAVE_SYS_TYPES_H 1
#define HAVE_SYS_UIO_H 1
#define HAVE_SYS_VFS_H 1
#define HAVE_SYS_WAIT_H 1
#define HAVE_SYSLOG_H 1
#define HAVE_TERMIOS_H 1
#define HAVE_UNISTD_H 1
#define HAVE_WCHAR_H 1
#define HAVE_XLOCALE_H 1
#define HAVE_MALLOC_H 1
#define HAVE_STRUCT_STAT_ST_MTIMENSEC 1
#define HAVE_STRUCT_STAT_ST_MTIM_TV_NSEC 1
#define HAVE_STRUCT_STAT_ST_ATIMENSEC 1
#define HAVE_STRUCT_STAT_ST_ATIM_TV_NSEC 1
#define HAVE_STRUCT_STAT_ST_CTIMENSEC 1
#define HAVE_STRUCT_STAT_ST_CTIM_TV_NSEC 1
#define HAVE_STRUCT_STAT_ST_BLKSIZE 1
#define HAVE_STRUCT_STAT_ST_BLOCKS 1
#define HAVE_STRUCT_STATFS_F_BAVAIL 1
#include <sys/types.h>
                           #include <dirent.h>
    void bar(void) {
        struct dirent foo;
        (void) ( foo.d_type );
        (void) foo;
    }
    
-----------
Command line: `/usr/local/lib/android/sdk/ndk/29.0.14206865/toolchains/llvm/prebuilt/linux-x86_64/bin/aarch64-linux-android26-clang /tmp/tmp.UgJ7zjghg8/glib/_build-arm64-v8a/meson-private/tmp3ygvd5vp/testfile.c -o /tmp/tmp.UgJ7zjghg8/glib/_build-arm64-v8a/meson-private/tmp3ygvd5vp/output.obj -c -D_FILE_OFFSET_BITS=64 -O0 -U_FORTIFY_SOURCE -Werror=implicit-function-declaration -Werror=unknown-warning-option -Werror=unused-command-line-argument -Werror=ignored-optimization-argument -std=gnu11` -> 0
Checking if "type "struct dirent" has member "d_type"" compiles: YES 
Running compile:
Working directory:  /tmp/tmp.UgJ7zjghg8/glib/_build-arm64-v8a/meson-private/tmpqsoi7gc8
Code:
#define HAVE_ALLOCA_H 1
#define HAVE_DIRENT_H 1
#define HAVE_FLOAT_H 1
#define HAVE_FTW_H 1
#define HAVE_GRP_H 1
#define HAVE_INTTYPES_H 1
#define HAVE_LIMITS_H 1
#define HAVE_LINUX_NETLINK_H 1
#define HAVE_LOCALE_H 1
#define HAVE_MEMORY_H 1
#define HAVE_MNTENT_H 1
#define HAVE_POLL_H 1
#define HAVE_PWD_H 1
#define HAVE_SCHED_H 1
#define HAVE_SPAWN_H 1
#define HAVE_STDATOMIC_H 1
#define HAVE_STDCKDINT_H 1
#define HAVE_STDINT_H 1
#define HAVE_STDLIB_H 1
#define HAVE_STRING_H 1
#define HAVE_STRINGS_H 1
#define HAVE_SYS_AUXV_H 1
#define HAVE_SYS_UIO_H 1
#define HAVE_SYS_INOTIFY_H 1
#define HAVE_SYS_MOUNT_H 1
#define HAVE_SYS_PARAM_H 1
#define HAVE_SYS_PRCTL_H 1
#define HAVE_SYS_RESOURCE_H 1
#define HAVE_SYS_SELECT_H 1
#define HAVE_SYS_STATFS_H 1
#define HAVE_SYS_STAT_H 1
#define HAVE_SYS_STATVFS_H 1
#define HAVE_SYS_TIME_H 1
#define HAVE_SYS_TIMES_H 1
#define HAVE_SYS_TYPES_H 1
#define HAVE_SYS_UIO_H 1
#define HAVE_SYS_VFS_H 1
#define HAVE_SYS_WAIT_H 1
#define HAVE_SYSLOG_H 1
#define HAVE_TERMIOS_H 1
#define HAVE_UNISTD_H 1
#define HAVE_WCHAR_H 1
#define HAVE_XLOCALE_H 1
#define HAVE_MALLOC_H 1
#define HAVE_STRUCT_STAT_ST_MTIMENSEC 1
#define HAVE_STRUCT_STAT_ST_MTIM_TV_NSEC 1
#define HAVE_STRUCT_STAT_ST_ATIMENSEC 1
#define HAVE_STRUCT_STAT_ST_ATIM_TV_NSEC 1
#define HAVE_STRUCT_STAT_ST_CTIMENSEC 1
#define HAVE_STRUCT_STAT_ST_CTIM_TV_NSEC 1
#define HAVE_STRUCT_STAT_ST_BLKSIZE 1
#define HAVE_STRUCT_STAT_ST_BLOCKS 1
#define HAVE_STRUCT_STATFS_F_BAVAIL 1
#define HAVE_STRUCT_DIRENT_D_TYPE 1
#include <sys/statvfs.h>
    void bar(void) {
        struct statvfs foo;
        (void) ( foo.f_basetype );
        (void) foo;
    }
    
-----------
Command line: `/usr/local/lib/android/sdk/ndk/29.0.14206865/toolchains/llvm/prebuilt/linux-x86_64/bin/aarch64-linux-android26-clang /tmp/tmp.UgJ7zjghg8/glib/_build-arm64-v8a/meson-private/tmpqsoi7gc8/testfile.c -o /tmp/tmp.UgJ7zjghg8/glib/_build-arm64-v8a/meson-private/tmpqsoi7gc8/output.obj -c -D_FILE_OFFSET_BITS=64 -O0 -U_FORTIFY_SOURCE -Werror=implicit-function-declaration -Werror=unknown-warning-option -Werror=unused-command-line-argument -Werror=ignored-optimization-argument -std=gnu11` -> 1
stderr:
/tmp/tmp.UgJ7zjghg8/glib/_build-arm64-v8a/meson-private/tmpqsoi7gc8/testfile.c:58:22: error: no member named 'f_basetype' in 'struct statvfs'
   58 |         (void) ( foo.f_basetype );
      |                  ~~~ ^
1 error generated.
-----------
Checking if "type "struct statvfs" has member "f_basetype"" compiles: NO 
Running compile:
Working directory:  /tmp/tmp.UgJ7zjghg8/glib/_build-arm64-v8a/meson-private/tmpjsqb9jfr
Code:
#define HAVE_ALLOCA_H 1
#define HAVE_DIRENT_H 1
#define HAVE_FLOAT_H 1
#define HAVE_FTW_H 1
#define HAVE_GRP_H 1
#define HAVE_INTTYPES_H 1
#define HAVE_LIMITS_H 1
#define HAVE_LINUX_NETLINK_H 1
#define HAVE_LOCALE_H 1
#define HAVE_MEMORY_H 1
#define HAVE_MNTENT_H 1
#define HAVE_POLL_H 1
#define HAVE_PWD_H 1
#define HAVE_SCHED_H 1
#define HAVE_SPAWN_H 1
#define HAVE_STDATOMIC_H 1
#define HAVE_STDCKDINT_H 1
#define HAVE_STDINT_H 1
#define HAVE_STDLIB_H 1
#define HAVE_STRING_H 1
#define HAVE_STRINGS_H 1
#define HAVE_SYS_AUXV_H 1
#define HAVE_SYS_UIO_H 1
#define HAVE_SYS_INOTIFY_H 1
#define HAVE_SYS_MOUNT_H 1
#define HAVE_SYS_PARAM_H 1
#define HAVE_SYS_PRCTL_H 1
#define HAVE_SYS_RESOURCE_H 1
#define HAVE_SYS_SELECT_H 1
#define HAVE_SYS_STATFS_H 1
#define HAVE_SYS_STAT_H 1
#define HAVE_SYS_STATVFS_H 1
#define HAVE_SYS_TIME_H 1
#define HAVE_SYS_TIMES_H 1
#define HAVE_SYS_TYPES_H 1
#define HAVE_SYS_UIO_H 1
#define HAVE_SYS_VFS_H 1
#define HAVE_SYS_WAIT_H 1
#define HAVE_SYSLOG_H 1
#define HAVE_TERMIOS_H 1
#define HAVE_UNISTD_H 1
#define HAVE_WCHAR_H 1
#define HAVE_XLOCALE_H 1
#define HAVE_MALLOC_H 1
#define HAVE_STRUCT_STAT_ST_MTIMENSEC 1
#define HAVE_STRUCT_STAT_ST_MTIM_TV_NSEC 1
#define HAVE_STRUCT_STAT_ST_ATIMENSEC 1
#define HAVE_STRUCT_STAT_ST_ATIM_TV_NSEC 1
#define HAVE_STRUCT_STAT_ST_CTIMENSEC 1
#define HAVE_STRUCT_STAT_ST_CTIM_TV_NSEC 1
#define HAVE_STRUCT_STAT_ST_BLKSIZE 1
#define HAVE_STRUCT_STAT_ST_BLOCKS 1
#define HAVE_STRUCT_STATFS_F_BAVAIL 1
#define HAVE_STRUCT_DIRENT_D_TYPE 1
#include <sys/statvfs.h>
    void bar(void) {
        struct statvfs foo;
        (void) ( foo.f_fstypename );
        (void) foo;
    }
    
-----------
Command line: `/usr/local/lib/android/sdk/ndk/29.0.14206865/toolchains/llvm/prebuilt/linux-x86_64/bin/aarch64-linux-android26-clang /tmp/tmp.UgJ7zjghg8/glib/_build-arm64-v8a/meson-private/tmpjsqb9jfr/testfile.c -o /tmp/tmp.UgJ7zjghg8/glib/_build-arm64-v8a/meson-private/tmpjsqb9jfr/output.obj -c -D_FILE_OFFSET_BITS=64 -O0 -U_FORTIFY_SOURCE -Werror=implicit-function-declaration -Werror=unknown-warning-option -Werror=unused-command-line-argument -Werror=ignored-optimization-argument -std=gnu11` -> 1
stderr:
/tmp/tmp.UgJ7zjghg8/glib/_build-arm64-v8a/meson-private/tmpjsqb9jfr/testfile.c:58:22: error: no member named 'f_fstypename' in 'struct statvfs'
   58 |         (void) ( foo.f_fstypename );
      |                  ~~~ ^
1 error generated.
-----------
Checking if "type "struct statvfs" has member "f_fstypename"" compiles: NO 
Running compile:
Working directory:  /tmp/tmp.UgJ7zjghg8/glib/_build-arm64-v8a/meson-private/tmpo5xtwa45
Code:
#define HAVE_ALLOCA_H 1
#define HAVE_DIRENT_H 1
#define HAVE_FLOAT_H 1
#define HAVE_FTW_H 1
#define HAVE_GRP_H 1
#define HAVE_INTTYPES_H 1
#define HAVE_LIMITS_H 1
#define HAVE_LINUX_NETLINK_H 1
#define HAVE_LOCALE_H 1
#define HAVE_MEMORY_H 1
#define HAVE_MNTENT_H 1
#define HAVE_POLL_H 1
#define HAVE_PWD_H 1
#define HAVE_SCHED_H 1
#define HAVE_SPAWN_H 1
#define HAVE_STDATOMIC_H 1
#define HAVE_STDCKDINT_H 1
#define HAVE_STDINT_H 1
#define HAVE_STDLIB_H 1
#define HAVE_STRING_H 1
#define HAVE_STRINGS_H 1
#define HAVE_SYS_AUXV_H 1
#define HAVE_SYS_UIO_H 1
#define HAVE_SYS_INOTIFY_H 1
#define HAVE_SYS_MOUNT_H 1
#define HAVE_SYS_PARAM_H 1
#define HAVE_SYS_PRCTL_H 1
#define HAVE_SYS_RESOURCE_H 1
#define HAVE_SYS_SELECT_H 1
#define HAVE_SYS_STATFS_H 1
#define HAVE_SYS_STAT_H 1
#define HAVE_SYS_STATVFS_H 1
#define HAVE_SYS_TIME_H 1
#define HAVE_SYS_TIMES_H 1
#define HAVE_SYS_TYPES_H 1
#define HAVE_SYS_UIO_H 1
#define HAVE_SYS_VFS_H 1
#define HAVE_SYS_WAIT_H 1
#define HAVE_SYSLOG_H 1
#define HAVE_TERMIOS_H 1
#define HAVE_UNISTD_H 1
#define HAVE_WCHAR_H 1
#define HAVE_XLOCALE_H 1
#define HAVE_MALLOC_H 1
#define HAVE_STRUCT_STAT_ST_MTIMENSEC 1
#define HAVE_STRUCT_STAT_ST_MTIM_TV_NSEC 1
#define HAVE_STRUCT_STAT_ST_ATIMENSEC 1
#define HAVE_STRUCT_STAT_ST_ATIM_TV_NSEC 1
#define HAVE_STRUCT_STAT_ST_CTIMENSEC 1
#define HAVE_STRUCT_STAT_ST_CTIM_TV_NSEC 1
#define HAVE_STRUCT_STAT_ST_BLKSIZE 1
#define HAVE_STRUCT_STAT_ST_BLOCKS 1
#define HAVE_STRUCT_STATFS_F_BAVAIL 1
#define HAVE_STRUCT_DIRENT_D_TYPE 1
#include <sys/statvfs.h>
    void bar(void) {
        struct statvfs foo;
        (void) ( foo.f_type );
        (void) foo;
    }
    
-----------
Command line: `/usr/local/lib/android/sdk/ndk/29.0.14206865/toolchains/llvm/prebuilt/linux-x86_64/bin/aarch64-linux-android26-clang /tmp/tmp.UgJ7zjghg8/glib/_build-arm64-v8a/meson-private/tmpo5xtwa45/testfile.c -o /tmp/tmp.UgJ7zjghg8/glib/_build-arm64-v8a/meson-private/tmpo5xtwa45/output.obj -c -D_FILE_OFFSET_BITS=64 -O0 -U_FORTIFY_SOURCE -Werror=implicit-function-declaration -Werror=unknown-warning-option -Werror=unused-command-line-argument -Werror=ignored-optimization-argument -std=gnu11` -> 1
stderr:
/tmp/tmp.UgJ7zjghg8/glib/_build-arm64-v8a/meson-private/tmpo5xtwa45/testfile.c:58:22: error: no member named 'f_type' in 'struct statvfs'
   58 |         (void) ( foo.f_type );
      |                  ~~~ ^
1 error generated.
-----------
Checking if "type "struct statvfs" has member "f_type"" compiles: NO 
Running compile:
Working directory:  /tmp/tmp.UgJ7zjghg8/glib/_build-arm64-v8a/meson-private/tmpeg8p9v3s
Code:
#define HAVE_ALLOCA_H 1
#define HAVE_DIRENT_H 1
#define HAVE_FLOAT_H 1
#define HAVE_FTW_H 1
#define HAVE_GRP_H 1
#define HAVE_INTTYPES_H 1
#define HAVE_LIMITS_H 1
#define HAVE_LINUX_NETLINK_H 1
#define HAVE_LOCALE_H 1
#define HAVE_MEMORY_H 1
#define HAVE_MNTENT_H 1
#define HAVE_POLL_H 1
#define HAVE_PWD_H 1
#define HAVE_SCHED_H 1
#define HAVE_SPAWN_H 1
#define HAVE_STDATOMIC_H 1
#define HAVE_STDCKDINT_H 1
#define HAVE_STDINT_H 1
#define HAVE_STDLIB_H 1
#define HAVE_STRING_H 1
#define HAVE_STRINGS_H 1
#define HAVE_SYS_AUXV_H 1
#define HAVE_SYS_UIO_H 1
#define HAVE_SYS_INOTIFY_H 1
#define HAVE_SYS_MOUNT_H 1
#define HAVE_SYS_PARAM_H 1
#define HAVE_SYS_PRCTL_H 1
#define HAVE_SYS_RESOURCE_H 1
#define HAVE_SYS_SELECT_H 1
#define HAVE_SYS_STATFS_H 1
#define HAVE_SYS_STAT_H 1
#define HAVE_SYS_STATVFS_H 1
#define HAVE_SYS_TIME_H 1
#define HAVE_SYS_TIMES_H 1
#define HAVE_SYS_TYPES_H 1
#define HAVE_SYS_UIO_H 1
#define HAVE_SYS_VFS_H 1
#define HAVE_SYS_WAIT_H 1
#define HAVE_SYSLOG_H 1
#define HAVE_TERMIOS_H 1
#define HAVE_UNISTD_H 1
#define HAVE_WCHAR_H 1
#define HAVE_XLOCALE_H 1
#define HAVE_MALLOC_H 1
#define HAVE_STRUCT_STAT_ST_MTIMENSEC 1
#define HAVE_STRUCT_STAT_ST_MTIM_TV_NSEC 1
#define HAVE_STRUCT_STAT_ST_ATIMENSEC 1
#define HAVE_STRUCT_STAT_ST_ATIM_TV_NSEC 1
#define HAVE_STRUCT_STAT_ST_CTIMENSEC 1
#define HAVE_STRUCT_STAT_ST_CTIM_TV_NSEC 1
#define HAVE_STRUCT_STAT_ST_BLKSIZE 1
#define HAVE_STRUCT_STAT_ST_BLOCKS 1
#define HAVE_STRUCT_STATFS_F_BAVAIL 1
#define HAVE_STRUCT_DIRENT_D_TYPE 1
#include <time.h>
    void bar(void) {
        struct tm foo;
        (void) ( foo.tm_gmtoff );
        (void) foo;
    }
    
-----------
Command line: `/usr/local/lib/android/sdk/ndk/29.0.14206865/toolchains/llvm/prebuilt/linux-x86_64/bin/aarch64-linux-android26-clang /tmp/tmp.UgJ7zjghg8/glib/_build-arm64-v8a/meson-private/tmpeg8p9v3s/testfile.c -o /tmp/tmp.UgJ7zjghg8/glib/_build-arm64-v8a/meson-private/tmpeg8p9v3s/output.obj -c -D_FILE_OFFSET_BITS=64 -O0 -U_FORTIFY_SOURCE -Werror=implicit-function-declaration -Werror=unknown-warning-option -Werror=unused-command-line-argument -Werror=ignored-optimization-argument -std=gnu11` -> 0
Checking if "type "struct tm" has member "tm_gmtoff"" compiles: YES 
Running compile:
Working directory:  /tmp/tmp.UgJ7zjghg8/glib/_build-arm64-v8a/meson-private/tmppdg3d_pe
Code:
#define HAVE_ALLOCA_H 1
#define HAVE_DIRENT_H 1
#define HAVE_FLOAT_H 1
#define HAVE_FTW_H 1
#define HAVE_GRP_H 1
#define HAVE_INTTYPES_H 1
#define HAVE_LIMITS_H 1
#define HAVE_LINUX_NETLINK_H 1
#define HAVE_LOCALE_H 1
#define HAVE_MEMORY_H 1
#define HAVE_MNTENT_H 1
#define HAVE_POLL_H 1
#define HAVE_PWD_H 1
#define HAVE_SCHED_H 1
#define HAVE_SPAWN_H 1
#define HAVE_STDATOMIC_H 1
#define HAVE_STDCKDINT_H 1
#define HAVE_STDINT_H 1
#define HAVE_STDLIB_H 1
#define HAVE_STRING_H 1
#define HAVE_STRINGS_H 1
#define HAVE_SYS_AUXV_H 1
#define HAVE_SYS_UIO_H 1
#define HAVE_SYS_INOTIFY_H 1
#define HAVE_SYS_MOUNT_H 1
#define HAVE_SYS_PARAM_H 1
#define HAVE_SYS_PRCTL_H 1
#define HAVE_SYS_RESOURCE_H 1
#define HAVE_SYS_SELECT_H 1
#define HAVE_SYS_STATFS_H 1
#define HAVE_SYS_STAT_H 1
#define HAVE_SYS_STATVFS_H 1
#define HAVE_SYS_TIME_H 1
#define HAVE_SYS_TIMES_H 1
#define HAVE_SYS_TYPES_H 1
#define HAVE_SYS_UIO_H 1
#define HAVE_SYS_VFS_H 1
#define HAVE_SYS_WAIT_H 1
#define HAVE_SYSLOG_H 1
#define HAVE_TERMIOS_H 1
#define HAVE_UNISTD_H 1
#define HAVE_WCHAR_H 1
#define HAVE_XLOCALE_H 1
#define HAVE_MALLOC_H 1
#define HAVE_STRUCT_STAT_ST_MTIMENSEC 1
#define HAVE_STRUCT_STAT_ST_MTIM_TV_NSEC 1
#define HAVE_STRUCT_STAT_ST_ATIMENSEC 1
#define HAVE_STRUCT_STAT_ST_ATIM_TV_NSEC 1
#define HAVE_STRUCT_STAT_ST_CTIMENSEC 1
#define HAVE_STRUCT_STAT_ST_CTIM_TV_NSEC 1
#define HAVE_STRUCT_STAT_ST_BLKSIZE 1
#define HAVE_STRUCT_STAT_ST_BLOCKS 1
#define HAVE_STRUCT_STATFS_F_BAVAIL 1
#define HAVE_STRUCT_DIRENT_D_TYPE 1
#define HAVE_STRUCT_TM_TM_GMTOFF 1
#include <time.h>
    void bar(void) {
        struct tm foo;
        (void) ( foo.__tm_gmtoff );
        (void) foo;
    }
    
-----------
Command line: `/usr/local/lib/android/sdk/ndk/29.0.14206865/toolchains/llvm/prebuilt/linux-x86_64/bin/aarch64-linux-android26-clang /tmp/tmp.UgJ7zjghg8/glib/_build-arm64-v8a/meson-private/tmppdg3d_pe/testfile.c -o /tmp/tmp.UgJ7zjghg8/glib/_build-arm64-v8a/meson-private/tmppdg3d_pe/output.obj -c -D_FILE_OFFSET_BITS=64 -O0 -U_FORTIFY_SOURCE -Werror=implicit-function-declaration -Werror=unknown-warning-option -Werror=unused-command-line-argument -Werror=ignored-optimization-argument -std=gnu11` -> 1
stderr:
/tmp/tmp.UgJ7zjghg8/glib/_build-arm64-v8a/meson-private/tmppdg3d_pe/testfile.c:59:22: error: no member named '__tm_gmtoff' in 'struct tm'; did you mean 'tm_gmtoff'?
   59 |         (void) ( foo.__tm_gmtoff );
      |                      ^~~~~~~~~~~
      |                      tm_gmtoff
/usr/local/lib/android/sdk/ndk/29.0.14206865/toolchains/llvm/prebuilt/linux-x86_64/bin/../sysroot/usr/include/time.h:94:12: note: 'tm_gmtoff' declared here
   94 |   long int tm_gmtoff;
      |            ^
1 error generated.
-----------
Checking if "type "struct tm" has member "__tm_gmtoff"" compiles: NO 
Running compile:
Working directory:  /tmp/tmp.UgJ7zjghg8/glib/_build-arm64-v8a/meson-private/tmpmttaxf7_
Code:
extern int i;
int i;

-----------
Command line: `/usr/local/lib/android/sdk/ndk/29.0.14206865/toolchains/llvm/prebuilt/linux-x86_64/bin/aarch64-linux-android26-clang /tmp/tmp.UgJ7zjghg8/glib/_build-arm64-v8a/meson-private/tmpmttaxf7_/testfile.c -o /tmp/tmp.UgJ7zjghg8/glib/_build-arm64-v8a/meson-private/tmpmttaxf7_/output.obj -c -D_FILE_OFFSET_BITS=64 -O0 -U_FORTIFY_SOURCE -Werror=implicit-function-declaration -Werror=unknown-warning-option -Werror=unused-command-line-argument -Werror=ignored-optimization-argument -Wduplicated-branches` -> 1
stderr:
error: unknown warning option '-Wduplicated-branches' [-Werror,-Wunknown-warning-option]
-----------
Compiler for C supports arguments -Wduplicated-branches: NO 
Running compile:
Working directory:  /tmp/tmp.UgJ7zjghg8/glib/_build-arm64-v8a/meson-private/tmp0d3rwn7e
Code:
extern int i;
int i;

-----------
Command line: `/usr/local/lib/android/sdk/ndk/29.0.14206865/toolchains/llvm/prebuilt/linux-x86_64/bin/aarch64-linux-android26-clang /tmp/tmp.UgJ7zjghg8/glib/_build-arm64-v8a/meson-private/tmp0d3rwn7e/testfile.c -o /tmp/tmp.UgJ7zjghg8/glib/_build-arm64-v8a/meson-private/tmp0d3rwn7e/output.obj -c -D_FILE_OFFSET_BITS=64 -O0 -U_FORTIFY_SOURCE -Werror=implicit-function-declaration -Werror=unknown-warning-option -Werror=unused-command-line-argument -Werror=ignored-optimization-argument -Wfloat-conversion` -> 0
Compiler for C supports arguments -Wfloat-conversion: YES 
Running compile:
Working directory:  /tmp/tmp.UgJ7zjghg8/glib/_build-arm64-v8a/meson-private/tmpi_gy9nfk
Code:
extern int i;
int i;

-----------
Command line: `/usr/local/lib/android/sdk/ndk/29.0.14206865/toolchains/llvm/prebuilt/linux-x86_64/bin/aarch64-linux-android26-clang /tmp/tmp.UgJ7zjghg8/glib/_build-arm64-v8a/meson-private/tmpi_gy9nfk/testfile.c -o /tmp/tmp.UgJ7zjghg8/glib/_build-arm64-v8a/meson-private/tmpi_gy9nfk/output.obj -c -D_FILE_OFFSET_BITS=64 -O0 -U_FORTIFY_SOURCE -Werror=implicit-function-declaration -Werror=unknown-warning-option -Werror=unused-command-line-argument -Werror=ignored-optimization-argument -Wimplicit-fallthrough` -> 0
Compiler for C supports arguments -Wimplicit-fallthrough: YES 
Running compile:
Working directory:  /tmp/tmp.UgJ7zjghg8/glib/_build-arm64-v8a/meson-private/tmpcqqzcsje
Code:
extern int i;
int i;

-----------
Command line: `/usr/local/lib/android/sdk/ndk/29.0.14206865/toolchains/llvm/prebuilt/linux-x86_64/bin/aarch64-linux-android26-clang /tmp/tmp.UgJ7zjghg8/glib/_build-arm64-v8a/meson-private/tmpcqqzcsje/testfile.c -o /tmp/tmp.UgJ7zjghg8/glib/_build-arm64-v8a/meson-private/tmpcqqzcsje/output.obj -c -D_FILE_OFFSET_BITS=64 -O0 -U_FORTIFY_SOURCE -Werror=implicit-function-declaration -Werror=unknown-warning-option -Werror=unused-command-line-argument -Werror=ignored-optimization-argument -Wmisleading-indentation` -> 0
Compiler for C supports arguments -Wmisleading-indentation: YES 
Running compile:
Working directory:  /tmp/tmp.UgJ7zjghg8/glib/_build-arm64-v8a/meson-private/tmpr0r19hje
Code:
extern int i;
int i;

-----------
Command line: `/usr/local/lib/android/sdk/ndk/29.0.14206865/toolchains/llvm/prebuilt/linux-x86_64/bin/aarch64-linux-android26-clang /tmp/tmp.UgJ7zjghg8/glib/_build-arm64-v8a/meson-private/tmpr0r19hje/testfile.c -o /tmp/tmp.UgJ7zjghg8/glib/_build-arm64-v8a/meson-private/tmpr0r19hje/output.obj -c -D_FILE_OFFSET_BITS=64 -O0 -U_FORTIFY_SOURCE -Werror=implicit-function-declaration -Werror=unknown-warning-option -Werror=unused-command-line-argument -Werror=ignored-optimization-argument -Wmissing-field-initializers` -> 0
Compiler for C supports arguments -Wmissing-field-initializers: YES 
Running compile:
Working directory:  /tmp/tmp.UgJ7zjghg8/glib/_build-arm64-v8a/meson-private/tmpn3d5un5r
Code:
extern int i;
int i;

-----------
Command line: `/usr/local/lib/android/sdk/ndk/29.0.14206865/toolchains/llvm/prebuilt/linux-x86_64/bin/aarch64-linux-android26-clang /tmp/tmp.UgJ7zjghg8/glib/_build-arm64-v8a/meson-private/tmpn3d5un5r/testfile.c -o /tmp/tmp.UgJ7zjghg8/glib/_build-arm64-v8a/meson-private/tmpn3d5un5r/output.obj -c -D_FILE_OFFSET_BITS=64 -O0 -U_FORTIFY_SOURCE -Werror=implicit-function-declaration -Werror=unknown-warning-option -Werror=unused-command-line-argument -Werror=ignored-optimization-argument -Wnonnull` -> 0
Compiler for C supports arguments -Wnonnull: YES 
Running compile:
Working directory:  /tmp/tmp.UgJ7zjghg8/glib/_build-arm64-v8a/meson-private/tmp3s96sc6r
Code:
extern int i;
int i;

-----------
Command line: `/usr/local/lib/android/sdk/ndk/29.0.14206865/toolchains/llvm/prebuilt/linux-x86_64/bin/aarch64-linux-android26-clang /tmp/tmp.UgJ7zjghg8/glib/_build-arm64-v8a/meson-private/tmp3s96sc6r/testfile.c -o /tmp/tmp.UgJ7zjghg8/glib/_build-arm64-v8a/meson-private/tmp3s96sc6r/output.obj -c -D_FILE_OFFSET_BITS=64 -O0 -U_FORTIFY_SOURCE -Werror=implicit-function-declaration -Werror=unknown-warning-option -Werror=unused-command-line-argument -Werror=ignored-optimization-argument -Wnull-dereference` -> 0
Compiler for C supports arguments -Wnull-dereference: YES 
Running compile:
Working directory:  /tmp/tmp.UgJ7zjghg8/glib/_build-arm64-v8a/meson-private/tmpygzdti8z
Code:
extern int i;
int i;

-----------
Command line: `/usr/local/lib/android/sdk/ndk/29.0.14206865/toolchains/llvm/prebuilt/linux-x86_64/bin/aarch64-linux-android26-clang /tmp/tmp.UgJ7zjghg8/glib/_build-arm64-v8a/meson-private/tmpygzdti8z/testfile.c -o /tmp/tmp.UgJ7zjghg8/glib/_build-arm64-v8a/meson-private/tmpygzdti8z/output.obj -c -D_FILE_OFFSET_BITS=64 -O0 -U_FORTIFY_SOURCE -Werror=implicit-function-declaration -Werror=unknown-warning-option -Werror=unused-command-line-argument -Werror=ignored-optimization-argument -Wunused` -> 0
Compiler for C supports arguments -Wunused: YES 
Running compile:
Working directory:  /tmp/tmp.UgJ7zjghg8/glib/_build-arm64-v8a/meson-private/tmpp1yc0z13
Code:
extern int i;
int i;

-----------
Command line: `/usr/local/lib/android/sdk/ndk/29.0.14206865/toolchains/llvm/prebuilt/linux-x86_64/bin/aarch64-linux-android26-clang /tmp/tmp.UgJ7zjghg8/glib/_build-arm64-v8a/meson-private/tmpp1yc0z13/testfile.c -o /tmp/tmp.UgJ7zjghg8/glib/_build-arm64-v8a/meson-private/tmpp1yc0z13/output.obj -c -D_FILE_OFFSET_BITS=64 -O0 -U_FORTIFY_SOURCE -Werror=implicit-function-declaration -Werror=unknown-warning-option -Werror=unused-command-line-argument -Werror=ignored-optimization-argument -Wunused-parameter -Wno-unused-parameter` -> 0
Compiler for C supports arguments -Wno-unused-parameter: YES 
Running compile:
Working directory:  /tmp/tmp.UgJ7zjghg8/glib/_build-arm64-v8a/meson-private/tmpdbndwvy6
Code:
extern int i;
int i;

-----------
Command line: `/usr/local/lib/android/sdk/ndk/29.0.14206865/toolchains/llvm/prebuilt/linux-x86_64/bin/aarch64-linux-android26-clang /tmp/tmp.UgJ7zjghg8/glib/_build-arm64-v8a/meson-private/tmpdbndwvy6/testfile.c -o /tmp/tmp.UgJ7zjghg8/glib/_build-arm64-v8a/meson-private/tmpdbndwvy6/output.obj -c -D_FILE_OFFSET_BITS=64 -O0 -U_FORTIFY_SOURCE -Werror=implicit-function-declaration -Werror=unknown-warning-option -Werror=unused-command-line-argument -Werror=ignored-optimization-argument -Wcast-function-type -Wno-cast-function-type` -> 0
Compiler for C supports arguments -Wno-cast-function-type: YES 
Running compile:
Working directory:  /tmp/tmp.UgJ7zjghg8/glib/_build-arm64-v8a/meson-private/tmppz6ioy69
Code:
extern int i;
int i;

-----------
Command line: `/usr/local/lib/android/sdk/ndk/29.0.14206865/toolchains/llvm/prebuilt/linux-x86_64/bin/aarch64-linux-android26-clang /tmp/tmp.UgJ7zjghg8/glib/_build-arm64-v8a/meson-private/tmppz6ioy69/testfile.c -o /tmp/tmp.UgJ7zjghg8/glib/_build-arm64-v8a/meson-private/tmppz6ioy69/output.obj -c -D_FILE_OFFSET_BITS=64 -O0 -U_FORTIFY_SOURCE -Werror=implicit-function-declaration -Werror=unknown-warning-option -Werror=unused-command-line-argument -Werror=ignored-optimization-argument -Wpedantic -Wno-pedantic` -> 0
Compiler for C supports arguments -Wno-pedantic: YES 
Running compile:
Working directory:  /tmp/tmp.UgJ7zjghg8/glib/_build-arm64-v8a/meson-private/tmp84w1vkc7
Code:
extern int i;
int i;

-----------
Command line: `/usr/local/lib/android/sdk/ndk/29.0.14206865/toolchains/llvm/prebuilt/linux-x86_64/bin/aarch64-linux-android26-clang /tmp/tmp.UgJ7zjghg8/glib/_build-arm64-v8a/meson-private/tmp84w1vkc7/testfile.c -o /tmp/tmp.UgJ7zjghg8/glib/_build-arm64-v8a/meson-private/tmp84w1vkc7/output.obj -c -D_FILE_OFFSET_BITS=64 -O0 -U_FORTIFY_SOURCE -Werror=implicit-function-declaration -Werror=unknown-warning-option -Werror=unused-command-line-argument -Werror=ignored-optimization-argument -Wformat-zero-length -Wno-format-zero-length` -> 0
Compiler for C supports arguments -Wno-format-zero-length: YES 
Running compile:
Working directory:  /tmp/tmp.UgJ7zjghg8/glib/_build-arm64-v8a/meson-private/tmpml5jp1z9
Code:
extern int i;
int i;

-----------
Command line: `/usr/local/lib/android/sdk/ndk/29.0.14206865/toolchains/llvm/prebuilt/linux-x86_64/bin/aarch64-linux-android26-clang /tmp/tmp.UgJ7zjghg8/glib/_build-arm64-v8a/meson-private/tmpml5jp1z9/testfile.c -o /tmp/tmp.UgJ7zjghg8/glib/_build-arm64-v8a/meson-private/tmpml5jp1z9/output.obj -c -D_FILE_OFFSET_BITS=64 -O0 -U_FORTIFY_SOURCE -Werror=implicit-function-declaration -Werror=unknown-warning-option -Werror=unused-command-line-argument -Werror=ignored-optimization-argument -Wvariadic-macros -Wno-variadic-macros` -> 0
Compiler for C supports arguments -Wno-variadic-macros: YES 
Running compile:
Working directory:  /tmp/tmp.UgJ7zjghg8/glib/_build-arm64-v8a/meson-private/tmpvtdq6b72
Code:
extern int i;
int i;

-----------
Command line: `/usr/local/lib/android/sdk/ndk/29.0.14206865/toolchains/llvm/prebuilt/linux-x86_64/bin/aarch64-linux-android26-clang /tmp/tmp.UgJ7zjghg8/glib/_build-arm64-v8a/meson-private/tmpvtdq6b72/testfile.c -o /tmp/tmp.UgJ7zjghg8/glib/_build-arm64-v8a/meson-private/tmpvtdq6b72/output.obj -c -D_FILE_OFFSET_BITS=64 -O0 -U_FORTIFY_SOURCE -Werror=implicit-function-declaration -Werror=unknown-warning-option -Werror=unused-command-line-argument -Werror=ignored-optimization-argument -Werror=format=2` -> 0
Compiler for C supports arguments -Werror=format=2: YES 
Running compile:
Working directory:  /tmp/tmp.UgJ7zjghg8/glib/_build-arm64-v8a/meson-private/tmp6sfvzzes
Code:
extern int i;
int i;

-----------
Command line: `/usr/local/lib/android/sdk/ndk/29.0.14206865/toolchains/llvm/prebuilt/linux-x86_64/bin/aarch64-linux-android26-clang /tmp/tmp.UgJ7zjghg8/glib/_build-arm64-v8a/meson-private/tmp6sfvzzes/testfile.c -o /tmp/tmp.UgJ7zjghg8/glib/_build-arm64-v8a/meson-private/tmp6sfvzzes/output.obj -c -D_FILE_OFFSET_BITS=64 -O0 -U_FORTIFY_SOURCE -Werror=implicit-function-declaration -Werror=unknown-warning-option -Werror=unused-command-line-argument -Werror=ignored-optimization-argument -Werror=init-self` -> 0
Compiler for C supports arguments -Werror=init-self: YES 
Running compile:
Working directory:  /tmp/tmp.UgJ7zjghg8/glib/_build-arm64-v8a/meson-private/tmpd2nzopk0
Code:
extern int i;
int i;

-----------
Command line: `/usr/local/lib/android/sdk/ndk/29.0.14206865/toolchains/llvm/prebuilt/linux-x86_64/bin/aarch64-linux-android26-clang /tmp/tmp.UgJ7zjghg8/glib/_build-arm64-v8a/meson-private/tmpd2nzopk0/testfile.c -o /tmp/tmp.UgJ7zjghg8/glib/_build-arm64-v8a/meson-private/tmpd2nzopk0/output.obj -c -D_FILE_OFFSET_BITS=64 -O0 -U_FORTIFY_SOURCE -Werror=implicit-function-declaration -Werror=unknown-warning-option -Werror=unused-command-line-argument -Werror=ignored-optimization-argument -Werror=missing-include-dirs` -> 0
Compiler for C supports arguments -Werror=missing-include-dirs: YES 
Running compile:
Working directory:  /tmp/tmp.UgJ7zjghg8/glib/_build-arm64-v8a/meson-private/tmprf6hr45o
Code:
extern int i;
int i;

-----------
Command line: `/usr/local/lib/android/sdk/ndk/29.0.14206865/toolchains/llvm/prebuilt/linux-x86_64/bin/aarch64-linux-android26-clang /tmp/tmp.UgJ7zjghg8/glib/_build-arm64-v8a/meson-private/tmprf6hr45o/testfile.c -o /tmp/tmp.UgJ7zjghg8/glib/_build-arm64-v8a/meson-private/tmprf6hr45o/output.obj -c -D_FILE_OFFSET_BITS=64 -O0 -U_FORTIFY_SOURCE -Werror=implicit-function-declaration -Werror=unknown-warning-option -Werror=unused-command-line-argument -Werror=ignored-optimization-argument -Werror=pointer-arith` -> 0
Compiler for C supports arguments -Werror=pointer-arith: YES 
Running compile:
Working directory:  /tmp/tmp.UgJ7zjghg8/glib/_build-arm64-v8a/meson-private/tmpnarax7_e
Code:
extern int i;
int i;

-----------
Command line: `/usr/local/lib/android/sdk/ndk/29.0.14206865/toolchains/llvm/prebuilt/linux-x86_64/bin/aarch64-linux-android26-clang /tmp/tmp.UgJ7zjghg8/glib/_build-arm64-v8a/meson-private/tmpnarax7_e/testfile.c -o /tmp/tmp.UgJ7zjghg8/glib/_build-arm64-v8a/meson-private/tmpnarax7_e/output.obj -c -D_FILE_OFFSET_BITS=64 -O0 -U_FORTIFY_SOURCE -Werror=implicit-function-declaration -Werror=unknown-warning-option -Werror=unused-command-line-argument -Werror=ignored-optimization-argument -Werror=unused-result` -> 0
Compiler for C supports arguments -Werror=unused-result: YES 
Running compile:
Working directory:  /tmp/tmp.UgJ7zjghg8/glib/_build-arm64-v8a/meson-private/tmptvbuvtue
Code:
extern int i;
int i;

-----------
Command line: `/usr/local/lib/android/sdk/ndk/29.0.14206865/toolchains/llvm/prebuilt/linux-x86_64/bin/aarch64-linux-android26-clang /tmp/tmp.UgJ7zjghg8/glib/_build-arm64-v8a/meson-private/tmptvbuvtue/testfile.c -o /tmp/tmp.UgJ7zjghg8/glib/_build-arm64-v8a/meson-private/tmptvbuvtue/output.obj -c -D_FILE_OFFSET_BITS=64 -O0 -U_FORTIFY_SOURCE -Werror=implicit-function-declaration -Werror=unknown-warning-option -Werror=unused-command-line-argument -Werror=ignored-optimization-argument -Wstrict-prototypes` -> 0
Compiler for C supports arguments -Wstrict-prototypes: YES 
Running compile:
Working directory:  /tmp/tmp.UgJ7zjghg8/glib/_build-arm64-v8a/meson-private/tmpzsfwaudh
Code:
extern int i;
int i;

-----------
Command line: `/usr/local/lib/android/sdk/ndk/29.0.14206865/toolchains/llvm/prebuilt/linux-x86_64/bin/aarch64-linux-android26-clang /tmp/tmp.UgJ7zjghg8/glib/_build-arm64-v8a/meson-private/tmpzsfwaudh/testfile.c -o /tmp/tmp.UgJ7zjghg8/glib/_build-arm64-v8a/meson-private/tmpzsfwaudh/output.obj -c -D_FILE_OFFSET_BITS=64 -O0 -U_FORTIFY_SOURCE -Werror=implicit-function-declaration -Werror=unknown-warning-option -Werror=unused-command-line-argument -Werror=ignored-optimization-argument -Wbad-function-cast -Wno-bad-function-cast` -> 0
Compiler for C supports arguments -Wno-bad-function-cast: YES 
Running compile:
Working directory:  /tmp/tmp.UgJ7zjghg8/glib/_build-arm64-v8a/meson-private/tmpoel97p47
Code:
extern int i;
int i;

-----------
Command line: `/usr/local/lib/android/sdk/ndk/29.0.14206865/toolchains/llvm/prebuilt/linux-x86_64/bin/aarch64-linux-android26-clang /tmp/tmp.UgJ7zjghg8/glib/_build-arm64-v8a/meson-private/tmpoel97p47/testfile.c -o /tmp/tmp.UgJ7zjghg8/glib/_build-arm64-v8a/meson-private/tmpoel97p47/output.obj -c -D_FILE_OFFSET_BITS=64 -O0 -U_FORTIFY_SOURCE -Werror=implicit-function-declaration -Werror=unknown-warning-option -Werror=unused-command-line-argument -Werror=ignored-optimization-argument -Werror=implicit-function-declaration` -> 0
Compiler for C supports arguments -Werror=implicit-function-declaration: YES 
Running compile:
Working directory:  /tmp/tmp.UgJ7zjghg8/glib/_build-arm64-v8a/meson-private/tmp39u47nkm
Code:
extern int i;
int i;

-----------
Command line: `/usr/local/lib/android/sdk/ndk/29.0.14206865/toolchains/llvm/prebuilt/linux-x86_64/bin/aarch64-linux-android26-clang /tmp/tmp.UgJ7zjghg8/glib/_build-arm64-v8a/meson-private/tmp39u47nkm/testfile.c -o /tmp/tmp.UgJ7zjghg8/glib/_build-arm64-v8a/meson-private/tmp39u47nkm/output.obj -c -D_FILE_OFFSET_BITS=64 -O0 -U_FORTIFY_SOURCE -Werror=implicit-function-declaration -Werror=unknown-warning-option -Werror=unused-command-line-argument -Werror=ignored-optimization-argument -Werror=missing-prototypes` -> 0
Compiler for C supports arguments -Werror=missing-prototypes: YES 
Running compile:
Working directory:  /tmp/tmp.UgJ7zjghg8/glib/_build-arm64-v8a/meson-private/tmpwordoao_
Code:
extern int i;
int i;

-----------
Command line: `/usr/local/lib/android/sdk/ndk/29.0.14206865/toolchains/llvm/prebuilt/linux-x86_64/bin/aarch64-linux-android26-clang /tmp/tmp.UgJ7zjghg8/glib/_build-arm64-v8a/meson-private/tmpwordoao_/testfile.c -o /tmp/tmp.UgJ7zjghg8/glib/_build-arm64-v8a/meson-private/tmpwordoao_/output.obj -c -D_FILE_OFFSET_BITS=64 -O0 -U_FORTIFY_SOURCE -Werror=implicit-function-declaration -Werror=unknown-warning-option -Werror=unused-command-line-argument -Werror=ignored-optimization-argument -Werror=pointer-sign` -> 0
Compiler for C supports arguments -Werror=pointer-sign: YES 
Running compile:
Working directory:  /tmp/tmp.UgJ7zjghg8/glib/_build-arm64-v8a/meson-private/tmpaad0ynbg
Code:
extern int i;
int i;

-----------
Command line: `/usr/local/lib/android/sdk/ndk/29.0.14206865/toolchains/llvm/prebuilt/linux-x86_64/bin/aarch64-linux-android26-clang /tmp/tmp.UgJ7zjghg8/glib/_build-arm64-v8a/meson-private/tmpaad0ynbg/testfile.c -o /tmp/tmp.UgJ7zjghg8/glib/_build-arm64-v8a/meson-private/tmpaad0ynbg/output.obj -c -D_FILE_OFFSET_BITS=64 -O0 -U_FORTIFY_SOURCE -Werror=implicit-function-declaration -Werror=unknown-warning-option -Werror=unused-command-line-argument -Werror=ignored-optimization-argument -Wstring-plus-int -Wno-string-plus-int` -> 0
Compiler for C supports arguments -Wno-string-plus-int: YES 
Running compile:
Working directory:  /tmp/tmp.UgJ7zjghg8/glib/_build-arm64-v8a/meson-private/tmp701k2k7h
Code:
extern int i;
int i;

-----------
Command line: `/usr/local/lib/android/sdk/ndk/29.0.14206865/toolchains/llvm/prebuilt/linux-x86_64/bin/aarch64-linux-android26-clang++ /tmp/tmp.UgJ7zjghg8/glib/_build-arm64-v8a/meson-private/tmp701k2k7h/testfile.cpp -o /tmp/tmp.UgJ7zjghg8/glib/_build-arm64-v8a/meson-private/tmp701k2k7h/output.obj -c -D_FILE_OFFSET_BITS=64 -O0 -U_FORTIFY_SOURCE -fpermissive -Werror=implicit-function-declaration -Werror=unknown-warning-option -Werror=unused-command-line-argument -Werror=ignored-optimization-argument -Wduplicated-branches` -> 1
stderr:
error: unknown warning option '-Wduplicated-branches' [-Werror,-Wunknown-warning-option]
-----------
Compiler for C++ supports arguments -Wduplicated-branches: NO 
Running compile:
Working directory:  /tmp/tmp.UgJ7zjghg8/glib/_build-arm64-v8a/meson-private/tmpsj81race
Code:
extern int i;
int i;

-----------
Command line: `/usr/local/lib/android/sdk/ndk/29.0.14206865/toolchains/llvm/prebuilt/linux-x86_64/bin/aarch64-linux-android26-clang++ /tmp/tmp.UgJ7zjghg8/glib/_build-arm64-v8a/meson-private/tmpsj81race/testfile.cpp -o /tmp/tmp.UgJ7zjghg8/glib/_build-arm64-v8a/meson-private/tmpsj81race/output.obj -c -D_FILE_OFFSET_BITS=64 -O0 -U_FORTIFY_SOURCE -fpermissive -Werror=implicit-function-declaration -Werror=unknown-warning-option -Werror=unused-command-line-argument -Werror=ignored-optimization-argument -Wfloat-conversion` -> 0
Compiler for C++ supports arguments -Wfloat-conversion: YES 
Running compile:
Working directory:  /tmp/tmp.UgJ7zjghg8/glib/_build-arm64-v8a/meson-private/tmp1spicbqg
Code:
extern int i;
int i;

-----------
Command line: `/usr/local/lib/android/sdk/ndk/29.0.14206865/toolchains/llvm/prebuilt/linux-x86_64/bin/aarch64-linux-android26-clang++ /tmp/tmp.UgJ7zjghg8/glib/_build-arm64-v8a/meson-private/tmp1spicbqg/testfile.cpp -o /tmp/tmp.UgJ7zjghg8/glib/_build-arm64-v8a/meson-private/tmp1spicbqg/output.obj -c -D_FILE_OFFSET_BITS=64 -O0 -U_FORTIFY_SOURCE -fpermissive -Werror=implicit-function-declaration -Werror=unknown-warning-option -Werror=unused-command-line-argument -Werror=ignored-optimization-argument -Wimplicit-fallthrough` -> 0
Compiler for C++ supports arguments -Wimplicit-fallthrough: YES 
Running compile:
Working directory:  /tmp/tmp.UgJ7zjghg8/glib/_build-arm64-v8a/meson-private/tmp07b4gjul
Code:
extern int i;
int i;

-----------
Command line: `/usr/local/lib/android/sdk/ndk/29.0.14206865/toolchains/llvm/prebuilt/linux-x86_64/bin/aarch64-linux-android26-clang++ /tmp/tmp.UgJ7zjghg8/glib/_build-arm64-v8a/meson-private/tmp07b4gjul/testfile.cpp -o /tmp/tmp.UgJ7zjghg8/glib/_build-arm64-v8a/meson-private/tmp07b4gjul/output.obj -c -D_FILE_OFFSET_BITS=64 -O0 -U_FORTIFY_SOURCE -fpermissive -Werror=implicit-function-declaration -Werror=unknown-warning-option -Werror=unused-command-line-argument -Werror=ignored-optimization-argument -Wmisleading-indentation` -> 0
Compiler for C++ supports arguments -Wmisleading-indentation: YES 
Running compile:
Working directory:  /tmp/tmp.UgJ7zjghg8/glib/_build-arm64-v8a/meson-private/tmp8lsx4xv4
Code:
extern int i;
int i;

-----------
Command line: `/usr/local/lib/android/sdk/ndk/29.0.14206865/toolchains/llvm/prebuilt/linux-x86_64/bin/aarch64-linux-android26-clang++ /tmp/tmp.UgJ7zjghg8/glib/_build-arm64-v8a/meson-private/tmp8lsx4xv4/testfile.cpp -o /tmp/tmp.UgJ7zjghg8/glib/_build-arm64-v8a/meson-private/tmp8lsx4xv4/output.obj -c -D_FILE_OFFSET_BITS=64 -O0 -U_FORTIFY_SOURCE -fpermissive -Werror=implicit-function-declaration -Werror=unknown-warning-option -Werror=unused-command-line-argument -Werror=ignored-optimization-argument -Wmissing-field-initializers` -> 0
Compiler for C++ supports arguments -Wmissing-field-initializers: YES 
Running compile:
Working directory:  /tmp/tmp.UgJ7zjghg8/glib/_build-arm64-v8a/meson-private/tmpf_6clg5r
Code:
extern int i;
int i;

-----------
Command line: `/usr/local/lib/android/sdk/ndk/29.0.14206865/toolchains/llvm/prebuilt/linux-x86_64/bin/aarch64-linux-android26-clang++ /tmp/tmp.UgJ7zjghg8/glib/_build-arm64-v8a/meson-private/tmpf_6clg5r/testfile.cpp -o /tmp/tmp.UgJ7zjghg8/glib/_build-arm64-v8a/meson-private/tmpf_6clg5r/output.obj -c -D_FILE_OFFSET_BITS=64 -O0 -U_FORTIFY_SOURCE -fpermissive -Werror=implicit-function-declaration -Werror=unknown-warning-option -Werror=unused-command-line-argument -Werror=ignored-optimization-argument -Wnonnull` -> 0
Compiler for C++ supports arguments -Wnonnull: YES 
Running compile:
Working directory:  /tmp/tmp.UgJ7zjghg8/glib/_build-arm64-v8a/meson-private/tmpyek540ui
Code:
extern int i;
int i;

-----------
Command line: `/usr/local/lib/android/sdk/ndk/29.0.14206865/toolchains/llvm/prebuilt/linux-x86_64/bin/aarch64-linux-android26-clang++ /tmp/tmp.UgJ7zjghg8/glib/_build-arm64-v8a/meson-private/tmpyek540ui/testfile.cpp -o /tmp/tmp.UgJ7zjghg8/glib/_build-arm64-v8a/meson-private/tmpyek540ui/output.obj -c -D_FILE_OFFSET_BITS=64 -O0 -U_FORTIFY_SOURCE -fpermissive -Werror=implicit-function-declaration -Werror=unknown-warning-option -Werror=unused-command-line-argument -Werror=ignored-optimization-argument -Wnull-dereference` -> 0
Compiler for C++ supports arguments -Wnull-dereference: YES 
Running compile:
Working directory:  /tmp/tmp.UgJ7zjghg8/glib/_build-arm64-v8a/meson-private/tmptmj3_oe7
Code:
extern int i;
int i;

-----------
Command line: `/usr/local/lib/android/sdk/ndk/29.0.14206865/toolchains/llvm/prebuilt/linux-x86_64/bin/aarch64-linux-android26-clang++ /tmp/tmp.UgJ7zjghg8/glib/_build-arm64-v8a/meson-private/tmptmj3_oe7/testfile.cpp -o /tmp/tmp.UgJ7zjghg8/glib/_build-arm64-v8a/meson-private/tmptmj3_oe7/output.obj -c -D_FILE_OFFSET_BITS=64 -O0 -U_FORTIFY_SOURCE -fpermissive -Werror=implicit-function-declaration -Werror=unknown-warning-option -Werror=unused-command-line-argument -Werror=ignored-optimization-argument -Wunused` -> 0
Compiler for C++ supports arguments -Wunused: YES 
Running compile:
Working directory:  /tmp/tmp.UgJ7zjghg8/glib/_build-arm64-v8a/meson-private/tmp8zcjs1xk
Code:
extern int i;
int i;

-----------
Command line: `/usr/local/lib/android/sdk/ndk/29.0.14206865/toolchains/llvm/prebuilt/linux-x86_64/bin/aarch64-linux-android26-clang++ /tmp/tmp.UgJ7zjghg8/glib/_build-arm64-v8a/meson-private/tmp8zcjs1xk/testfile.cpp -o /tmp/tmp.UgJ7zjghg8/glib/_build-arm64-v8a/meson-private/tmp8zcjs1xk/output.obj -c -D_FILE_OFFSET_BITS=64 -O0 -U_FORTIFY_SOURCE -fpermissive -Werror=implicit-function-declaration -Werror=unknown-warning-option -Werror=unused-command-line-argument -Werror=ignored-optimization-argument -Wunused-parameter -Wno-unused-parameter` -> 0
Compiler for C++ supports arguments -Wno-unused-parameter: YES 
Running compile:
Working directory:  /tmp/tmp.UgJ7zjghg8/glib/_build-arm64-v8a/meson-private/tmp05azc3fa
Code:
extern int i;
int i;

-----------
Command line: `/usr/local/lib/android/sdk/ndk/29.0.14206865/toolchains/llvm/prebuilt/linux-x86_64/bin/aarch64-linux-android26-clang++ /tmp/tmp.UgJ7zjghg8/glib/_build-arm64-v8a/meson-private/tmp05azc3fa/testfile.cpp -o /tmp/tmp.UgJ7zjghg8/glib/_build-arm64-v8a/meson-private/tmp05azc3fa/output.obj -c -D_FILE_OFFSET_BITS=64 -O0 -U_FORTIFY_SOURCE -fpermissive -Werror=implicit-function-declaration -Werror=unknown-warning-option -Werror=unused-command-line-argument -Werror=ignored-optimization-argument -Wcast-function-type -Wno-cast-function-type` -> 0
Compiler for C++ supports arguments -Wno-cast-function-type: YES 
Running compile:
Working directory:  /tmp/tmp.UgJ7zjghg8/glib/_build-arm64-v8a/meson-private/tmpbqit4bpi
Code:
extern int i;
int i;

-----------
Command line: `/usr/local/lib/android/sdk/ndk/29.0.14206865/toolchains/llvm/prebuilt/linux-x86_64/bin/aarch64-linux-android26-clang++ /tmp/tmp.UgJ7zjghg8/glib/_build-arm64-v8a/meson-private/tmpbqit4bpi/testfile.cpp -o /tmp/tmp.UgJ7zjghg8/glib/_build-arm64-v8a/meson-private/tmpbqit4bpi/output.obj -c -D_FILE_OFFSET_BITS=64 -O0 -U_FORTIFY_SOURCE -fpermissive -Werror=implicit-function-declaration -Werror=unknown-warning-option -Werror=unused-command-line-argument -Werror=ignored-optimization-argument -Wpedantic -Wno-pedantic` -> 0
Compiler for C++ supports arguments -Wno-pedantic: YES 
Running compile:
Working directory:  /tmp/tmp.UgJ7zjghg8/glib/_build-arm64-v8a/meson-private/tmp7wo_zzx8
Code:
extern int i;
int i;

-----------
Command line: `/usr/local/lib/android/sdk/ndk/29.0.14206865/toolchains/llvm/prebuilt/linux-x86_64/bin/aarch64-linux-android26-clang++ /tmp/tmp.UgJ7zjghg8/glib/_build-arm64-v8a/meson-private/tmp7wo_zzx8/testfile.cpp -o /tmp/tmp.UgJ7zjghg8/glib/_build-arm64-v8a/meson-private/tmp7wo_zzx8/output.obj -c -D_FILE_OFFSET_BITS=64 -O0 -U_FORTIFY_SOURCE -fpermissive -Werror=implicit-function-declaration -Werror=unknown-warning-option -Werror=unused-command-line-argument -Werror=ignored-optimization-argument -Wformat-zero-length -Wno-format-zero-length` -> 0
Compiler for C++ supports arguments -Wno-format-zero-length: YES 
Running compile:
Working directory:  /tmp/tmp.UgJ7zjghg8/glib/_build-arm64-v8a/meson-private/tmp5z_yj5hd
Code:
extern int i;
int i;

-----------
Command line: `/usr/local/lib/android/sdk/ndk/29.0.14206865/toolchains/llvm/prebuilt/linux-x86_64/bin/aarch64-linux-android26-clang++ /tmp/tmp.UgJ7zjghg8/glib/_build-arm64-v8a/meson-private/tmp5z_yj5hd/testfile.cpp -o /tmp/tmp.UgJ7zjghg8/glib/_build-arm64-v8a/meson-private/tmp5z_yj5hd/output.obj -c -D_FILE_OFFSET_BITS=64 -O0 -U_FORTIFY_SOURCE -fpermissive -Werror=implicit-function-declaration -Werror=unknown-warning-option -Werror=unused-command-line-argument -Werror=ignored-optimization-argument -Wvariadic-macros -Wno-variadic-macros` -> 0
Compiler for C++ supports arguments -Wno-variadic-macros: YES 
Running compile:
Working directory:  /tmp/tmp.UgJ7zjghg8/glib/_build-arm64-v8a/meson-private/tmpu1rsfc36
Code:
extern int i;
int i;

-----------
Command line: `/usr/local/lib/android/sdk/ndk/29.0.14206865/toolchains/llvm/prebuilt/linux-x86_64/bin/aarch64-linux-android26-clang++ /tmp/tmp.UgJ7zjghg8/glib/_build-arm64-v8a/meson-private/tmpu1rsfc36/testfile.cpp -o /tmp/tmp.UgJ7zjghg8/glib/_build-arm64-v8a/meson-private/tmpu1rsfc36/output.obj -c -D_FILE_OFFSET_BITS=64 -O0 -U_FORTIFY_SOURCE -fpermissive -Werror=implicit-function-declaration -Werror=unknown-warning-option -Werror=unused-command-line-argument -Werror=ignored-optimization-argument -Werror=format=2` -> 0
Compiler for C++ supports arguments -Werror=format=2: YES 
Running compile:
Working directory:  /tmp/tmp.UgJ7zjghg8/glib/_build-arm64-v8a/meson-private/tmp7xgxfft1
Code:
extern int i;
int i;

-----------
Command line: `/usr/local/lib/android/sdk/ndk/29.0.14206865/toolchains/llvm/prebuilt/linux-x86_64/bin/aarch64-linux-android26-clang++ /tmp/tmp.UgJ7zjghg8/glib/_build-arm64-v8a/meson-private/tmp7xgxfft1/testfile.cpp -o /tmp/tmp.UgJ7zjghg8/glib/_build-arm64-v8a/meson-private/tmp7xgxfft1/output.obj -c -D_FILE_OFFSET_BITS=64 -O0 -U_FORTIFY_SOURCE -fpermissive -Werror=implicit-function-declaration -Werror=unknown-warning-option -Werror=unused-command-line-argument -Werror=ignored-optimization-argument -Werror=init-self` -> 0
Compiler for C++ supports arguments -Werror=init-self: YES 
Running compile:
Working directory:  /tmp/tmp.UgJ7zjghg8/glib/_build-arm64-v8a/meson-private/tmppl9ut5rl
Code:
extern int i;
int i;

-----------
Command line: `/usr/local/lib/android/sdk/ndk/29.0.14206865/toolchains/llvm/prebuilt/linux-x86_64/bin/aarch64-linux-android26-clang++ /tmp/tmp.UgJ7zjghg8/glib/_build-arm64-v8a/meson-private/tmppl9ut5rl/testfile.cpp -o /tmp/tmp.UgJ7zjghg8/glib/_build-arm64-v8a/meson-private/tmppl9ut5rl/output.obj -c -D_FILE_OFFSET_BITS=64 -O0 -U_FORTIFY_SOURCE -fpermissive -Werror=implicit-function-declaration -Werror=unknown-warning-option -Werror=unused-command-line-argument -Werror=ignored-optimization-argument -Werror=missing-include-dirs` -> 0
Compiler for C++ supports arguments -Werror=missing-include-dirs: YES 
Running compile:
Working directory:  /tmp/tmp.UgJ7zjghg8/glib/_build-arm64-v8a/meson-private/tmpjw14qvg1
Code:
extern int i;
int i;

-----------
Command line: `/usr/local/lib/android/sdk/ndk/29.0.14206865/toolchains/llvm/prebuilt/linux-x86_64/bin/aarch64-linux-android26-clang++ /tmp/tmp.UgJ7zjghg8/glib/_build-arm64-v8a/meson-private/tmpjw14qvg1/testfile.cpp -o /tmp/tmp.UgJ7zjghg8/glib/_build-arm64-v8a/meson-private/tmpjw14qvg1/output.obj -c -D_FILE_OFFSET_BITS=64 -O0 -U_FORTIFY_SOURCE -fpermissive -Werror=implicit-function-declaration -Werror=unknown-warning-option -Werror=unused-command-line-argument -Werror=ignored-optimization-argument -Werror=pointer-arith` -> 0
Compiler for C++ supports arguments -Werror=pointer-arith: YES 
Running compile:
Working directory:  /tmp/tmp.UgJ7zjghg8/glib/_build-arm64-v8a/meson-private/tmp1lztpzsl
Code:
extern int i;
int i;

-----------
Command line: `/usr/local/lib/android/sdk/ndk/29.0.14206865/toolchains/llvm/prebuilt/linux-x86_64/bin/aarch64-linux-android26-clang++ /tmp/tmp.UgJ7zjghg8/glib/_build-arm64-v8a/meson-private/tmp1lztpzsl/testfile.cpp -o /tmp/tmp.UgJ7zjghg8/glib/_build-arm64-v8a/meson-private/tmp1lztpzsl/output.obj -c -D_FILE_OFFSET_BITS=64 -O0 -U_FORTIFY_SOURCE -fpermissive -Werror=implicit-function-declaration -Werror=unknown-warning-option -Werror=unused-command-line-argument -Werror=ignored-optimization-argument -Werror=unused-result` -> 0
Compiler for C++ supports arguments -Werror=unused-result: YES 
Running compile:
Working directory:  /tmp/tmp.UgJ7zjghg8/glib/_build-arm64-v8a/meson-private/tmpeng2x4e2
Code:
extern int i;
int i;

-----------
Command line: `/usr/local/lib/android/sdk/ndk/29.0.14206865/toolchains/llvm/prebuilt/linux-x86_64/bin/aarch64-linux-android26-clang /tmp/tmp.UgJ7zjghg8/glib/_build-arm64-v8a/meson-private/tmpeng2x4e2/testfile.c -o /tmp/tmp.UgJ7zjghg8/glib/_build-arm64-v8a/meson-private/tmpeng2x4e2/output.obj -c -D_FILE_OFFSET_BITS=64 -O0 -U_FORTIFY_SOURCE -Werror=implicit-function-declaration -Werror=unknown-warning-option -Werror=unused-command-line-argument -Werror=ignored-optimization-argument -Wsign-conversion` -> 0
Compiler for C supports arguments -Wsign-conversion: YES 
Running compile:
Working directory:  /tmp/tmp.UgJ7zjghg8/glib/_build-arm64-v8a/meson-private/tmprdhmenz1
Code:
extern int i;
int i;

-----------
Command line: `/usr/local/lib/android/sdk/ndk/29.0.14206865/toolchains/llvm/prebuilt/linux-x86_64/bin/aarch64-linux-android26-clang /tmp/tmp.UgJ7zjghg8/glib/_build-arm64-v8a/meson-private/tmprdhmenz1/testfile.c -o /tmp/tmp.UgJ7zjghg8/glib/_build-arm64-v8a/meson-private/tmprdhmenz1/output.obj -c -D_FILE_OFFSET_BITS=64 -O0 -U_FORTIFY_SOURCE -Werror=implicit-function-declaration -Werror=unknown-warning-option -Werror=unused-command-line-argument -Werror=ignored-optimization-argument -Wshorten-64-to-32` -> 0
Compiler for C supports arguments -Wshorten-64-to-32: YES 
Running compile:
Working directory:  /tmp/tmp.UgJ7zjghg8/glib/_build-arm64-v8a/meson-private/tmp1k7ut3at
Code:
int main(void) { return 0; }

-----------
Command line: `/usr/local/lib/android/sdk/ndk/29.0.14206865/toolchains/llvm/prebuilt/linux-x86_64/bin/aarch64-linux-android26-clang /tmp/tmp.UgJ7zjghg8/glib/_build-arm64-v8a/meson-private/tmp1k7ut3at/testfile.c -o /tmp/tmp.UgJ7zjghg8/glib/_build-arm64-v8a/meson-private/tmp1k7ut3at/output.exe -D_FILE_OFFSET_BITS=64 -O0 -U_FORTIFY_SOURCE -Werror=implicit-function-declaration -Wl,--fatal-warnings -Wl,-z,nodelete` -> 0
Compiler for C supports link arguments -Wl,-z,nodelete: YES 
Running compile:
Working directory:  /tmp/tmp.UgJ7zjghg8/glib/_build-arm64-v8a/meson-private/tmp6d0shahq
Code:
int main(void) { return 0; }

-----------
Command line: `/usr/local/lib/android/sdk/ndk/29.0.14206865/toolchains/llvm/prebuilt/linux-x86_64/bin/aarch64-linux-android26-clang /tmp/tmp.UgJ7zjghg8/glib/_build-arm64-v8a/meson-private/tmp6d0shahq/testfile.c -o /tmp/tmp.UgJ7zjghg8/glib/_build-arm64-v8a/meson-private/tmp6d0shahq/output.exe -D_FILE_OFFSET_BITS=64 -O0 -U_FORTIFY_SOURCE -Werror=implicit-function-declaration -Wl,--fatal-warnings -Wl,-Bsymbolic-functions` -> 0
Compiler for C supports link arguments -Wl,-Bsymbolic-functions: YES 
Running compile:
Working directory:  /tmp/tmp.UgJ7zjghg8/glib/_build-arm64-v8a/meson-private/tmpxrojgf5l
Code:

        #define accept4 meson_disable_define_of_accept4
        
        #include <limits.h>
        #undef accept4
        
        #ifdef __cplusplus
        extern "C"
        #endif
        char accept4 (void);
        
        #if defined __stub_accept4 || defined __stub___accept4
        fail fail fail this function is not going to work
        #endif
        
        int main(void) {
          return accept4 ();
        }
-----------
Command line: `/usr/local/lib/android/sdk/ndk/29.0.14206865/toolchains/llvm/prebuilt/linux-x86_64/bin/aarch64-linux-android26-clang /tmp/tmp.UgJ7zjghg8/glib/_build-arm64-v8a/meson-private/tmpxrojgf5l/testfile.c -o /tmp/tmp.UgJ7zjghg8/glib/_build-arm64-v8a/meson-private/tmpxrojgf5l/output.exe -D_FILE_OFFSET_BITS=64 -O0 -U_FORTIFY_SOURCE -Werror=implicit-function-declaration -std=gnu11` -> 0
Checking for function "accept4" : YES 
Running compile:
Working directory:  /tmp/tmp.UgJ7zjghg8/glib/_build-arm64-v8a/meson-private/tmpccqakryy
Code:

        #define close_range meson_disable_define_of_close_range
        
        #include <limits.h>
        #undef close_range
        
        #ifdef __cplusplus
        extern "C"
        #endif
        char close_range (void);
        
        #if defined __stub_close_range || defined __stub___close_range
        fail fail fail this function is not going to work
        #endif
        
        int main(void) {
          return close_range ();
        }
-----------
Command line: `/usr/local/lib/android/sdk/ndk/29.0.14206865/toolchains/llvm/prebuilt/linux-x86_64/bin/aarch64-linux-android26-clang /tmp/tmp.UgJ7zjghg8/glib/_build-arm64-v8a/meson-private/tmpccqakryy/testfile.c -o /tmp/tmp.UgJ7zjghg8/glib/_build-arm64-v8a/meson-private/tmpccqakryy/output.exe -D_FILE_OFFSET_BITS=64 -O0 -U_FORTIFY_SOURCE -Werror=implicit-function-declaration -std=gnu11` -> 1
stderr:
ld.lld: error: undefined symbol: close_range
>>> referenced by testfile.c
>>>               /tmp/testfile-3f1b8c.o:(main)
clang: error: linker command failed with exit code 1 (use -v to see invocation)
-----------
Running compile:
Working directory:  /tmp/tmp.UgJ7zjghg8/glib/_build-arm64-v8a/meson-private/tmp8ty1j8rs
Code:

        int main(void) {

        /* With some toolchains (MSYS2/mingw for example) the compiler
         * provides various builtins which are not really implemented and
         * fall back to the stdlib where they aren't provided and fail at
         * build/link time. In case the user provides a header, including
         * the header didn't lead to the function being defined, and the
         * function we are checking isn't a builtin itself we assume the
         * builtin is not functional and we just error out. */
        #if !1 && !defined(close_range) && !0
            #error "No definition for __builtin_close_range found in the prefix"
        #endif

        #ifdef __has_builtin
            #if !__has_builtin(__builtin_close_range)
                #error "__builtin_close_range not found"
            #endif
        #elif ! defined(close_range)
            __builtin_close_range;
        #endif
        return 0;
        }
-----------
Command line: `/usr/local/lib/android/sdk/ndk/29.0.14206865/toolchains/llvm/prebuilt/linux-x86_64/bin/aarch64-linux-android26-clang /tmp/tmp.UgJ7zjghg8/glib/_build-arm64-v8a/meson-private/tmp8ty1j8rs/testfile.c -o /tmp/tmp.UgJ7zjghg8/glib/_build-arm64-v8a/meson-private/tmp8ty1j8rs/output.exe -D_FILE_OFFSET_BITS=64 -O0 -U_FORTIFY_SOURCE -Werror=implicit-function-declaration -std=gnu11` -> 1
stderr:
/tmp/tmp.UgJ7zjghg8/glib/_build-arm64-v8a/meson-private/tmp8ty1j8rs/testfile.c:17:18: error: "__builtin_close_range not found"
   17 |                 #error "__builtin_close_range not found"
      |                  ^
1 error generated.
-----------
Checking for function "close_range" : NO 
Running compile:
Working directory:  /tmp/tmp.UgJ7zjghg8/glib/_build-arm64-v8a/meson-private/tmpwbx4s4zt
Code:

        #define copy_file_range meson_disable_define_of_copy_file_range
        
        #include <limits.h>
        #undef copy_file_range
        
        #ifdef __cplusplus
        extern "C"
        #endif
        char copy_file_range (void);
        
        #if defined __stub_copy_file_range || defined __stub___copy_file_range
        fail fail fail this function is not going to work
        #endif
        
        int main(void) {
          return copy_file_range ();
        }
-----------
Command line: `/usr/local/lib/android/sdk/ndk/29.0.14206865/toolchains/llvm/prebuilt/linux-x86_64/bin/aarch64-linux-android26-clang /tmp/tmp.UgJ7zjghg8/glib/_build-arm64-v8a/meson-private/tmpwbx4s4zt/testfile.c -o /tmp/tmp.UgJ7zjghg8/glib/_build-arm64-v8a/meson-private/tmpwbx4s4zt/output.exe -D_FILE_OFFSET_BITS=64 -O0 -U_FORTIFY_SOURCE -Werror=implicit-function-declaration -std=gnu11` -> 1
stderr:
ld.lld: error: undefined symbol: copy_file_range
>>> referenced by testfile.c
>>>               /tmp/testfile-f88105.o:(main)
clang: error: linker command failed with exit code 1 (use -v to see invocation)
-----------
Running compile:
Working directory:  /tmp/tmp.UgJ7zjghg8/glib/_build-arm64-v8a/meson-private/tmp5vz9ne97
Code:

        int main(void) {

        /* With some toolchains (MSYS2/mingw for example) the compiler
         * provides various builtins which are not really implemented and
         * fall back to the stdlib where they aren't provided and fail at
         * build/link time. In case the user provides a header, including
         * the header didn't lead to the function being defined, and the
         * function we are checking isn't a builtin itself we assume the
         * builtin is not functional and we just error out. */
        #if !1 && !defined(copy_file_range) && !0
            #error "No definition for __builtin_copy_file_range found in the prefix"
        #endif

        #ifdef __has_builtin
            #if !__has_builtin(__builtin_copy_file_range)
                #error "__builtin_copy_file_range not found"
            #endif
        #elif ! defined(copy_file_range)
            __builtin_copy_file_range;
        #endif
        return 0;
        }
-----------
Command line: `/usr/local/lib/android/sdk/ndk/29.0.14206865/toolchains/llvm/prebuilt/linux-x86_64/bin/aarch64-linux-android26-clang /tmp/tmp.UgJ7zjghg8/glib/_build-arm64-v8a/meson-private/tmp5vz9ne97/testfile.c -o /tmp/tmp.UgJ7zjghg8/glib/_build-arm64-v8a/meson-private/tmp5vz9ne97/output.exe -D_FILE_OFFSET_BITS=64 -O0 -U_FORTIFY_SOURCE -Werror=implicit-function-declaration -std=gnu11` -> 1
stderr:
/tmp/tmp.UgJ7zjghg8/glib/_build-arm64-v8a/meson-private/tmp5vz9ne97/testfile.c:17:18: error: "__builtin_copy_file_range not found"
   17 |                 #error "__builtin_copy_file_range not found"
      |                  ^
1 error generated.
-----------
Checking for function "copy_file_range" : NO 
Running compile:
Working directory:  /tmp/tmp.UgJ7zjghg8/glib/_build-arm64-v8a/meson-private/tmpvi55rinr
Code:

        #define endmntent meson_disable_define_of_endmntent
        
        #include <limits.h>
        #undef endmntent
        
        #ifdef __cplusplus
        extern "C"
        #endif
        char endmntent (void);
        
        #if defined __stub_endmntent || defined __stub___endmntent
        fail fail fail this function is not going to work
        #endif
        
        int main(void) {
          return endmntent ();
        }
-----------
Command line: `/usr/local/lib/android/sdk/ndk/29.0.14206865/toolchains/llvm/prebuilt/linux-x86_64/bin/aarch64-linux-android26-clang /tmp/tmp.UgJ7zjghg8/glib/_build-arm64-v8a/meson-private/tmpvi55rinr/testfile.c -o /tmp/tmp.UgJ7zjghg8/glib/_build-arm64-v8a/meson-private/tmpvi55rinr/output.exe -D_FILE_OFFSET_BITS=64 -O0 -U_FORTIFY_SOURCE -Werror=implicit-function-declaration -std=gnu11` -> 0
Checking for function "endmntent" : YES 
Running compile:
Working directory:  /tmp/tmp.UgJ7zjghg8/glib/_build-arm64-v8a/meson-private/tmpftaa24q5
Code:

        #define endservent meson_disable_define_of_endservent
        
        #include <limits.h>
        #undef endservent
        
        #ifdef __cplusplus
        extern "C"
        #endif
        char endservent (void);
        
        #if defined __stub_endservent || defined __stub___endservent
        fail fail fail this function is not going to work
        #endif
        
        int main(void) {
          return endservent ();
        }
-----------
Command line: `/usr/local/lib/android/sdk/ndk/29.0.14206865/toolchains/llvm/prebuilt/linux-x86_64/bin/aarch64-linux-android26-clang /tmp/tmp.UgJ7zjghg8/glib/_build-arm64-v8a/meson-private/tmpftaa24q5/testfile.c -o /tmp/tmp.UgJ7zjghg8/glib/_build-arm64-v8a/meson-private/tmpftaa24q5/output.exe -D_FILE_OFFSET_BITS=64 -O0 -U_FORTIFY_SOURCE -Werror=implicit-function-declaration -std=gnu11` -> 0
Checking for function "endservent" : YES 
Running compile:
Working directory:  /tmp/tmp.UgJ7zjghg8/glib/_build-arm64-v8a/meson-private/tmpwwdklo82
Code:

        #define epoll_create1 meson_disable_define_of_epoll_create1
        
        #include <limits.h>
        #undef epoll_create1
        
        #ifdef __cplusplus
        extern "C"
        #endif
        char epoll_create1 (void);
        
        #if defined __stub_epoll_create1 || defined __stub___epoll_create1
        fail fail fail this function is not going to work
        #endif
        
        int main(void) {
          return epoll_create1 ();
        }
-----------
Command line: `/usr/local/lib/android/sdk/ndk/29.0.14206865/toolchains/llvm/prebuilt/linux-x86_64/bin/aarch64-linux-android26-clang /tmp/tmp.UgJ7zjghg8/glib/_build-arm64-v8a/meson-private/tmpwwdklo82/testfile.c -o /tmp/tmp.UgJ7zjghg8/glib/_build-arm64-v8a/meson-private/tmpwwdklo82/output.exe -D_FILE_OFFSET_BITS=64 -O0 -U_FORTIFY_SOURCE -Werror=implicit-function-declaration -std=gnu11` -> 0
Checking for function "epoll_create1" : YES 
Running compile:
Working directory:  /tmp/tmp.UgJ7zjghg8/glib/_build-arm64-v8a/meson-private/tmpyljdrqw1
Code:

        #define faccessat meson_disable_define_of_faccessat
        
        #include <limits.h>
        #undef faccessat
        
        #ifdef __cplusplus
        extern "C"
        #endif
        char faccessat (void);
        
        #if defined __stub_faccessat || defined __stub___faccessat
        fail fail fail this function is not going to work
        #endif
        
        int main(void) {
          return faccessat ();
        }
-----------
Command line: `/usr/local/lib/android/sdk/ndk/29.0.14206865/toolchains/llvm/prebuilt/linux-x86_64/bin/aarch64-linux-android26-clang /tmp/tmp.UgJ7zjghg8/glib/_build-arm64-v8a/meson-private/tmpyljdrqw1/testfile.c -o /tmp/tmp.UgJ7zjghg8/glib/_build-arm64-v8a/meson-private/tmpyljdrqw1/output.exe -D_FILE_OFFSET_BITS=64 -O0 -U_FORTIFY_SOURCE -Werror=implicit-function-declaration -std=gnu11` -> 0
Checking for function "faccessat" : YES 
Running compile:
Working directory:  /tmp/tmp.UgJ7zjghg8/glib/_build-arm64-v8a/meson-private/tmphpvtboti
Code:

        #define fallocate meson_disable_define_of_fallocate
        
        #include <limits.h>
        #undef fallocate
        
        #ifdef __cplusplus
        extern "C"
        #endif
        char fallocate (void);
        
        #if defined __stub_fallocate || defined __stub___fallocate
        fail fail fail this function is not going to work
        #endif
        
        int main(void) {
          return fallocate ();
        }
-----------
Command line: `/usr/local/lib/android/sdk/ndk/29.0.14206865/toolchains/llvm/prebuilt/linux-x86_64/bin/aarch64-linux-android26-clang /tmp/tmp.UgJ7zjghg8/glib/_build-arm64-v8a/meson-private/tmphpvtboti/testfile.c -o /tmp/tmp.UgJ7zjghg8/glib/_build-arm64-v8a/meson-private/tmphpvtboti/output.exe -D_FILE_OFFSET_BITS=64 -O0 -U_FORTIFY_SOURCE -Werror=implicit-function-declaration -std=gnu11` -> 0
Checking for function "fallocate" : YES 
Running compile:
Working directory:  /tmp/tmp.UgJ7zjghg8/glib/_build-arm64-v8a/meson-private/tmp10zbkij9
Code:

        #define fchmod meson_disable_define_of_fchmod
        
        #include <limits.h>
        #undef fchmod
        
        #ifdef __cplusplus
        extern "C"
        #endif
        char fchmod (void);
        
        #if defined __stub_fchmod || defined __stub___fchmod
        fail fail fail this function is not going to work
        #endif
        
        int main(void) {
          return fchmod ();
        }
-----------
Command line: `/usr/local/lib/android/sdk/ndk/29.0.14206865/toolchains/llvm/prebuilt/linux-x86_64/bin/aarch64-linux-android26-clang /tmp/tmp.UgJ7zjghg8/glib/_build-arm64-v8a/meson-private/tmp10zbkij9/testfile.c -o /tmp/tmp.UgJ7zjghg8/glib/_build-arm64-v8a/meson-private/tmp10zbkij9/output.exe -D_FILE_OFFSET_BITS=64 -O0 -U_FORTIFY_SOURCE -Werror=implicit-function-declaration -std=gnu11` -> 0
Checking for function "fchmod" : YES 
Running compile:
Working directory:  /tmp/tmp.UgJ7zjghg8/glib/_build-arm64-v8a/meson-private/tmpdlzv5njc
Code:

        #define fchown meson_disable_define_of_fchown
        
        #include <limits.h>
        #undef fchown
        
        #ifdef __cplusplus
        extern "C"
        #endif
        char fchown (void);
        
        #if defined __stub_fchown || defined __stub___fchown
        fail fail fail this function is not going to work
        #endif
        
        int main(void) {
          return fchown ();
        }
-----------
Command line: `/usr/local/lib/android/sdk/ndk/29.0.14206865/toolchains/llvm/prebuilt/linux-x86_64/bin/aarch64-linux-android26-clang /tmp/tmp.UgJ7zjghg8/glib/_build-arm64-v8a/meson-private/tmpdlzv5njc/testfile.c -o /tmp/tmp.UgJ7zjghg8/glib/_build-arm64-v8a/meson-private/tmpdlzv5njc/output.exe -D_FILE_OFFSET_BITS=64 -O0 -U_FORTIFY_SOURCE -Werror=implicit-function-declaration -std=gnu11` -> 0
Checking for function "fchown" : YES 
Running compile:
Working directory:  /tmp/tmp.UgJ7zjghg8/glib/_build-arm64-v8a/meson-private/tmp0mo0us5_
Code:

        #define fdwalk meson_disable_define_of_fdwalk
        
        #include <limits.h>
        #undef fdwalk
        
        #ifdef __cplusplus
        extern "C"
        #endif
        char fdwalk (void);
        
        #if defined __stub_fdwalk || defined __stub___fdwalk
        fail fail fail this function is not going to work
        #endif
        
        int main(void) {
          return fdwalk ();
        }
-----------
Command line: `/usr/local/lib/android/sdk/ndk/29.0.14206865/toolchains/llvm/prebuilt/linux-x86_64/bin/aarch64-linux-android26-clang /tmp/tmp.UgJ7zjghg8/glib/_build-arm64-v8a/meson-private/tmp0mo0us5_/testfile.c -o /tmp/tmp.UgJ7zjghg8/glib/_build-arm64-v8a/meson-private/tmp0mo0us5_/output.exe -D_FILE_OFFSET_BITS=64 -O0 -U_FORTIFY_SOURCE -Werror=implicit-function-declaration -std=gnu11` -> 1
stderr:
ld.lld: error: undefined symbol: fdwalk
>>> referenced by testfile.c
>>>               /tmp/testfile-a71fc7.o:(main)
clang: error: linker command failed with exit code 1 (use -v to see invocation)
-----------
Running compile:
Working directory:  /tmp/tmp.UgJ7zjghg8/glib/_build-arm64-v8a/meson-private/tmpd07_rrqo
Code:

        int main(void) {

        /* With some toolchains (MSYS2/mingw for example) the compiler
         * provides various builtins which are not really implemented and
         * fall back to the stdlib where they aren't provided and fail at
         * build/link time. In case the user provides a header, including
         * the header didn't lead to the function being defined, and the
         * function we are checking isn't a builtin itself we assume the
         * builtin is not functional and we just error out. */
        #if !1 && !defined(fdwalk) && !0
            #error "No definition for __builtin_fdwalk found in the prefix"
        #endif

        #ifdef __has_builtin
            #if !__has_builtin(__builtin_fdwalk)
                #error "__builtin_fdwalk not found"
            #endif
        #elif ! defined(fdwalk)
            __builtin_fdwalk;
        #endif
        return 0;
        }
-----------
Command line: `/usr/local/lib/android/sdk/ndk/29.0.14206865/toolchains/llvm/prebuilt/linux-x86_64/bin/aarch64-linux-android26-clang /tmp/tmp.UgJ7zjghg8/glib/_build-arm64-v8a/meson-private/tmpd07_rrqo/testfile.c -o /tmp/tmp.UgJ7zjghg8/glib/_build-arm64-v8a/meson-private/tmpd07_rrqo/output.exe -D_FILE_OFFSET_BITS=64 -O0 -U_FORTIFY_SOURCE -Werror=implicit-function-declaration -std=gnu11` -> 1
stderr:
/tmp/tmp.UgJ7zjghg8/glib/_build-arm64-v8a/meson-private/tmpd07_rrqo/testfile.c:17:18: error: "__builtin_fdwalk not found"
   17 |                 #error "__builtin_fdwalk not found"
      |                  ^
1 error generated.
-----------
Checking for function "fdwalk" : NO 
Running compile:
Working directory:  /tmp/tmp.UgJ7zjghg8/glib/_build-arm64-v8a/meson-private/tmp0omjhl5u
Code:

        #define free_aligned_sized meson_disable_define_of_free_aligned_sized
        
        #include <limits.h>
        #undef free_aligned_sized
        
        #ifdef __cplusplus
        extern "C"
        #endif
        char free_aligned_sized (void);
        
        #if defined __stub_free_aligned_sized || defined __stub___free_aligned_sized
        fail fail fail this function is not going to work
        #endif
        
        int main(void) {
          return free_aligned_sized ();
        }
-----------
Command line: `/usr/local/lib/android/sdk/ndk/29.0.14206865/toolchains/llvm/prebuilt/linux-x86_64/bin/aarch64-linux-android26-clang /tmp/tmp.UgJ7zjghg8/glib/_build-arm64-v8a/meson-private/tmp0omjhl5u/testfile.c -o /tmp/tmp.UgJ7zjghg8/glib/_build-arm64-v8a/meson-private/tmp0omjhl5u/output.exe -D_FILE_OFFSET_BITS=64 -O0 -U_FORTIFY_SOURCE -Werror=implicit-function-declaration -std=gnu11` -> 1
stderr:
ld.lld: error: undefined symbol: free_aligned_sized
>>> referenced by testfile.c
>>>               /tmp/testfile-6cb434.o:(main)
clang: error: linker command failed with exit code 1 (use -v to see invocation)
-----------
Running compile:
Working directory:  /tmp/tmp.UgJ7zjghg8/glib/_build-arm64-v8a/meson-private/tmp1fzexdp7
Code:

        int main(void) {

        /* With some toolchains (MSYS2/mingw for example) the compiler
         * provides various builtins which are not really implemented and
         * fall back to the stdlib where they aren't provided and fail at
         * build/link time. In case the user provides a header, including
         * the header didn't lead to the function being defined, and the
         * function we are checking isn't a builtin itself we assume the
         * builtin is not functional and we just error out. */
        #if !1 && !defined(free_aligned_sized) && !0
            #error "No definition for __builtin_free_aligned_sized found in the prefix"
        #endif

        #ifdef __has_builtin
            #if !__has_builtin(__builtin_free_aligned_sized)
                #error "__builtin_free_aligned_sized not found"
            #endif
        #elif ! defined(free_aligned_sized)
            __builtin_free_aligned_sized;
        #endif
        return 0;
        }
-----------
Command line: `/usr/local/lib/android/sdk/ndk/29.0.14206865/toolchains/llvm/prebuilt/linux-x86_64/bin/aarch64-linux-android26-clang /tmp/tmp.UgJ7zjghg8/glib/_build-arm64-v8a/meson-private/tmp1fzexdp7/testfile.c -o /tmp/tmp.UgJ7zjghg8/glib/_build-arm64-v8a/meson-private/tmp1fzexdp7/output.exe -D_FILE_OFFSET_BITS=64 -O0 -U_FORTIFY_SOURCE -Werror=implicit-function-declaration -std=gnu11` -> 1
stderr:
/tmp/tmp.UgJ7zjghg8/glib/_build-arm64-v8a/meson-private/tmp1fzexdp7/testfile.c:17:18: error: "__builtin_free_aligned_sized not found"
   17 |                 #error "__builtin_free_aligned_sized not found"
      |                  ^
1 error generated.
-----------
Checking for function "free_aligned_sized" : NO 
Running compile:
Working directory:  /tmp/tmp.UgJ7zjghg8/glib/_build-arm64-v8a/meson-private/tmpup_t2qh4
Code:

        #define free_sized meson_disable_define_of_free_sized
        
        #include <limits.h>
        #undef free_sized
        
        #ifdef __cplusplus
        extern "C"
        #endif
        char free_sized (void);
        
        #if defined __stub_free_sized || defined __stub___free_sized
        fail fail fail this function is not going to work
        #endif
        
        int main(void) {
          return free_sized ();
        }
-----------
Command line: `/usr/local/lib/android/sdk/ndk/29.0.14206865/toolchains/llvm/prebuilt/linux-x86_64/bin/aarch64-linux-android26-clang /tmp/tmp.UgJ7zjghg8/glib/_build-arm64-v8a/meson-private/tmpup_t2qh4/testfile.c -o /tmp/tmp.UgJ7zjghg8/glib/_build-arm64-v8a/meson-private/tmpup_t2qh4/output.exe -D_FILE_OFFSET_BITS=64 -O0 -U_FORTIFY_SOURCE -Werror=implicit-function-declaration -std=gnu11` -> 1
stderr:
ld.lld: error: undefined symbol: free_sized
>>> referenced by testfile.c
>>>               /tmp/testfile-d11b33.o:(main)
clang: error: linker command failed with exit code 1 (use -v to see invocation)
-----------
Running compile:
Working directory:  /tmp/tmp.UgJ7zjghg8/glib/_build-arm64-v8a/meson-private/tmp6s4y_a8c
Code:

        int main(void) {

        /* With some toolchains (MSYS2/mingw for example) the compiler
         * provides various builtins which are not really implemented and
         * fall back to the stdlib where they aren't provided and fail at
         * build/link time. In case the user provides a header, including
         * the header didn't lead to the function being defined, and the
         * function we are checking isn't a builtin itself we assume the
         * builtin is not functional and we just error out. */
        #if !1 && !defined(free_sized) && !0
            #error "No definition for __builtin_free_sized found in the prefix"
        #endif

        #ifdef __has_builtin
            #if !__has_builtin(__builtin_free_sized)
                #error "__builtin_free_sized not found"
            #endif
        #elif ! defined(free_sized)
            __builtin_free_sized;
        #endif
        return 0;
        }
-----------
Command line: `/usr/local/lib/android/sdk/ndk/29.0.14206865/toolchains/llvm/prebuilt/linux-x86_64/bin/aarch64-linux-android26-clang /tmp/tmp.UgJ7zjghg8/glib/_build-arm64-v8a/meson-private/tmp6s4y_a8c/testfile.c -o /tmp/tmp.UgJ7zjghg8/glib/_build-arm64-v8a/meson-private/tmp6s4y_a8c/output.exe -D_FILE_OFFSET_BITS=64 -O0 -U_FORTIFY_SOURCE -Werror=implicit-function-declaration -std=gnu11` -> 1
stderr:
/tmp/tmp.UgJ7zjghg8/glib/_build-arm64-v8a/meson-private/tmp6s4y_a8c/testfile.c:17:18: error: "__builtin_free_sized not found"
   17 |                 #error "__builtin_free_sized not found"
      |                  ^
1 error generated.
-----------
Checking for function "free_sized" : NO 
Running compile:
Working directory:  /tmp/tmp.UgJ7zjghg8/glib/_build-arm64-v8a/meson-private/tmpzusm6fci
Code:

        #define fsync meson_disable_define_of_fsync
        
        #include <limits.h>
        #undef fsync
        
        #ifdef __cplusplus
        extern "C"
        #endif
        char fsync (void);
        
        #if defined __stub_fsync || defined __stub___fsync
        fail fail fail this function is not going to work
        #endif
        
        int main(void) {
          return fsync ();
        }
-----------
Command line: `/usr/local/lib/android/sdk/ndk/29.0.14206865/toolchains/llvm/prebuilt/linux-x86_64/bin/aarch64-linux-android26-clang /tmp/tmp.UgJ7zjghg8/glib/_build-arm64-v8a/meson-private/tmpzusm6fci/testfile.c -o /tmp/tmp.UgJ7zjghg8/glib/_build-arm64-v8a/meson-private/tmpzusm6fci/output.exe -D_FILE_OFFSET_BITS=64 -O0 -U_FORTIFY_SOURCE -Werror=implicit-function-declaration -std=gnu11` -> 0
Checking for function "fsync" : YES 
Running compile:
Working directory:  /tmp/tmp.UgJ7zjghg8/glib/_build-arm64-v8a/meson-private/tmpx5n8s7l1
Code:

        #define ftruncate64 meson_disable_define_of_ftruncate64
        
        #include <limits.h>
        #undef ftruncate64
        
        #ifdef __cplusplus
        extern "C"
        #endif
        char ftruncate64 (void);
        
        #if defined __stub_ftruncate64 || defined __stub___ftruncate64
        fail fail fail this function is not going to work
        #endif
        
        int main(void) {
          return ftruncate64 ();
        }
-----------
Command line: `/usr/local/lib/android/sdk/ndk/29.0.14206865/toolchains/llvm/prebuilt/linux-x86_64/bin/aarch64-linux-android26-clang /tmp/tmp.UgJ7zjghg8/glib/_build-arm64-v8a/meson-private/tmpx5n8s7l1/testfile.c -o /tmp/tmp.UgJ7zjghg8/glib/_build-arm64-v8a/meson-private/tmpx5n8s7l1/output.exe -D_FILE_OFFSET_BITS=64 -O0 -U_FORTIFY_SOURCE -Werror=implicit-function-declaration -std=gnu11` -> 0
Checking for function "ftruncate64" : YES 
Running compile:
Working directory:  /tmp/tmp.UgJ7zjghg8/glib/_build-arm64-v8a/meson-private/tmp1hwz0ves
Code:

        #define getauxval meson_disable_define_of_getauxval
        
        #include <limits.h>
        #undef getauxval
        
        #ifdef __cplusplus
        extern "C"
        #endif
        char getauxval (void);
        
        #if defined __stub_getauxval || defined __stub___getauxval
        fail fail fail this function is not going to work
        #endif
        
        int main(void) {
          return getauxval ();
        }
-----------
Command line: `/usr/local/lib/android/sdk/ndk/29.0.14206865/toolchains/llvm/prebuilt/linux-x86_64/bin/aarch64-linux-android26-clang /tmp/tmp.UgJ7zjghg8/glib/_build-arm64-v8a/meson-private/tmp1hwz0ves/testfile.c -o /tmp/tmp.UgJ7zjghg8/glib/_build-arm64-v8a/meson-private/tmp1hwz0ves/output.exe -D_FILE_OFFSET_BITS=64 -O0 -U_FORTIFY_SOURCE -Werror=implicit-function-declaration -std=gnu11` -> 0
Checking for function "getauxval" : YES 
Running compile:
Working directory:  /tmp/tmp.UgJ7zjghg8/glib/_build-arm64-v8a/meson-private/tmp1noi1gs0
Code:

        #define getc_unlocked meson_disable_define_of_getc_unlocked
        
        #include <limits.h>
        #undef getc_unlocked
        
        #ifdef __cplusplus
        extern "C"
        #endif
        char getc_unlocked (void);
        
        #if defined __stub_getc_unlocked || defined __stub___getc_unlocked
        fail fail fail this function is not going to work
        #endif
        
        int main(void) {
          return getc_unlocked ();
        }
-----------
Command line: `/usr/local/lib/android/sdk/ndk/29.0.14206865/toolchains/llvm/prebuilt/linux-x86_64/bin/aarch64-linux-android26-clang /tmp/tmp.UgJ7zjghg8/glib/_build-arm64-v8a/meson-private/tmp1noi1gs0/testfile.c -o /tmp/tmp.UgJ7zjghg8/glib/_build-arm64-v8a/meson-private/tmp1noi1gs0/output.exe -D_FILE_OFFSET_BITS=64 -O0 -U_FORTIFY_SOURCE -Werror=implicit-function-declaration -std=gnu11` -> 0
Checking for function "getc_unlocked" : YES 
Running compile:
Working directory:  /tmp/tmp.UgJ7zjghg8/glib/_build-arm64-v8a/meson-private/tmp2rblanjg
Code:

        #define getfsent meson_disable_define_of_getfsent
        
        #include <limits.h>
        #undef getfsent
        
        #ifdef __cplusplus
        extern "C"
        #endif
        char getfsent (void);
        
        #if defined __stub_getfsent || defined __stub___getfsent
        fail fail fail this function is not going to work
        #endif
        
        int main(void) {
          return getfsent ();
        }
-----------
Command line: `/usr/local/lib/android/sdk/ndk/29.0.14206865/toolchains/llvm/prebuilt/linux-x86_64/bin/aarch64-linux-android26-clang /tmp/tmp.UgJ7zjghg8/glib/_build-arm64-v8a/meson-private/tmp2rblanjg/testfile.c -o /tmp/tmp.UgJ7zjghg8/glib/_build-arm64-v8a/meson-private/tmp2rblanjg/output.exe -D_FILE_OFFSET_BITS=64 -O0 -U_FORTIFY_SOURCE -Werror=implicit-function-declaration -std=gnu11` -> 1
stderr:
ld.lld: error: undefined symbol: getfsent
>>> referenced by testfile.c
>>>               /tmp/testfile-4029a7.o:(main)
clang: error: linker command failed with exit code 1 (use -v to see invocation)
-----------
Running compile:
Working directory:  /tmp/tmp.UgJ7zjghg8/glib/_build-arm64-v8a/meson-private/tmp6mg3mpk4
Code:

        int main(void) {

        /* With some toolchains (MSYS2/mingw for example) the compiler
         * provides various builtins which are not really implemented and
         * fall back to the stdlib where they aren't provided and fail at
         * build/link time. In case the user provides a header, including
         * the header didn't lead to the function being defined, and the
         * function we are checking isn't a builtin itself we assume the
         * builtin is not functional and we just error out. */
        #if !1 && !defined(getfsent) && !0
            #error "No definition for __builtin_getfsent found in the prefix"
        #endif

        #ifdef __has_builtin
            #if !__has_builtin(__builtin_getfsent)
                #error "__builtin_getfsent not found"
            #endif
        #elif ! defined(getfsent)
            __builtin_getfsent;
        #endif
        return 0;
        }
-----------
Command line: `/usr/local/lib/android/sdk/ndk/29.0.14206865/toolchains/llvm/prebuilt/linux-x86_64/bin/aarch64-linux-android26-clang /tmp/tmp.UgJ7zjghg8/glib/_build-arm64-v8a/meson-private/tmp6mg3mpk4/testfile.c -o /tmp/tmp.UgJ7zjghg8/glib/_build-arm64-v8a/meson-private/tmp6mg3mpk4/output.exe -D_FILE_OFFSET_BITS=64 -O0 -U_FORTIFY_SOURCE -Werror=implicit-function-declaration -std=gnu11` -> 1
stderr:
/tmp/tmp.UgJ7zjghg8/glib/_build-arm64-v8a/meson-private/tmp6mg3mpk4/testfile.c:17:18: error: "__builtin_getfsent not found"
   17 |                 #error "__builtin_getfsent not found"
      |                  ^
1 error generated.
-----------
Checking for function "getfsent" : NO 
Running compile:
Working directory:  /tmp/tmp.UgJ7zjghg8/glib/_build-arm64-v8a/meson-private/tmp_hxkch7t
Code:

        #define getfsstat meson_disable_define_of_getfsstat
        
        #include <limits.h>
        #undef getfsstat
        
        #ifdef __cplusplus
        extern "C"
        #endif
        char getfsstat (void);
        
        #if defined __stub_getfsstat || defined __stub___getfsstat
        fail fail fail this function is not going to work
        #endif
        
        int main(void) {
          return getfsstat ();
        }
-----------
Command line: `/usr/local/lib/android/sdk/ndk/29.0.14206865/toolchains/llvm/prebuilt/linux-x86_64/bin/aarch64-linux-android26-clang /tmp/tmp.UgJ7zjghg8/glib/_build-arm64-v8a/meson-private/tmp_hxkch7t/testfile.c -o /tmp/tmp.UgJ7zjghg8/glib/_build-arm64-v8a/meson-private/tmp_hxkch7t/output.exe -D_FILE_OFFSET_BITS=64 -O0 -U_FORTIFY_SOURCE -Werror=implicit-function-declaration -std=gnu11` -> 1
stderr:
ld.lld: error: undefined symbol: getfsstat
>>> referenced by testfile.c
>>>               /tmp/testfile-37b1bc.o:(main)
clang: error: linker command failed with exit code 1 (use -v to see invocation)
-----------
Running compile:
Working directory:  /tmp/tmp.UgJ7zjghg8/glib/_build-arm64-v8a/meson-private/tmpv6lwth01
Code:

        int main(void) {

        /* With some toolchains (MSYS2/mingw for example) the compiler
         * provides various builtins which are not really implemented and
         * fall back to the stdlib where they aren't provided and fail at
         * build/link time. In case the user provides a header, including
         * the header didn't lead to the function being defined, and the
         * function we are checking isn't a builtin itself we assume the
         * builtin is not functional and we just error out. */
        #if !1 && !defined(getfsstat) && !0
            #error "No definition for __builtin_getfsstat found in the prefix"
        #endif

        #ifdef __has_builtin
            #if !__has_builtin(__builtin_getfsstat)
                #error "__builtin_getfsstat not found"
            #endif
        #elif ! defined(getfsstat)
            __builtin_getfsstat;
        #endif
        return 0;
        }
-----------
Command line: `/usr/local/lib/android/sdk/ndk/29.0.14206865/toolchains/llvm/prebuilt/linux-x86_64/bin/aarch64-linux-android26-clang /tmp/tmp.UgJ7zjghg8/glib/_build-arm64-v8a/meson-private/tmpv6lwth01/testfile.c -o /tmp/tmp.UgJ7zjghg8/glib/_build-arm64-v8a/meson-private/tmpv6lwth01/output.exe -D_FILE_OFFSET_BITS=64 -O0 -U_FORTIFY_SOURCE -Werror=implicit-function-declaration -std=gnu11` -> 1
stderr:
/tmp/tmp.UgJ7zjghg8/glib/_build-arm64-v8a/meson-private/tmpv6lwth01/testfile.c:17:18: error: "__builtin_getfsstat not found"
   17 |                 #error "__builtin_getfsstat not found"
      |                  ^
1 error generated.
-----------
Checking for function "getfsstat" : NO 
Running compile:
Working directory:  /tmp/tmp.UgJ7zjghg8/glib/_build-arm64-v8a/meson-private/tmpgmwqn2zj
Code:

        #define getgrgid_r meson_disable_define_of_getgrgid_r
        
        #include <limits.h>
        #undef getgrgid_r
        
        #ifdef __cplusplus
        extern "C"
        #endif
        char getgrgid_r (void);
        
        #if defined __stub_getgrgid_r || defined __stub___getgrgid_r
        fail fail fail this function is not going to work
        #endif
        
        int main(void) {
          return getgrgid_r ();
        }
-----------
Command line: `/usr/local/lib/android/sdk/ndk/29.0.14206865/toolchains/llvm/prebuilt/linux-x86_64/bin/aarch64-linux-android26-clang /tmp/tmp.UgJ7zjghg8/glib/_build-arm64-v8a/meson-private/tmpgmwqn2zj/testfile.c -o /tmp/tmp.UgJ7zjghg8/glib/_build-arm64-v8a/meson-private/tmpgmwqn2zj/output.exe -D_FILE_OFFSET_BITS=64 -O0 -U_FORTIFY_SOURCE -Werror=implicit-function-declaration -std=gnu11` -> 0
Checking for function "getgrgid_r" : YES 
Running compile:
Working directory:  /tmp/tmp.UgJ7zjghg8/glib/_build-arm64-v8a/meson-private/tmpjeaa5j9l
Code:

        #define getifaddrs meson_disable_define_of_getifaddrs
        
        #include <limits.h>
        #undef getifaddrs
        
        #ifdef __cplusplus
        extern "C"
        #endif
        char getifaddrs (void);
        
        #if defined __stub_getifaddrs || defined __stub___getifaddrs
        fail fail fail this function is not going to work
        #endif
        
        int main(void) {
          return getifaddrs ();
        }
-----------
Command line: `/usr/local/lib/android/sdk/ndk/29.0.14206865/toolchains/llvm/prebuilt/linux-x86_64/bin/aarch64-linux-android26-clang /tmp/tmp.UgJ7zjghg8/glib/_build-arm64-v8a/meson-private/tmpjeaa5j9l/testfile.c -o /tmp/tmp.UgJ7zjghg8/glib/_build-arm64-v8a/meson-private/tmpjeaa5j9l/output.exe -D_FILE_OFFSET_BITS=64 -O0 -U_FORTIFY_SOURCE -Werror=implicit-function-declaration -std=gnu11` -> 0
Checking for function "getifaddrs" : YES 
Running compile:
Working directory:  /tmp/tmp.UgJ7zjghg8/glib/_build-arm64-v8a/meson-private/tmpkm79mskw
Code:

        #define getmntent_r meson_disable_define_of_getmntent_r
        
        #include <limits.h>
        #undef getmntent_r
        
        #ifdef __cplusplus
        extern "C"
        #endif
        char getmntent_r (void);
        
        #if defined __stub_getmntent_r || defined __stub___getmntent_r
        fail fail fail this function is not going to work
        #endif
        
        int main(void) {
          return getmntent_r ();
        }
-----------
Command line: `/usr/local/lib/android/sdk/ndk/29.0.14206865/toolchains/llvm/prebuilt/linux-x86_64/bin/aarch64-linux-android26-clang /tmp/tmp.UgJ7zjghg8/glib/_build-arm64-v8a/meson-private/tmpkm79mskw/testfile.c -o /tmp/tmp.UgJ7zjghg8/glib/_build-arm64-v8a/meson-private/tmpkm79mskw/output.exe -D_FILE_OFFSET_BITS=64 -O0 -U_FORTIFY_SOURCE -Werror=implicit-function-declaration -std=gnu11` -> 0
Checking for function "getmntent_r" : YES 
Running compile:
Working directory:  /tmp/tmp.UgJ7zjghg8/glib/_build-arm64-v8a/meson-private/tmpzt_97wt4
Code:

        #define getpwnam_r meson_disable_define_of_getpwnam_r
        
        #include <limits.h>
        #undef getpwnam_r
        
        #ifdef __cplusplus
        extern "C"
        #endif
        char getpwnam_r (void);
        
        #if defined __stub_getpwnam_r || defined __stub___getpwnam_r
        fail fail fail this function is not going to work
        #endif
        
        int main(void) {
          return getpwnam_r ();
        }
-----------
Command line: `/usr/local/lib/android/sdk/ndk/29.0.14206865/toolchains/llvm/prebuilt/linux-x86_64/bin/aarch64-linux-android26-clang /tmp/tmp.UgJ7zjghg8/glib/_build-arm64-v8a/meson-private/tmpzt_97wt4/testfile.c -o /tmp/tmp.UgJ7zjghg8/glib/_build-arm64-v8a/meson-private/tmpzt_97wt4/output.exe -D_FILE_OFFSET_BITS=64 -O0 -U_FORTIFY_SOURCE -Werror=implicit-function-declaration -std=gnu11` -> 0
Checking for function "getpwnam_r" : YES 
Running compile:
Working directory:  /tmp/tmp.UgJ7zjghg8/glib/_build-arm64-v8a/meson-private/tmp83ng8o8u
Code:

        #define getpwuid_r meson_disable_define_of_getpwuid_r
        
        #include <limits.h>
        #undef getpwuid_r
        
        #ifdef __cplusplus
        extern "C"
        #endif
        char getpwuid_r (void);
        
        #if defined __stub_getpwuid_r || defined __stub___getpwuid_r
        fail fail fail this function is not going to work
        #endif
        
        int main(void) {
          return getpwuid_r ();
        }
-----------
Command line: `/usr/local/lib/android/sdk/ndk/29.0.14206865/toolchains/llvm/prebuilt/linux-x86_64/bin/aarch64-linux-android26-clang /tmp/tmp.UgJ7zjghg8/glib/_build-arm64-v8a/meson-private/tmp83ng8o8u/testfile.c -o /tmp/tmp.UgJ7zjghg8/glib/_build-arm64-v8a/meson-private/tmp83ng8o8u/output.exe -D_FILE_OFFSET_BITS=64 -O0 -U_FORTIFY_SOURCE -Werror=implicit-function-declaration -std=gnu11` -> 0
Checking for function "getpwuid_r" : YES 
Running compile:
Working directory:  /tmp/tmp.UgJ7zjghg8/glib/_build-arm64-v8a/meson-private/tmpmpum2hh6
Code:

        #define getresuid meson_disable_define_of_getresuid
        
        #include <limits.h>
        #undef getresuid
        
        #ifdef __cplusplus
        extern "C"
        #endif
        char getresuid (void);
        
        #if defined __stub_getresuid || defined __stub___getresuid
        fail fail fail this function is not going to work
        #endif
        
        int main(void) {
          return getresuid ();
        }
-----------
Command line: `/usr/local/lib/android/sdk/ndk/29.0.14206865/toolchains/llvm/prebuilt/linux-x86_64/bin/aarch64-linux-android26-clang /tmp/tmp.UgJ7zjghg8/glib/_build-arm64-v8a/meson-private/tmpmpum2hh6/testfile.c -o /tmp/tmp.UgJ7zjghg8/glib/_build-arm64-v8a/meson-private/tmpmpum2hh6/output.exe -D_FILE_OFFSET_BITS=64 -O0 -U_FORTIFY_SOURCE -Werror=implicit-function-declaration -std=gnu11` -> 0
Checking for function "getresuid" : YES 
Running compile:
Working directory:  /tmp/tmp.UgJ7zjghg8/glib/_build-arm64-v8a/meson-private/tmpgwk9gq7q
Code:

        #define getvfsstat meson_disable_define_of_getvfsstat
        
        #include <limits.h>
        #undef getvfsstat
        
        #ifdef __cplusplus
        extern "C"
        #endif
        char getvfsstat (void);
        
        #if defined __stub_getvfsstat || defined __stub___getvfsstat
        fail fail fail this function is not going to work
        #endif
        
        int main(void) {
          return getvfsstat ();
        }
-----------
Command line: `/usr/local/lib/android/sdk/ndk/29.0.14206865/toolchains/llvm/prebuilt/linux-x86_64/bin/aarch64-linux-android26-clang /tmp/tmp.UgJ7zjghg8/glib/_build-arm64-v8a/meson-private/tmpgwk9gq7q/testfile.c -o /tmp/tmp.UgJ7zjghg8/glib/_build-arm64-v8a/meson-private/tmpgwk9gq7q/output.exe -D_FILE_OFFSET_BITS=64 -O0 -U_FORTIFY_SOURCE -Werror=implicit-function-declaration -std=gnu11` -> 1
stderr:
ld.lld: error: undefined symbol: getvfsstat
>>> referenced by testfile.c
>>>               /tmp/testfile-1f7499.o:(main)
clang: error: linker command failed with exit code 1 (use -v to see invocation)
-----------
Running compile:
Working directory:  /tmp/tmp.UgJ7zjghg8/glib/_build-arm64-v8a/meson-private/tmpi_iz1_9r
Code:

        int main(void) {

        /* With some toolchains (MSYS2/mingw for example) the compiler
         * provides various builtins which are not really implemented and
         * fall back to the stdlib where they aren't provided and fail at
         * build/link time. In case the user provides a header, including
         * the header didn't lead to the function being defined, and the
         * function we are checking isn't a builtin itself we assume the
         * builtin is not functional and we just error out. */
        #if !1 && !defined(getvfsstat) && !0
            #error "No definition for __builtin_getvfsstat found in the prefix"
        #endif

        #ifdef __has_builtin
            #if !__has_builtin(__builtin_getvfsstat)
                #error "__builtin_getvfsstat not found"
            #endif
        #elif ! defined(getvfsstat)
            __builtin_getvfsstat;
        #endif
        return 0;
        }
-----------
Command line: `/usr/local/lib/android/sdk/ndk/29.0.14206865/toolchains/llvm/prebuilt/linux-x86_64/bin/aarch64-linux-android26-clang /tmp/tmp.UgJ7zjghg8/glib/_build-arm64-v8a/meson-private/tmpi_iz1_9r/testfile.c -o /tmp/tmp.UgJ7zjghg8/glib/_build-arm64-v8a/meson-private/tmpi_iz1_9r/output.exe -D_FILE_OFFSET_BITS=64 -O0 -U_FORTIFY_SOURCE -Werror=implicit-function-declaration -std=gnu11` -> 1
stderr:
/tmp/tmp.UgJ7zjghg8/glib/_build-arm64-v8a/meson-private/tmpi_iz1_9r/testfile.c:17:18: error: "__builtin_getvfsstat not found"
   17 |                 #error "__builtin_getvfsstat not found"
      |                  ^
1 error generated.
-----------
Checking for function "getvfsstat" : NO 
Running compile:
Working directory:  /tmp/tmp.UgJ7zjghg8/glib/_build-arm64-v8a/meson-private/tmp3cqt8hsn
Code:

        #define gmtime_r meson_disable_define_of_gmtime_r
        
        #include <limits.h>
        #undef gmtime_r
        
        #ifdef __cplusplus
        extern "C"
        #endif
        char gmtime_r (void);
        
        #if defined __stub_gmtime_r || defined __stub___gmtime_r
        fail fail fail this function is not going to work
        #endif
        
        int main(void) {
          return gmtime_r ();
        }
-----------
Command line: `/usr/local/lib/android/sdk/ndk/29.0.14206865/toolchains/llvm/prebuilt/linux-x86_64/bin/aarch64-linux-android26-clang /tmp/tmp.UgJ7zjghg8/glib/_build-arm64-v8a/meson-private/tmp3cqt8hsn/testfile.c -o /tmp/tmp.UgJ7zjghg8/glib/_build-arm64-v8a/meson-private/tmp3cqt8hsn/output.exe -D_FILE_OFFSET_BITS=64 -O0 -U_FORTIFY_SOURCE -Werror=implicit-function-declaration -std=gnu11` -> 0
Checking for function "gmtime_r" : YES 
Running compile:
Working directory:  /tmp/tmp.UgJ7zjghg8/glib/_build-arm64-v8a/meson-private/tmpoxxjw20x
Code:

        #define hasmntopt meson_disable_define_of_hasmntopt
        
        #include <limits.h>
        #undef hasmntopt
        
        #ifdef __cplusplus
        extern "C"
        #endif
        char hasmntopt (void);
        
        #if defined __stub_hasmntopt || defined __stub___hasmntopt
        fail fail fail this function is not going to work
        #endif
        
        int main(void) {
          return hasmntopt ();
        }
-----------
Command line: `/usr/local/lib/android/sdk/ndk/29.0.14206865/toolchains/llvm/prebuilt/linux-x86_64/bin/aarch64-linux-android26-clang /tmp/tmp.UgJ7zjghg8/glib/_build-arm64-v8a/meson-private/tmpoxxjw20x/testfile.c -o /tmp/tmp.UgJ7zjghg8/glib/_build-arm64-v8a/meson-private/tmpoxxjw20x/output.exe -D_FILE_OFFSET_BITS=64 -O0 -U_FORTIFY_SOURCE -Werror=implicit-function-declaration -std=gnu11` -> 0
Checking for function "hasmntopt" : YES 
Running compile:
Working directory:  /tmp/tmp.UgJ7zjghg8/glib/_build-arm64-v8a/meson-private/tmpwc9g624e
Code:

        #define inotify_init1 meson_disable_define_of_inotify_init1
        
        #include <limits.h>
        #undef inotify_init1
        
        #ifdef __cplusplus
        extern "C"
        #endif
        char inotify_init1 (void);
        
        #if defined __stub_inotify_init1 || defined __stub___inotify_init1
        fail fail fail this function is not going to work
        #endif
        
        int main(void) {
          return inotify_init1 ();
        }
-----------
Command line: `/usr/local/lib/android/sdk/ndk/29.0.14206865/toolchains/llvm/prebuilt/linux-x86_64/bin/aarch64-linux-android26-clang /tmp/tmp.UgJ7zjghg8/glib/_build-arm64-v8a/meson-private/tmpwc9g624e/testfile.c -o /tmp/tmp.UgJ7zjghg8/glib/_build-arm64-v8a/meson-private/tmpwc9g624e/output.exe -D_FILE_OFFSET_BITS=64 -O0 -U_FORTIFY_SOURCE -Werror=implicit-function-declaration -std=gnu11` -> 0
Checking for function "inotify_init1" : YES 
Running compile:
Working directory:  /tmp/tmp.UgJ7zjghg8/glib/_build-arm64-v8a/meson-private/tmputih_96q
Code:

        #define issetugid meson_disable_define_of_issetugid
        
        #include <limits.h>
        #undef issetugid
        
        #ifdef __cplusplus
        extern "C"
        #endif
        char issetugid (void);
        
        #if defined __stub_issetugid || defined __stub___issetugid
        fail fail fail this function is not going to work
        #endif
        
        int main(void) {
          return issetugid ();
        }
-----------
Command line: `/usr/local/lib/android/sdk/ndk/29.0.14206865/toolchains/llvm/prebuilt/linux-x86_64/bin/aarch64-linux-android26-clang /tmp/tmp.UgJ7zjghg8/glib/_build-arm64-v8a/meson-private/tmputih_96q/testfile.c -o /tmp/tmp.UgJ7zjghg8/glib/_build-arm64-v8a/meson-private/tmputih_96q/output.exe -D_FILE_OFFSET_BITS=64 -O0 -U_FORTIFY_SOURCE -Werror=implicit-function-declaration -std=gnu11` -> 1
stderr:
ld.lld: error: undefined symbol: issetugid
>>> referenced by testfile.c
>>>               /tmp/testfile-4f259c.o:(main)
clang: error: linker command failed with exit code 1 (use -v to see invocation)
-----------
Running compile:
Working directory:  /tmp/tmp.UgJ7zjghg8/glib/_build-arm64-v8a/meson-private/tmpeqxsk84e
Code:

        int main(void) {

        /* With some toolchains (MSYS2/mingw for example) the compiler
         * provides various builtins which are not really implemented and
         * fall back to the stdlib where they aren't provided and fail at
         * build/link time. In case the user provides a header, including
         * the header didn't lead to the function being defined, and the
         * function we are checking isn't a builtin itself we assume the
         * builtin is not functional and we just error out. */
        #if !1 && !defined(issetugid) && !0
            #error "No definition for __builtin_issetugid found in the prefix"
        #endif

        #ifdef __has_builtin
            #if !__has_builtin(__builtin_issetugid)
                #error "__builtin_issetugid not found"
            #endif
        #elif ! defined(issetugid)
            __builtin_issetugid;
        #endif
        return 0;
        }
-----------
Command line: `/usr/local/lib/android/sdk/ndk/29.0.14206865/toolchains/llvm/prebuilt/linux-x86_64/bin/aarch64-linux-android26-clang /tmp/tmp.UgJ7zjghg8/glib/_build-arm64-v8a/meson-private/tmpeqxsk84e/testfile.c -o /tmp/tmp.UgJ7zjghg8/glib/_build-arm64-v8a/meson-private/tmpeqxsk84e/output.exe -D_FILE_OFFSET_BITS=64 -O0 -U_FORTIFY_SOURCE -Werror=implicit-function-declaration -std=gnu11` -> 1
stderr:
/tmp/tmp.UgJ7zjghg8/glib/_build-arm64-v8a/meson-private/tmpeqxsk84e/testfile.c:17:18: error: "__builtin_issetugid not found"
   17 |                 #error "__builtin_issetugid not found"
      |                  ^
1 error generated.
-----------
Checking for function "issetugid" : NO 
Running compile:
Working directory:  /tmp/tmp.UgJ7zjghg8/glib/_build-arm64-v8a/meson-private/tmp172ktg5f
Code:

        #define kevent meson_disable_define_of_kevent
        
        #include <limits.h>
        #undef kevent
        
        #ifdef __cplusplus
        extern "C"
        #endif
        char kevent (void);
        
        #if defined __stub_kevent || defined __stub___kevent
        fail fail fail this function is not going to work
        #endif
        
        int main(void) {
          return kevent ();
        }
-----------
Command line: `/usr/local/lib/android/sdk/ndk/29.0.14206865/toolchains/llvm/prebuilt/linux-x86_64/bin/aarch64-linux-android26-clang /tmp/tmp.UgJ7zjghg8/glib/_build-arm64-v8a/meson-private/tmp172ktg5f/testfile.c -o /tmp/tmp.UgJ7zjghg8/glib/_build-arm64-v8a/meson-private/tmp172ktg5f/output.exe -D_FILE_OFFSET_BITS=64 -O0 -U_FORTIFY_SOURCE -Werror=implicit-function-declaration -std=gnu11` -> 1
stderr:
ld.lld: error: undefined symbol: kevent
>>> referenced by testfile.c
>>>               /tmp/testfile-1ee02f.o:(main)
clang: error: linker command failed with exit code 1 (use -v to see invocation)
-----------
Running compile:
Working directory:  /tmp/tmp.UgJ7zjghg8/glib/_build-arm64-v8a/meson-private/tmpesgjj76p
Code:

        int main(void) {

        /* With some toolchains (MSYS2/mingw for example) the compiler
         * provides various builtins which are not really implemented and
         * fall back to the stdlib where they aren't provided and fail at
         * build/link time. In case the user provides a header, including
         * the header didn't lead to the function being defined, and the
         * function we are checking isn't a builtin itself we assume the
         * builtin is not functional and we just error out. */
        #if !1 && !defined(kevent) && !0
            #error "No definition for __builtin_kevent found in the prefix"
        #endif

        #ifdef __has_builtin
            #if !__has_builtin(__builtin_kevent)
                #error "__builtin_kevent not found"
            #endif
        #elif ! defined(kevent)
            __builtin_kevent;
        #endif
        return 0;
        }
-----------
Command line: `/usr/local/lib/android/sdk/ndk/29.0.14206865/toolchains/llvm/prebuilt/linux-x86_64/bin/aarch64-linux-android26-clang /tmp/tmp.UgJ7zjghg8/glib/_build-arm64-v8a/meson-private/tmpesgjj76p/testfile.c -o /tmp/tmp.UgJ7zjghg8/glib/_build-arm64-v8a/meson-private/tmpesgjj76p/output.exe -D_FILE_OFFSET_BITS=64 -O0 -U_FORTIFY_SOURCE -Werror=implicit-function-declaration -std=gnu11` -> 1
stderr:
/tmp/tmp.UgJ7zjghg8/glib/_build-arm64-v8a/meson-private/tmpesgjj76p/testfile.c:17:18: error: "__builtin_kevent not found"
   17 |                 #error "__builtin_kevent not found"
      |                  ^
1 error generated.
-----------
Checking for function "kevent" : NO 
Running compile:
Working directory:  /tmp/tmp.UgJ7zjghg8/glib/_build-arm64-v8a/meson-private/tmp9w2bchpi
Code:

        #define kqueue meson_disable_define_of_kqueue
        
        #include <limits.h>
        #undef kqueue
        
        #ifdef __cplusplus
        extern "C"
        #endif
        char kqueue (void);
        
        #if defined __stub_kqueue || defined __stub___kqueue
        fail fail fail this function is not going to work
        #endif
        
        int main(void) {
          return kqueue ();
        }
-----------
Command line: `/usr/local/lib/android/sdk/ndk/29.0.14206865/toolchains/llvm/prebuilt/linux-x86_64/bin/aarch64-linux-android26-clang /tmp/tmp.UgJ7zjghg8/glib/_build-arm64-v8a/meson-private/tmp9w2bchpi/testfile.c -o /tmp/tmp.UgJ7zjghg8/glib/_build-arm64-v8a/meson-private/tmp9w2bchpi/output.exe -D_FILE_OFFSET_BITS=64 -O0 -U_FORTIFY_SOURCE -Werror=implicit-function-declaration -std=gnu11` -> 1
stderr:
ld.lld: error: undefined symbol: kqueue
>>> referenced by testfile.c
>>>               /tmp/testfile-d4759d.o:(main)
clang: error: linker command failed with exit code 1 (use -v to see invocation)
-----------
Running compile:
Working directory:  /tmp/tmp.UgJ7zjghg8/glib/_build-arm64-v8a/meson-private/tmplqq8j_yq
Code:

        int main(void) {

        /* With some toolchains (MSYS2/mingw for example) the compiler
         * provides various builtins which are not really implemented and
         * fall back to the stdlib where they aren't provided and fail at
         * build/link time. In case the user provides a header, including
         * the header didn't lead to the function being defined, and the
         * function we are checking isn't a builtin itself we assume the
         * builtin is not functional and we just error out. */
        #if !1 && !defined(kqueue) && !0
            #error "No definition for __builtin_kqueue found in the prefix"
        #endif

        #ifdef __has_builtin
            #if !__has_builtin(__builtin_kqueue)
                #error "__builtin_kqueue not found"
            #endif
        #elif ! defined(kqueue)
            __builtin_kqueue;
        #endif
        return 0;
        }
-----------
Command line: `/usr/local/lib/android/sdk/ndk/29.0.14206865/toolchains/llvm/prebuilt/linux-x86_64/bin/aarch64-linux-android26-clang /tmp/tmp.UgJ7zjghg8/glib/_build-arm64-v8a/meson-private/tmplqq8j_yq/testfile.c -o /tmp/tmp.UgJ7zjghg8/glib/_build-arm64-v8a/meson-private/tmplqq8j_yq/output.exe -D_FILE_OFFSET_BITS=64 -O0 -U_FORTIFY_SOURCE -Werror=implicit-function-declaration -std=gnu11` -> 1
stderr:
/tmp/tmp.UgJ7zjghg8/glib/_build-arm64-v8a/meson-private/tmplqq8j_yq/testfile.c:17:18: error: "__builtin_kqueue not found"
   17 |                 #error "__builtin_kqueue not found"
      |                  ^
1 error generated.
-----------
Checking for function "kqueue" : NO 
Running compile:
Working directory:  /tmp/tmp.UgJ7zjghg8/glib/_build-arm64-v8a/meson-private/tmpoebjkcnz
Code:

        #define lchmod meson_disable_define_of_lchmod
        
        #include <limits.h>
        #undef lchmod
        
        #ifdef __cplusplus
        extern "C"
        #endif
        char lchmod (void);
        
        #if defined __stub_lchmod || defined __stub___lchmod
        fail fail fail this function is not going to work
        #endif
        
        int main(void) {
          return lchmod ();
        }
-----------
Command line: `/usr/local/lib/android/sdk/ndk/29.0.14206865/toolchains/llvm/prebuilt/linux-x86_64/bin/aarch64-linux-android26-clang /tmp/tmp.UgJ7zjghg8/glib/_build-arm64-v8a/meson-private/tmpoebjkcnz/testfile.c -o /tmp/tmp.UgJ7zjghg8/glib/_build-arm64-v8a/meson-private/tmpoebjkcnz/output.exe -D_FILE_OFFSET_BITS=64 -O0 -U_FORTIFY_SOURCE -Werror=implicit-function-declaration -std=gnu11` -> 1
stderr:
ld.lld: error: undefined symbol: lchmod
>>> referenced by testfile.c
>>>               /tmp/testfile-af9414.o:(main)
>>> did you mean: fchmod
>>> defined in: /usr/local/lib/android/sdk/ndk/29.0.14206865/toolchains/llvm/prebuilt/linux-x86_64/bin/../sysroot/usr/lib/aarch64-linux-android/26/libc.so
clang: error: linker command failed with exit code 1 (use -v to see invocation)
-----------
Running compile:
Working directory:  /tmp/tmp.UgJ7zjghg8/glib/_build-arm64-v8a/meson-private/tmpdnltorrg
Code:

        int main(void) {

        /* With some toolchains (MSYS2/mingw for example) the compiler
         * provides various builtins which are not really implemented and
         * fall back to the stdlib where they aren't provided and fail at
         * build/link time. In case the user provides a header, including
         * the header didn't lead to the function being defined, and the
         * function we are checking isn't a builtin itself we assume the
         * builtin is not functional and we just error out. */
        #if !1 && !defined(lchmod) && !0
            #error "No definition for __builtin_lchmod found in the prefix"
        #endif

        #ifdef __has_builtin
            #if !__has_builtin(__builtin_lchmod)
                #error "__builtin_lchmod not found"
            #endif
        #elif ! defined(lchmod)
            __builtin_lchmod;
        #endif
        return 0;
        }
-----------
Command line: `/usr/local/lib/android/sdk/ndk/29.0.14206865/toolchains/llvm/prebuilt/linux-x86_64/bin/aarch64-linux-android26-clang /tmp/tmp.UgJ7zjghg8/glib/_build-arm64-v8a/meson-private/tmpdnltorrg/testfile.c -o /tmp/tmp.UgJ7zjghg8/glib/_build-arm64-v8a/meson-private/tmpdnltorrg/output.exe -D_FILE_OFFSET_BITS=64 -O0 -U_FORTIFY_SOURCE -Werror=implicit-function-declaration -std=gnu11` -> 1
stderr:
/tmp/tmp.UgJ7zjghg8/glib/_build-arm64-v8a/meson-private/tmpdnltorrg/testfile.c:17:18: error: "__builtin_lchmod not found"
   17 |                 #error "__builtin_lchmod not found"
      |                  ^
1 error generated.
-----------
Checking for function "lchmod" : NO 
Running compile:
Working directory:  /tmp/tmp.UgJ7zjghg8/glib/_build-arm64-v8a/meson-private/tmp1h4vfx2p
Code:

        #define lchown meson_disable_define_of_lchown
        
        #include <limits.h>
        #undef lchown
        
        #ifdef __cplusplus
        extern "C"
        #endif
        char lchown (void);
        
        #if defined __stub_lchown || defined __stub___lchown
        fail fail fail this function is not going to work
        #endif
        
        int main(void) {
          return lchown ();
        }
-----------
Command line: `/usr/local/lib/android/sdk/ndk/29.0.14206865/toolchains/llvm/prebuilt/linux-x86_64/bin/aarch64-linux-android26-clang /tmp/tmp.UgJ7zjghg8/glib/_build-arm64-v8a/meson-private/tmp1h4vfx2p/testfile.c -o /tmp/tmp.UgJ7zjghg8/glib/_build-arm64-v8a/meson-private/tmp1h4vfx2p/output.exe -D_FILE_OFFSET_BITS=64 -O0 -U_FORTIFY_SOURCE -Werror=implicit-function-declaration -std=gnu11` -> 0
Checking for function "lchown" : YES 
Running compile:
Working directory:  /tmp/tmp.UgJ7zjghg8/glib/_build-arm64-v8a/meson-private/tmpmt7fs21y
Code:

        #define link meson_disable_define_of_link
        
        #include <limits.h>
        #undef link
        
        #ifdef __cplusplus
        extern "C"
        #endif
        char link (void);
        
        #if defined __stub_link || defined __stub___link
        fail fail fail this function is not going to work
        #endif
        
        int main(void) {
          return link ();
        }
-----------
Command line: `/usr/local/lib/android/sdk/ndk/29.0.14206865/toolchains/llvm/prebuilt/linux-x86_64/bin/aarch64-linux-android26-clang /tmp/tmp.UgJ7zjghg8/glib/_build-arm64-v8a/meson-private/tmpmt7fs21y/testfile.c -o /tmp/tmp.UgJ7zjghg8/glib/_build-arm64-v8a/meson-private/tmpmt7fs21y/output.exe -D_FILE_OFFSET_BITS=64 -O0 -U_FORTIFY_SOURCE -Werror=implicit-function-declaration -std=gnu11` -> 0
Checking for function "link" : YES 
Running compile:
Working directory:  /tmp/tmp.UgJ7zjghg8/glib/_build-arm64-v8a/meson-private/tmp354ohvps
Code:

        #define localtime_r meson_disable_define_of_localtime_r
        
        #include <limits.h>
        #undef localtime_r
        
        #ifdef __cplusplus
        extern "C"
        #endif
        char localtime_r (void);
        
        #if defined __stub_localtime_r || defined __stub___localtime_r
        fail fail fail this function is not going to work
        #endif
        
        int main(void) {
          return localtime_r ();
        }
-----------
Command line: `/usr/local/lib/android/sdk/ndk/29.0.14206865/toolchains/llvm/prebuilt/linux-x86_64/bin/aarch64-linux-android26-clang /tmp/tmp.UgJ7zjghg8/glib/_build-arm64-v8a/meson-private/tmp354ohvps/testfile.c -o /tmp/tmp.UgJ7zjghg8/glib/_build-arm64-v8a/meson-private/tmp354ohvps/output.exe -D_FILE_OFFSET_BITS=64 -O0 -U_FORTIFY_SOURCE -Werror=implicit-function-declaration -std=gnu11` -> 0
Checking for function "localtime_r" : YES 
Running compile:
Working directory:  /tmp/tmp.UgJ7zjghg8/glib/_build-arm64-v8a/meson-private/tmpfk7zidrx
Code:

        #define lstat meson_disable_define_of_lstat
        
        #include <limits.h>
        #undef lstat
        
        #ifdef __cplusplus
        extern "C"
        #endif
        char lstat (void);
        
        #if defined __stub_lstat || defined __stub___lstat
        fail fail fail this function is not going to work
        #endif
        
        int main(void) {
          return lstat ();
        }
-----------
Command line: `/usr/local/lib/android/sdk/ndk/29.0.14206865/toolchains/llvm/prebuilt/linux-x86_64/bin/aarch64-linux-android26-clang /tmp/tmp.UgJ7zjghg8/glib/_build-arm64-v8a/meson-private/tmpfk7zidrx/testfile.c -o /tmp/tmp.UgJ7zjghg8/glib/_build-arm64-v8a/meson-private/tmpfk7zidrx/output.exe -D_FILE_OFFSET_BITS=64 -O0 -U_FORTIFY_SOURCE -Werror=implicit-function-declaration -std=gnu11` -> 0
Checking for function "lstat" : YES 
Running compile:
Working directory:  /tmp/tmp.UgJ7zjghg8/glib/_build-arm64-v8a/meson-private/tmpjpi7_t0c
Code:

        #define mbrtowc meson_disable_define_of_mbrtowc
        
        #include <limits.h>
        #undef mbrtowc
        
        #ifdef __cplusplus
        extern "C"
        #endif
        char mbrtowc (void);
        
        #if defined __stub_mbrtowc || defined __stub___mbrtowc
        fail fail fail this function is not going to work
        #endif
        
        int main(void) {
          return mbrtowc ();
        }
-----------
Command line: `/usr/local/lib/android/sdk/ndk/29.0.14206865/toolchains/llvm/prebuilt/linux-x86_64/bin/aarch64-linux-android26-clang /tmp/tmp.UgJ7zjghg8/glib/_build-arm64-v8a/meson-private/tmpjpi7_t0c/testfile.c -o /tmp/tmp.UgJ7zjghg8/glib/_build-arm64-v8a/meson-private/tmpjpi7_t0c/output.exe -D_FILE_OFFSET_BITS=64 -O0 -U_FORTIFY_SOURCE -Werror=implicit-function-declaration -std=gnu11` -> 0
Checking for function "mbrtowc" : YES 
Running compile:
Working directory:  /tmp/tmp.UgJ7zjghg8/glib/_build-arm64-v8a/meson-private/tmpj84hktwa
Code:

        #define memalign meson_disable_define_of_memalign
        
        #include <limits.h>
        #undef memalign
        
        #ifdef __cplusplus
        extern "C"
        #endif
        char memalign (void);
        
        #if defined __stub_memalign || defined __stub___memalign
        fail fail fail this function is not going to work
        #endif
        
        int main(void) {
          return memalign ();
        }
-----------
Command line: `/usr/local/lib/android/sdk/ndk/29.0.14206865/toolchains/llvm/prebuilt/linux-x86_64/bin/aarch64-linux-android26-clang /tmp/tmp.UgJ7zjghg8/glib/_build-arm64-v8a/meson-private/tmpj84hktwa/testfile.c -o /tmp/tmp.UgJ7zjghg8/glib/_build-arm64-v8a/meson-private/tmpj84hktwa/output.exe -D_FILE_OFFSET_BITS=64 -O0 -U_FORTIFY_SOURCE -Werror=implicit-function-declaration -std=gnu11` -> 0
stderr:
/tmp/tmp.UgJ7zjghg8/glib/_build-arm64-v8a/meson-private/tmpj84hktwa/testfile.c:10:14: warning: incompatible redeclaration of library function 'memalign' [-Wincompatible-library-redeclaration]
   10 |         char memalign (void);
      |              ^
/tmp/tmp.UgJ7zjghg8/glib/_build-arm64-v8a/meson-private/tmpj84hktwa/testfile.c:10:14: note: 'memalign' is a builtin with type 'void *(unsigned long, unsigned long)'
1 warning generated.
-----------
Checking for function "memalign" : YES 
Running compile:
Working directory:  /tmp/tmp.UgJ7zjghg8/glib/_build-arm64-v8a/meson-private/tmpv27j25_g
Code:

        #define memmem meson_disable_define_of_memmem
        
        #include <limits.h>
        #undef memmem
        
        #ifdef __cplusplus
        extern "C"
        #endif
        char memmem (void);
        
        #if defined __stub_memmem || defined __stub___memmem
        fail fail fail this function is not going to work
        #endif
        
        int main(void) {
          return memmem ();
        }
-----------
Command line: `/usr/local/lib/android/sdk/ndk/29.0.14206865/toolchains/llvm/prebuilt/linux-x86_64/bin/aarch64-linux-android26-clang /tmp/tmp.UgJ7zjghg8/glib/_build-arm64-v8a/meson-private/tmpv27j25_g/testfile.c -o /tmp/tmp.UgJ7zjghg8/glib/_build-arm64-v8a/meson-private/tmpv27j25_g/output.exe -D_FILE_OFFSET_BITS=64 -O0 -U_FORTIFY_SOURCE -Werror=implicit-function-declaration -std=gnu11` -> 0
Checking for function "memmem" : YES 
Running compile:
Working directory:  /tmp/tmp.UgJ7zjghg8/glib/_build-arm64-v8a/meson-private/tmpg0q28auo
Code:

        #define mmap meson_disable_define_of_mmap
        
        #include <limits.h>
        #undef mmap
        
        #ifdef __cplusplus
        extern "C"
        #endif
        char mmap (void);
        
        #if defined __stub_mmap || defined __stub___mmap
        fail fail fail this function is not going to work
        #endif
        
        int main(void) {
          return mmap ();
        }
-----------
Command line: `/usr/local/lib/android/sdk/ndk/29.0.14206865/toolchains/llvm/prebuilt/linux-x86_64/bin/aarch64-linux-android26-clang /tmp/tmp.UgJ7zjghg8/glib/_build-arm64-v8a/meson-private/tmpg0q28auo/testfile.c -o /tmp/tmp.UgJ7zjghg8/glib/_build-arm64-v8a/meson-private/tmpg0q28auo/output.exe -D_FILE_OFFSET_BITS=64 -O0 -U_FORTIFY_SOURCE -Werror=implicit-function-declaration -std=gnu11` -> 0
Checking for function "mmap" : YES 
Running compile:
Working directory:  /tmp/tmp.UgJ7zjghg8/glib/_build-arm64-v8a/meson-private/tmp5uht0zc8
Code:

        #define newlocale meson_disable_define_of_newlocale
        
        #include <limits.h>
        #undef newlocale
        
        #ifdef __cplusplus
        extern "C"
        #endif
        char newlocale (void);
        
        #if defined __stub_newlocale || defined __stub___newlocale
        fail fail fail this function is not going to work
        #endif
        
        int main(void) {
          return newlocale ();
        }
-----------
Command line: `/usr/local/lib/android/sdk/ndk/29.0.14206865/toolchains/llvm/prebuilt/linux-x86_64/bin/aarch64-linux-android26-clang /tmp/tmp.UgJ7zjghg8/glib/_build-arm64-v8a/meson-private/tmp5uht0zc8/testfile.c -o /tmp/tmp.UgJ7zjghg8/glib/_build-arm64-v8a/meson-private/tmp5uht0zc8/output.exe -D_FILE_OFFSET_BITS=64 -O0 -U_FORTIFY_SOURCE -Werror=implicit-function-declaration -std=gnu11` -> 0
Checking for function "newlocale" : YES 
Running compile:
Working directory:  /tmp/tmp.UgJ7zjghg8/glib/_build-arm64-v8a/meson-private/tmpbwob4m9t
Code:

        #define pipe2 meson_disable_define_of_pipe2
        
        #include <limits.h>
        #undef pipe2
        
        #ifdef __cplusplus
        extern "C"
        #endif
        char pipe2 (void);
        
        #if defined __stub_pipe2 || defined __stub___pipe2
        fail fail fail this function is not going to work
        #endif
        
        int main(void) {
          return pipe2 ();
        }
-----------
Command line: `/usr/local/lib/android/sdk/ndk/29.0.14206865/toolchains/llvm/prebuilt/linux-x86_64/bin/aarch64-linux-android26-clang /tmp/tmp.UgJ7zjghg8/glib/_build-arm64-v8a/meson-private/tmpbwob4m9t/testfile.c -o /tmp/tmp.UgJ7zjghg8/glib/_build-arm64-v8a/meson-private/tmpbwob4m9t/output.exe -D_FILE_OFFSET_BITS=64 -O0 -U_FORTIFY_SOURCE -Werror=implicit-function-declaration -std=gnu11` -> 0
Checking for function "pipe2" : YES 
Running compile:
Working directory:  /tmp/tmp.UgJ7zjghg8/glib/_build-arm64-v8a/meson-private/tmpdv130rqe
Code:

        #define poll meson_disable_define_of_poll
        
        #include <limits.h>
        #undef poll
        
        #ifdef __cplusplus
        extern "C"
        #endif
        char poll (void);
        
        #if defined __stub_poll || defined __stub___poll
        fail fail fail this function is not going to work
        #endif
        
        int main(void) {
          return poll ();
        }
-----------
Command line: `/usr/local/lib/android/sdk/ndk/29.0.14206865/toolchains/llvm/prebuilt/linux-x86_64/bin/aarch64-linux-android26-clang /tmp/tmp.UgJ7zjghg8/glib/_build-arm64-v8a/meson-private/tmpdv130rqe/testfile.c -o /tmp/tmp.UgJ7zjghg8/glib/_build-arm64-v8a/meson-private/tmpdv130rqe/output.exe -D_FILE_OFFSET_BITS=64 -O0 -U_FORTIFY_SOURCE -Werror=implicit-function-declaration -std=gnu11` -> 0
Checking for function "poll" : YES 
Running compile:
Working directory:  /tmp/tmp.UgJ7zjghg8/glib/_build-arm64-v8a/meson-private/tmplzwvq8lx
Code:

        #define prlimit meson_disable_define_of_prlimit
        
        #include <limits.h>
        #undef prlimit
        
        #ifdef __cplusplus
        extern "C"
        #endif
        char prlimit (void);
        
        #if defined __stub_prlimit || defined __stub___prlimit
        fail fail fail this function is not going to work
        #endif
        
        int main(void) {
          return prlimit ();
        }
-----------
Command line: `/usr/local/lib/android/sdk/ndk/29.0.14206865/toolchains/llvm/prebuilt/linux-x86_64/bin/aarch64-linux-android26-clang /tmp/tmp.UgJ7zjghg8/glib/_build-arm64-v8a/meson-private/tmplzwvq8lx/testfile.c -o /tmp/tmp.UgJ7zjghg8/glib/_build-arm64-v8a/meson-private/tmplzwvq8lx/output.exe -D_FILE_OFFSET_BITS=64 -O0 -U_FORTIFY_SOURCE -Werror=implicit-function-declaration -std=gnu11` -> 0
Checking for function "prlimit" : YES 
Running compile:
Working directory:  /tmp/tmp.UgJ7zjghg8/glib/_build-arm64-v8a/meson-private/tmp_7hp1pqp
Code:

        #define readlink meson_disable_define_of_readlink
        
        #include <limits.h>
        #undef readlink
        
        #ifdef __cplusplus
        extern "C"
        #endif
        char readlink (void);
        
        #if defined __stub_readlink || defined __stub___readlink
        fail fail fail this function is not going to work
        #endif
        
        int main(void) {
          return readlink ();
        }
-----------
Command line: `/usr/local/lib/android/sdk/ndk/29.0.14206865/toolchains/llvm/prebuilt/linux-x86_64/bin/aarch64-linux-android26-clang /tmp/tmp.UgJ7zjghg8/glib/_build-arm64-v8a/meson-private/tmp_7hp1pqp/testfile.c -o /tmp/tmp.UgJ7zjghg8/glib/_build-arm64-v8a/meson-private/tmp_7hp1pqp/output.exe -D_FILE_OFFSET_BITS=64 -O0 -U_FORTIFY_SOURCE -Werror=implicit-function-declaration -std=gnu11` -> 0
Checking for function "readlink" : YES 
Running compile:
Working directory:  /tmp/tmp.UgJ7zjghg8/glib/_build-arm64-v8a/meson-private/tmpoub2rcxc
Code:

        #define recvmmsg meson_disable_define_of_recvmmsg
        
        #include <limits.h>
        #undef recvmmsg
        
        #ifdef __cplusplus
        extern "C"
        #endif
        char recvmmsg (void);
        
        #if defined __stub_recvmmsg || defined __stub___recvmmsg
        fail fail fail this function is not going to work
        #endif
        
        int main(void) {
          return recvmmsg ();
        }
-----------
Command line: `/usr/local/lib/android/sdk/ndk/29.0.14206865/toolchains/llvm/prebuilt/linux-x86_64/bin/aarch64-linux-android26-clang /tmp/tmp.UgJ7zjghg8/glib/_build-arm64-v8a/meson-private/tmpoub2rcxc/testfile.c -o /tmp/tmp.UgJ7zjghg8/glib/_build-arm64-v8a/meson-private/tmpoub2rcxc/output.exe -D_FILE_OFFSET_BITS=64 -O0 -U_FORTIFY_SOURCE -Werror=implicit-function-declaration -std=gnu11` -> 0
Checking for function "recvmmsg" : YES 
Running compile:
Working directory:  /tmp/tmp.UgJ7zjghg8/glib/_build-arm64-v8a/meson-private/tmpeesq_4ca
Code:

        #define sendmmsg meson_disable_define_of_sendmmsg
        
        #include <limits.h>
        #undef sendmmsg
        
        #ifdef __cplusplus
        extern "C"
        #endif
        char sendmmsg (void);
        
        #if defined __stub_sendmmsg || defined __stub___sendmmsg
        fail fail fail this function is not going to work
        #endif
        
        int main(void) {
          return sendmmsg ();
        }
-----------
Command line: `/usr/local/lib/android/sdk/ndk/29.0.14206865/toolchains/llvm/prebuilt/linux-x86_64/bin/aarch64-linux-android26-clang /tmp/tmp.UgJ7zjghg8/glib/_build-arm64-v8a/meson-private/tmpeesq_4ca/testfile.c -o /tmp/tmp.UgJ7zjghg8/glib/_build-arm64-v8a/meson-private/tmpeesq_4ca/output.exe -D_FILE_OFFSET_BITS=64 -O0 -U_FORTIFY_SOURCE -Werror=implicit-function-declaration -std=gnu11` -> 0
Checking for function "sendmmsg" : YES 
Running compile:
Working directory:  /tmp/tmp.UgJ7zjghg8/glib/_build-arm64-v8a/meson-private/tmplspgrroa
Code:

        #define setenv meson_disable_define_of_setenv
        
        #include <limits.h>
        #undef setenv
        
        #ifdef __cplusplus
        extern "C"
        #endif
        char setenv (void);
        
        #if defined __stub_setenv || defined __stub___setenv
        fail fail fail this function is not going to work
        #endif
        
        int main(void) {
          return setenv ();
        }
-----------
Command line: `/usr/local/lib/android/sdk/ndk/29.0.14206865/toolchains/llvm/prebuilt/linux-x86_64/bin/aarch64-linux-android26-clang /tmp/tmp.UgJ7zjghg8/glib/_build-arm64-v8a/meson-private/tmplspgrroa/testfile.c -o /tmp/tmp.UgJ7zjghg8/glib/_build-arm64-v8a/meson-private/tmplspgrroa/output.exe -D_FILE_OFFSET_BITS=64 -O0 -U_FORTIFY_SOURCE -Werror=implicit-function-declaration -std=gnu11` -> 0
Checking for function "setenv" : YES 
Running compile:
Working directory:  /tmp/tmp.UgJ7zjghg8/glib/_build-arm64-v8a/meson-private/tmpkthorgzu
Code:

        #define setmntent meson_disable_define_of_setmntent
        
        #include <limits.h>
        #undef setmntent
        
        #ifdef __cplusplus
        extern "C"
        #endif
        char setmntent (void);
        
        #if defined __stub_setmntent || defined __stub___setmntent
        fail fail fail this function is not going to work
        #endif
        
        int main(void) {
          return setmntent ();
        }
-----------
Command line: `/usr/local/lib/android/sdk/ndk/29.0.14206865/toolchains/llvm/prebuilt/linux-x86_64/bin/aarch64-linux-android26-clang /tmp/tmp.UgJ7zjghg8/glib/_build-arm64-v8a/meson-private/tmpkthorgzu/testfile.c -o /tmp/tmp.UgJ7zjghg8/glib/_build-arm64-v8a/meson-private/tmpkthorgzu/output.exe -D_FILE_OFFSET_BITS=64 -O0 -U_FORTIFY_SOURCE -Werror=implicit-function-declaration -std=gnu11` -> 0
Checking for function "setmntent" : YES 
Running compile:
Working directory:  /tmp/tmp.UgJ7zjghg8/glib/_build-arm64-v8a/meson-private/tmpek9rk07m
Code:

        #define strerror_r meson_disable_define_of_strerror_r
        
        #include <limits.h>
        #undef strerror_r
        
        #ifdef __cplusplus
        extern "C"
        #endif
        char strerror_r (void);
        
        #if defined __stub_strerror_r || defined __stub___strerror_r
        fail fail fail this function is not going to work
        #endif
        
        int main(void) {
          return strerror_r ();
        }
-----------
Command line: `/usr/local/lib/android/sdk/ndk/29.0.14206865/toolchains/llvm/prebuilt/linux-x86_64/bin/aarch64-linux-android26-clang /tmp/tmp.UgJ7zjghg8/glib/_build-arm64-v8a/meson-private/tmpek9rk07m/testfile.c -o /tmp/tmp.UgJ7zjghg8/glib/_build-arm64-v8a/meson-private/tmpek9rk07m/output.exe -D_FILE_OFFSET_BITS=64 -O0 -U_FORTIFY_SOURCE -Werror=implicit-function-declaration -std=gnu11` -> 0
Checking for function "strerror_r" : YES 
Running compile:
Working directory:  /tmp/tmp.UgJ7zjghg8/glib/_build-arm64-v8a/meson-private/tmpkh44sebo
Code:

        #define strnlen meson_disable_define_of_strnlen
        
        #include <limits.h>
        #undef strnlen
        
        #ifdef __cplusplus
        extern "C"
        #endif
        char strnlen (void);
        
        #if defined __stub_strnlen || defined __stub___strnlen
        fail fail fail this function is not going to work
        #endif
        
        int main(void) {
          return strnlen ();
        }
-----------
Command line: `/usr/local/lib/android/sdk/ndk/29.0.14206865/toolchains/llvm/prebuilt/linux-x86_64/bin/aarch64-linux-android26-clang /tmp/tmp.UgJ7zjghg8/glib/_build-arm64-v8a/meson-private/tmpkh44sebo/testfile.c -o /tmp/tmp.UgJ7zjghg8/glib/_build-arm64-v8a/meson-private/tmpkh44sebo/output.exe -D_FILE_OFFSET_BITS=64 -O0 -U_FORTIFY_SOURCE -Werror=implicit-function-declaration -std=gnu11` -> 0
Checking for function "strnlen" : YES 
Running compile:
Working directory:  /tmp/tmp.UgJ7zjghg8/glib/_build-arm64-v8a/meson-private/tmpmg69g32p
Code:

        #define strsignal meson_disable_define_of_strsignal
        
        #include <limits.h>
        #undef strsignal
        
        #ifdef __cplusplus
        extern "C"
        #endif
        char strsignal (void);
        
        #if defined __stub_strsignal || defined __stub___strsignal
        fail fail fail this function is not going to work
        #endif
        
        int main(void) {
          return strsignal ();
        }
-----------
Command line: `/usr/local/lib/android/sdk/ndk/29.0.14206865/toolchains/llvm/prebuilt/linux-x86_64/bin/aarch64-linux-android26-clang /tmp/tmp.UgJ7zjghg8/glib/_build-arm64-v8a/meson-private/tmpmg69g32p/testfile.c -o /tmp/tmp.UgJ7zjghg8/glib/_build-arm64-v8a/meson-private/tmpmg69g32p/output.exe -D_FILE_OFFSET_BITS=64 -O0 -U_FORTIFY_SOURCE -Werror=implicit-function-declaration -std=gnu11` -> 0
Checking for function "strsignal" : YES 
Running compile:
Working directory:  /tmp/tmp.UgJ7zjghg8/glib/_build-arm64-v8a/meson-private/tmpc4frwlfs
Code:

        #define strtod_l meson_disable_define_of_strtod_l
        
        #include <limits.h>
        #undef strtod_l
        
        #ifdef __cplusplus
        extern "C"
        #endif
        char strtod_l (void);
        
        #if defined __stub_strtod_l || defined __stub___strtod_l
        fail fail fail this function is not going to work
        #endif
        
        int main(void) {
          return strtod_l ();
        }
-----------
Command line: `/usr/local/lib/android/sdk/ndk/29.0.14206865/toolchains/llvm/prebuilt/linux-x86_64/bin/aarch64-linux-android26-clang /tmp/tmp.UgJ7zjghg8/glib/_build-arm64-v8a/meson-private/tmpc4frwlfs/testfile.c -o /tmp/tmp.UgJ7zjghg8/glib/_build-arm64-v8a/meson-private/tmpc4frwlfs/output.exe -D_FILE_OFFSET_BITS=64 -O0 -U_FORTIFY_SOURCE -Werror=implicit-function-declaration -std=gnu11` -> 0
Checking for function "strtod_l" : YES 
Running compile:
Working directory:  /tmp/tmp.UgJ7zjghg8/glib/_build-arm64-v8a/meson-private/tmp5gycsnom
Code:

        #define strtoll_l meson_disable_define_of_strtoll_l
        
        #include <limits.h>
        #undef strtoll_l
        
        #ifdef __cplusplus
        extern "C"
        #endif
        char strtoll_l (void);
        
        #if defined __stub_strtoll_l || defined __stub___strtoll_l
        fail fail fail this function is not going to work
        #endif
        
        int main(void) {
          return strtoll_l ();
        }
-----------
Command line: `/usr/local/lib/android/sdk/ndk/29.0.14206865/toolchains/llvm/prebuilt/linux-x86_64/bin/aarch64-linux-android26-clang /tmp/tmp.UgJ7zjghg8/glib/_build-arm64-v8a/meson-private/tmp5gycsnom/testfile.c -o /tmp/tmp.UgJ7zjghg8/glib/_build-arm64-v8a/meson-private/tmp5gycsnom/output.exe -D_FILE_OFFSET_BITS=64 -O0 -U_FORTIFY_SOURCE -Werror=implicit-function-declaration -std=gnu11` -> 0
Checking for function "strtoll_l" : YES 
Running compile:
Working directory:  /tmp/tmp.UgJ7zjghg8/glib/_build-arm64-v8a/meson-private/tmp7tj_5rsd
Code:

        #define strtoull_l meson_disable_define_of_strtoull_l
        
        #include <limits.h>
        #undef strtoull_l
        
        #ifdef __cplusplus
        extern "C"
        #endif
        char strtoull_l (void);
        
        #if defined __stub_strtoull_l || defined __stub___strtoull_l
        fail fail fail this function is not going to work
        #endif
        
        int main(void) {
          return strtoull_l ();
        }
-----------
Command line: `/usr/local/lib/android/sdk/ndk/29.0.14206865/toolchains/llvm/prebuilt/linux-x86_64/bin/aarch64-linux-android26-clang /tmp/tmp.UgJ7zjghg8/glib/_build-arm64-v8a/meson-private/tmp7tj_5rsd/testfile.c -o /tmp/tmp.UgJ7zjghg8/glib/_build-arm64-v8a/meson-private/tmp7tj_5rsd/output.exe -D_FILE_OFFSET_BITS=64 -O0 -U_FORTIFY_SOURCE -Werror=implicit-function-declaration -std=gnu11` -> 0
Checking for function "strtoull_l" : YES 
Running compile:
Working directory:  /tmp/tmp.UgJ7zjghg8/glib/_build-arm64-v8a/meson-private/tmp2izaxuie
Code:

        #define symlink meson_disable_define_of_symlink
        
        #include <limits.h>
        #undef symlink
        
        #ifdef __cplusplus
        extern "C"
        #endif
        char symlink (void);
        
        #if defined __stub_symlink || defined __stub___symlink
        fail fail fail this function is not going to work
        #endif
        
        int main(void) {
          return symlink ();
        }
-----------
Command line: `/usr/local/lib/android/sdk/ndk/29.0.14206865/toolchains/llvm/prebuilt/linux-x86_64/bin/aarch64-linux-android26-clang /tmp/tmp.UgJ7zjghg8/glib/_build-arm64-v8a/meson-private/tmp2izaxuie/testfile.c -o /tmp/tmp.UgJ7zjghg8/glib/_build-arm64-v8a/meson-private/tmp2izaxuie/output.exe -D_FILE_OFFSET_BITS=64 -O0 -U_FORTIFY_SOURCE -Werror=implicit-function-declaration -std=gnu11` -> 0
Checking for function "symlink" : YES 
Running compile:
Working directory:  /tmp/tmp.UgJ7zjghg8/glib/_build-arm64-v8a/meson-private/tmp_g9s5yje
Code:

        #define timegm meson_disable_define_of_timegm
        
        #include <limits.h>
        #undef timegm
        
        #ifdef __cplusplus
        extern "C"
        #endif
        char timegm (void);
        
        #if defined __stub_timegm || defined __stub___timegm
        fail fail fail this function is not going to work
        #endif
        
        int main(void) {
          return timegm ();
        }
-----------
Command line: `/usr/local/lib/android/sdk/ndk/29.0.14206865/toolchains/llvm/prebuilt/linux-x86_64/bin/aarch64-linux-android26-clang /tmp/tmp.UgJ7zjghg8/glib/_build-arm64-v8a/meson-private/tmp_g9s5yje/testfile.c -o /tmp/tmp.UgJ7zjghg8/glib/_build-arm64-v8a/meson-private/tmp_g9s5yje/output.exe -D_FILE_OFFSET_BITS=64 -O0 -U_FORTIFY_SOURCE -Werror=implicit-function-declaration -std=gnu11` -> 0
Checking for function "timegm" : YES 
Running compile:
Working directory:  /tmp/tmp.UgJ7zjghg8/glib/_build-arm64-v8a/meson-private/tmp_418ekcc
Code:

        #define unsetenv meson_disable_define_of_unsetenv
        
        #include <limits.h>
        #undef unsetenv
        
        #ifdef __cplusplus
        extern "C"
        #endif
        char unsetenv (void);
        
        #if defined __stub_unsetenv || defined __stub___unsetenv
        fail fail fail this function is not going to work
        #endif
        
        int main(void) {
          return unsetenv ();
        }
-----------
Command line: `/usr/local/lib/android/sdk/ndk/29.0.14206865/toolchains/llvm/prebuilt/linux-x86_64/bin/aarch64-linux-android26-clang /tmp/tmp.UgJ7zjghg8/glib/_build-arm64-v8a/meson-private/tmp_418ekcc/testfile.c -o /tmp/tmp.UgJ7zjghg8/glib/_build-arm64-v8a/meson-private/tmp_418ekcc/output.exe -D_FILE_OFFSET_BITS=64 -O0 -U_FORTIFY_SOURCE -Werror=implicit-function-declaration -std=gnu11` -> 0
Checking for function "unsetenv" : YES 
Running compile:
Working directory:  /tmp/tmp.UgJ7zjghg8/glib/_build-arm64-v8a/meson-private/tmpipdzsno6
Code:

        #define uselocale meson_disable_define_of_uselocale
        
        #include <limits.h>
        #undef uselocale
        
        #ifdef __cplusplus
        extern "C"
        #endif
        char uselocale (void);
        
        #if defined __stub_uselocale || defined __stub___uselocale
        fail fail fail this function is not going to work
        #endif
        
        int main(void) {
          return uselocale ();
        }
-----------
Command line: `/usr/local/lib/android/sdk/ndk/29.0.14206865/toolchains/llvm/prebuilt/linux-x86_64/bin/aarch64-linux-android26-clang /tmp/tmp.UgJ7zjghg8/glib/_build-arm64-v8a/meson-private/tmpipdzsno6/testfile.c -o /tmp/tmp.UgJ7zjghg8/glib/_build-arm64-v8a/meson-private/tmpipdzsno6/output.exe -D_FILE_OFFSET_BITS=64 -O0 -U_FORTIFY_SOURCE -Werror=implicit-function-declaration -std=gnu11` -> 0
Checking for function "uselocale" : YES 
Running compile:
Working directory:  /tmp/tmp.UgJ7zjghg8/glib/_build-arm64-v8a/meson-private/tmpp9mebwzy
Code:

        #define utimes meson_disable_define_of_utimes
        
        #include <limits.h>
        #undef utimes
        
        #ifdef __cplusplus
        extern "C"
        #endif
        char utimes (void);
        
        #if defined __stub_utimes || defined __stub___utimes
        fail fail fail this function is not going to work
        #endif
        
        int main(void) {
          return utimes ();
        }
-----------
Command line: `/usr/local/lib/android/sdk/ndk/29.0.14206865/toolchains/llvm/prebuilt/linux-x86_64/bin/aarch64-linux-android26-clang /tmp/tmp.UgJ7zjghg8/glib/_build-arm64-v8a/meson-private/tmpp9mebwzy/testfile.c -o /tmp/tmp.UgJ7zjghg8/glib/_build-arm64-v8a/meson-private/tmpp9mebwzy/output.exe -D_FILE_OFFSET_BITS=64 -O0 -U_FORTIFY_SOURCE -Werror=implicit-function-declaration -std=gnu11` -> 0
Checking for function "utimes" : YES 
Running compile:
Working directory:  /tmp/tmp.UgJ7zjghg8/glib/_build-arm64-v8a/meson-private/tmpk7_pof2l
Code:

        #define utimensat meson_disable_define_of_utimensat
        
        #include <limits.h>
        #undef utimensat
        
        #ifdef __cplusplus
        extern "C"
        #endif
        char utimensat (void);
        
        #if defined __stub_utimensat || defined __stub___utimensat
        fail fail fail this function is not going to work
        #endif
        
        int main(void) {
          return utimensat ();
        }
-----------
Command line: `/usr/local/lib/android/sdk/ndk/29.0.14206865/toolchains/llvm/prebuilt/linux-x86_64/bin/aarch64-linux-android26-clang /tmp/tmp.UgJ7zjghg8/glib/_build-arm64-v8a/meson-private/tmpk7_pof2l/testfile.c -o /tmp/tmp.UgJ7zjghg8/glib/_build-arm64-v8a/meson-private/tmpk7_pof2l/output.exe -D_FILE_OFFSET_BITS=64 -O0 -U_FORTIFY_SOURCE -Werror=implicit-function-declaration -std=gnu11` -> 0
Checking for function "utimensat" : YES 
Running compile:
Working directory:  /tmp/tmp.UgJ7zjghg8/glib/_build-arm64-v8a/meson-private/tmp3bkv8g8u
Code:

        #define valloc meson_disable_define_of_valloc
        
        #include <limits.h>
        #undef valloc
        
        #ifdef __cplusplus
        extern "C"
        #endif
        char valloc (void);
        
        #if defined __stub_valloc || defined __stub___valloc
        fail fail fail this function is not going to work
        #endif
        
        int main(void) {
          return valloc ();
        }
-----------
Command line: `/usr/local/lib/android/sdk/ndk/29.0.14206865/toolchains/llvm/prebuilt/linux-x86_64/bin/aarch64-linux-android26-clang /tmp/tmp.UgJ7zjghg8/glib/_build-arm64-v8a/meson-private/tmp3bkv8g8u/testfile.c -o /tmp/tmp.UgJ7zjghg8/glib/_build-arm64-v8a/meson-private/tmp3bkv8g8u/output.exe -D_FILE_OFFSET_BITS=64 -O0 -U_FORTIFY_SOURCE -Werror=implicit-function-declaration -std=gnu11` -> 1
stderr:
ld.lld: error: undefined symbol: valloc
>>> referenced by testfile.c
>>>               /tmp/testfile-ff8f3c.o:(main)
>>> did you mean: calloc
>>> defined in: /usr/local/lib/android/sdk/ndk/29.0.14206865/toolchains/llvm/prebuilt/linux-x86_64/bin/../sysroot/usr/lib/aarch64-linux-android/26/libc.so
clang: error: linker command failed with exit code 1 (use -v to see invocation)
-----------
Running compile:
Working directory:  /tmp/tmp.UgJ7zjghg8/glib/_build-arm64-v8a/meson-private/tmpa5zl2xav
Code:

        int main(void) {

        /* With some toolchains (MSYS2/mingw for example) the compiler
         * provides various builtins which are not really implemented and
         * fall back to the stdlib where they aren't provided and fail at
         * build/link time. In case the user provides a header, including
         * the header didn't lead to the function being defined, and the
         * function we are checking isn't a builtin itself we assume the
         * builtin is not functional and we just error out. */
        #if !1 && !defined(valloc) && !0
            #error "No definition for __builtin_valloc found in the prefix"
        #endif

        #ifdef __has_builtin
            #if !__has_builtin(__builtin_valloc)
                #error "__builtin_valloc not found"
            #endif
        #elif ! defined(valloc)
            __builtin_valloc;
        #endif
        return 0;
        }
-----------
Command line: `/usr/local/lib/android/sdk/ndk/29.0.14206865/toolchains/llvm/prebuilt/linux-x86_64/bin/aarch64-linux-android26-clang /tmp/tmp.UgJ7zjghg8/glib/_build-arm64-v8a/meson-private/tmpa5zl2xav/testfile.c -o /tmp/tmp.UgJ7zjghg8/glib/_build-arm64-v8a/meson-private/tmpa5zl2xav/output.exe -D_FILE_OFFSET_BITS=64 -O0 -U_FORTIFY_SOURCE -Werror=implicit-function-declaration -std=gnu11` -> 1
stderr:
/tmp/tmp.UgJ7zjghg8/glib/_build-arm64-v8a/meson-private/tmpa5zl2xav/testfile.c:17:18: error: "__builtin_valloc not found"
   17 |                 #error "__builtin_valloc not found"
      |                  ^
1 error generated.
-----------
Checking for function "valloc" : NO 
Running compile:
Working directory:  /tmp/tmp.UgJ7zjghg8/glib/_build-arm64-v8a/meson-private/tmp9dtgi4en
Code:

        #define vasprintf meson_disable_define_of_vasprintf
        
        #include <limits.h>
        #undef vasprintf
        
        #ifdef __cplusplus
        extern "C"
        #endif
        char vasprintf (void);
        
        #if defined __stub_vasprintf || defined __stub___vasprintf
        fail fail fail this function is not going to work
        #endif
        
        int main(void) {
          return vasprintf ();
        }
-----------
Command line: `/usr/local/lib/android/sdk/ndk/29.0.14206865/toolchains/llvm/prebuilt/linux-x86_64/bin/aarch64-linux-android26-clang /tmp/tmp.UgJ7zjghg8/glib/_build-arm64-v8a/meson-private/tmp9dtgi4en/testfile.c -o /tmp/tmp.UgJ7zjghg8/glib/_build-arm64-v8a/meson-private/tmp9dtgi4en/output.exe -D_FILE_OFFSET_BITS=64 -O0 -U_FORTIFY_SOURCE -Werror=implicit-function-declaration -std=gnu11` -> 0
stderr:
/tmp/tmp.UgJ7zjghg8/glib/_build-arm64-v8a/meson-private/tmp9dtgi4en/testfile.c:17:29: warning: format string missing [-Wformat]
   17 |           return vasprintf ();
      |                  ~~~~~~~~~  ^
1 warning generated.
-----------
Checking for function "vasprintf" : YES 
Running compile:
Working directory:  /tmp/tmp.UgJ7zjghg8/glib/_build-arm64-v8a/meson-private/tmpy9gvk0nk
Code:

        #define vsnprintf meson_disable_define_of_vsnprintf
        
        #include <limits.h>
        #undef vsnprintf
        
        #ifdef __cplusplus
        extern "C"
        #endif
        char vsnprintf (void);
        
        #if defined __stub_vsnprintf || defined __stub___vsnprintf
        fail fail fail this function is not going to work
        #endif
        
        int main(void) {
          return vsnprintf ();
        }
-----------
Command line: `/usr/local/lib/android/sdk/ndk/29.0.14206865/toolchains/llvm/prebuilt/linux-x86_64/bin/aarch64-linux-android26-clang /tmp/tmp.UgJ7zjghg8/glib/_build-arm64-v8a/meson-private/tmpy9gvk0nk/testfile.c -o /tmp/tmp.UgJ7zjghg8/glib/_build-arm64-v8a/meson-private/tmpy9gvk0nk/output.exe -D_FILE_OFFSET_BITS=64 -O0 -U_FORTIFY_SOURCE -Werror=implicit-function-declaration -std=gnu11` -> 0
stderr:
/tmp/tmp.UgJ7zjghg8/glib/_build-arm64-v8a/meson-private/tmpy9gvk0nk/testfile.c:10:14: warning: incompatible redeclaration of library function 'vsnprintf' [-Wincompatible-library-redeclaration]
   10 |         char vsnprintf (void);
      |              ^
/tmp/tmp.UgJ7zjghg8/glib/_build-arm64-v8a/meson-private/tmpy9gvk0nk/testfile.c:10:14: note: 'vsnprintf' is a builtin with type 'int (char *restrict, unsigned long, const char *restrict, __builtin_va_list)'
1 warning generated.
-----------
Checking for function "vsnprintf" : YES 
Running compile:
Working directory:  /tmp/tmp.UgJ7zjghg8/glib/_build-arm64-v8a/meson-private/tmppjkmeo8l
Code:

        #define wcrtomb meson_disable_define_of_wcrtomb
        
        #include <limits.h>
        #undef wcrtomb
        
        #ifdef __cplusplus
        extern "C"
        #endif
        char wcrtomb (void);
        
        #if defined __stub_wcrtomb || defined __stub___wcrtomb
        fail fail fail this function is not going to work
        #endif
        
        int main(void) {
          return wcrtomb ();
        }
-----------
Command line: `/usr/local/lib/android/sdk/ndk/29.0.14206865/toolchains/llvm/prebuilt/linux-x86_64/bin/aarch64-linux-android26-clang /tmp/tmp.UgJ7zjghg8/glib/_build-arm64-v8a/meson-private/tmppjkmeo8l/testfile.c -o /tmp/tmp.UgJ7zjghg8/glib/_build-arm64-v8a/meson-private/tmppjkmeo8l/output.exe -D_FILE_OFFSET_BITS=64 -O0 -U_FORTIFY_SOURCE -Werror=implicit-function-declaration -std=gnu11` -> 0
Checking for function "wcrtomb" : YES 
Running compile:
Working directory:  /tmp/tmp.UgJ7zjghg8/glib/_build-arm64-v8a/meson-private/tmpdxs9sl7r
Code:

        #define wcslen meson_disable_define_of_wcslen
        
        #include <limits.h>
        #undef wcslen
        
        #ifdef __cplusplus
        extern "C"
        #endif
        char wcslen (void);
        
        #if defined __stub_wcslen || defined __stub___wcslen
        fail fail fail this function is not going to work
        #endif
        
        int main(void) {
          return wcslen ();
        }
-----------
Command line: `/usr/local/lib/android/sdk/ndk/29.0.14206865/toolchains/llvm/prebuilt/linux-x86_64/bin/aarch64-linux-android26-clang /tmp/tmp.UgJ7zjghg8/glib/_build-arm64-v8a/meson-private/tmpdxs9sl7r/testfile.c -o /tmp/tmp.UgJ7zjghg8/glib/_build-arm64-v8a/meson-private/tmpdxs9sl7r/output.exe -D_FILE_OFFSET_BITS=64 -O0 -U_FORTIFY_SOURCE -Werror=implicit-function-declaration -std=gnu11` -> 0
stderr:
/tmp/tmp.UgJ7zjghg8/glib/_build-arm64-v8a/meson-private/tmpdxs9sl7r/testfile.c:10:14: warning: incompatible redeclaration of library function 'wcslen' [-Wincompatible-library-redeclaration]
   10 |         char wcslen (void);
      |              ^
/tmp/tmp.UgJ7zjghg8/glib/_build-arm64-v8a/meson-private/tmpdxs9sl7r/testfile.c:10:14: note: 'wcslen' is a builtin with type 'unsigned long (const unsigned int *)'
1 warning generated.
-----------
Checking for function "wcslen" : YES 
Running compile:
Working directory:  /tmp/tmp.UgJ7zjghg8/glib/_build-arm64-v8a/meson-private/tmptipcj0ju
Code:

        #define wcsnlen meson_disable_define_of_wcsnlen
        
        #include <limits.h>
        #undef wcsnlen
        
        #ifdef __cplusplus
        extern "C"
        #endif
        char wcsnlen (void);
        
        #if defined __stub_wcsnlen || defined __stub___wcsnlen
        fail fail fail this function is not going to work
        #endif
        
        int main(void) {
          return wcsnlen ();
        }
-----------
Command line: `/usr/local/lib/android/sdk/ndk/29.0.14206865/toolchains/llvm/prebuilt/linux-x86_64/bin/aarch64-linux-android26-clang /tmp/tmp.UgJ7zjghg8/glib/_build-arm64-v8a/meson-private/tmptipcj0ju/testfile.c -o /tmp/tmp.UgJ7zjghg8/glib/_build-arm64-v8a/meson-private/tmptipcj0ju/output.exe -D_FILE_OFFSET_BITS=64 -O0 -U_FORTIFY_SOURCE -Werror=implicit-function-declaration -std=gnu11` -> 0
Checking for function "wcsnlen" : YES 
Running compile:
Working directory:  /tmp/tmp.UgJ7zjghg8/glib/_build-arm64-v8a/meson-private/tmpod0yzirr
Code:

        #define sysctlbyname meson_disable_define_of_sysctlbyname
        
        #include <limits.h>
        #undef sysctlbyname
        
        #ifdef __cplusplus
        extern "C"
        #endif
        char sysctlbyname (void);
        
        #if defined __stub_sysctlbyname || defined __stub___sysctlbyname
        fail fail fail this function is not going to work
        #endif
        
        int main(void) {
          return sysctlbyname ();
        }
-----------
Command line: `/usr/local/lib/android/sdk/ndk/29.0.14206865/toolchains/llvm/prebuilt/linux-x86_64/bin/aarch64-linux-android26-clang /tmp/tmp.UgJ7zjghg8/glib/_build-arm64-v8a/meson-private/tmpod0yzirr/testfile.c -o /tmp/tmp.UgJ7zjghg8/glib/_build-arm64-v8a/meson-private/tmpod0yzirr/output.exe -D_FILE_OFFSET_BITS=64 -O0 -U_FORTIFY_SOURCE -Werror=implicit-function-declaration -std=gnu11` -> 1
stderr:
ld.lld: error: undefined symbol: sysctlbyname
>>> referenced by testfile.c
>>>               /tmp/testfile-98bbe5.o:(main)
clang: error: linker command failed with exit code 1 (use -v to see invocation)
-----------
Running compile:
Working directory:  /tmp/tmp.UgJ7zjghg8/glib/_build-arm64-v8a/meson-private/tmpui6xybkd
Code:

        int main(void) {

        /* With some toolchains (MSYS2/mingw for example) the compiler
         * provides various builtins which are not really implemented and
         * fall back to the stdlib where they aren't provided and fail at
         * build/link time. In case the user provides a header, including
         * the header didn't lead to the function being defined, and the
         * function we are checking isn't a builtin itself we assume the
         * builtin is not functional and we just error out. */
        #if !1 && !defined(sysctlbyname) && !0
            #error "No definition for __builtin_sysctlbyname found in the prefix"
        #endif

        #ifdef __has_builtin
            #if !__has_builtin(__builtin_sysctlbyname)
                #error "__builtin_sysctlbyname not found"
            #endif
        #elif ! defined(sysctlbyname)
            __builtin_sysctlbyname;
        #endif
        return 0;
        }
-----------
Command line: `/usr/local/lib/android/sdk/ndk/29.0.14206865/toolchains/llvm/prebuilt/linux-x86_64/bin/aarch64-linux-android26-clang /tmp/tmp.UgJ7zjghg8/glib/_build-arm64-v8a/meson-private/tmpui6xybkd/testfile.c -o /tmp/tmp.UgJ7zjghg8/glib/_build-arm64-v8a/meson-private/tmpui6xybkd/output.exe -D_FILE_OFFSET_BITS=64 -O0 -U_FORTIFY_SOURCE -Werror=implicit-function-declaration -std=gnu11` -> 1
stderr:
/tmp/tmp.UgJ7zjghg8/glib/_build-arm64-v8a/meson-private/tmpui6xybkd/testfile.c:17:18: error: "__builtin_sysctlbyname not found"
   17 |                 #error "__builtin_sysctlbyname not found"
      |                  ^
1 error generated.
-----------
Checking for function "sysctlbyname" : NO 
Running compile:
Working directory:  /tmp/tmp.UgJ7zjghg8/glib/_build-arm64-v8a/meson-private/tmp0hwtq6pm
Code:

        #define statvfs meson_disable_define_of_statvfs
        
        #include <limits.h>
        #undef statvfs
        
        #ifdef __cplusplus
        extern "C"
        #endif
        char statvfs (void);
        
        #if defined __stub_statvfs || defined __stub___statvfs
        fail fail fail this function is not going to work
        #endif
        
        int main(void) {
          return statvfs ();
        }
-----------
Command line: `/usr/local/lib/android/sdk/ndk/29.0.14206865/toolchains/llvm/prebuilt/linux-x86_64/bin/aarch64-linux-android26-clang /tmp/tmp.UgJ7zjghg8/glib/_build-arm64-v8a/meson-private/tmp0hwtq6pm/testfile.c -o /tmp/tmp.UgJ7zjghg8/glib/_build-arm64-v8a/meson-private/tmp0hwtq6pm/output.exe -D_FILE_OFFSET_BITS=64 -O0 -U_FORTIFY_SOURCE -Werror=implicit-function-declaration -std=gnu11` -> 0
Checking for function "statvfs" : YES 
Running compile:
Working directory:  /tmp/tmp.UgJ7zjghg8/glib/_build-arm64-v8a/meson-private/tmpfhrd1cku
Code:

        #define statfs meson_disable_define_of_statfs
        
        #include <limits.h>
        #undef statfs
        
        #ifdef __cplusplus
        extern "C"
        #endif
        char statfs (void);
        
        #if defined __stub_statfs || defined __stub___statfs
        fail fail fail this function is not going to work
        #endif
        
        int main(void) {
          return statfs ();
        }
-----------
Command line: `/usr/local/lib/android/sdk/ndk/29.0.14206865/toolchains/llvm/prebuilt/linux-x86_64/bin/aarch64-linux-android26-clang /tmp/tmp.UgJ7zjghg8/glib/_build-arm64-v8a/meson-private/tmpfhrd1cku/testfile.c -o /tmp/tmp.UgJ7zjghg8/glib/_build-arm64-v8a/meson-private/tmpfhrd1cku/output.exe -D_FILE_OFFSET_BITS=64 -O0 -U_FORTIFY_SOURCE -Werror=implicit-function-declaration -std=gnu11` -> 0
Checking for function "statfs" : YES 
Running compile:
Working directory:  /tmp/tmp.UgJ7zjghg8/glib/_build-arm64-v8a/meson-private/tmpq4c8c7hp
Code:

        #define prctl meson_disable_define_of_prctl
        
        #include <limits.h>
        #undef prctl
        
        #ifdef __cplusplus
        extern "C"
        #endif
        char prctl (void);
        
        #if defined __stub_prctl || defined __stub___prctl
        fail fail fail this function is not going to work
        #endif
        
        int main(void) {
          return prctl ();
        }
-----------
Command line: `/usr/local/lib/android/sdk/ndk/29.0.14206865/toolchains/llvm/prebuilt/linux-x86_64/bin/aarch64-linux-android26-clang /tmp/tmp.UgJ7zjghg8/glib/_build-arm64-v8a/meson-private/tmpq4c8c7hp/testfile.c -o /tmp/tmp.UgJ7zjghg8/glib/_build-arm64-v8a/meson-private/tmpq4c8c7hp/output.exe -D_FILE_OFFSET_BITS=64 -O0 -U_FORTIFY_SOURCE -Werror=implicit-function-declaration -std=gnu11` -> 0
Checking for function "prctl" : YES 
Running compile:
Working directory:  /tmp/tmp.UgJ7zjghg8/glib/_build-arm64-v8a/meson-private/tmpyl5vu7fb
Code:

        #define if_indextoname meson_disable_define_of_if_indextoname
        
        #include <limits.h>
        #undef if_indextoname
        
        #ifdef __cplusplus
        extern "C"
        #endif
        char if_indextoname (void);
        
        #if defined __stub_if_indextoname || defined __stub___if_indextoname
        fail fail fail this function is not going to work
        #endif
        
        int main(void) {
          return if_indextoname ();
        }
-----------
Command line: `/usr/local/lib/android/sdk/ndk/29.0.14206865/toolchains/llvm/prebuilt/linux-x86_64/bin/aarch64-linux-android26-clang /tmp/tmp.UgJ7zjghg8/glib/_build-arm64-v8a/meson-private/tmpyl5vu7fb/testfile.c -o /tmp/tmp.UgJ7zjghg8/glib/_build-arm64-v8a/meson-private/tmpyl5vu7fb/output.exe -D_FILE_OFFSET_BITS=64 -O0 -U_FORTIFY_SOURCE -Werror=implicit-function-declaration -std=gnu11` -> 0
Checking for function "if_indextoname" : YES 
Running compile:
Working directory:  /tmp/tmp.UgJ7zjghg8/glib/_build-arm64-v8a/meson-private/tmpx9uct9wy
Code:

        #define if_nametoindex meson_disable_define_of_if_nametoindex
        
        #include <limits.h>
        #undef if_nametoindex
        
        #ifdef __cplusplus
        extern "C"
        #endif
        char if_nametoindex (void);
        
        #if defined __stub_if_nametoindex || defined __stub___if_nametoindex
        fail fail fail this function is not going to work
        #endif
        
        int main(void) {
          return if_nametoindex ();
        }
-----------
Command line: `/usr/local/lib/android/sdk/ndk/29.0.14206865/toolchains/llvm/prebuilt/linux-x86_64/bin/aarch64-linux-android26-clang /tmp/tmp.UgJ7zjghg8/glib/_build-arm64-v8a/meson-private/tmpx9uct9wy/testfile.c -o /tmp/tmp.UgJ7zjghg8/glib/_build-arm64-v8a/meson-private/tmpx9uct9wy/output.exe -D_FILE_OFFSET_BITS=64 -O0 -U_FORTIFY_SOURCE -Werror=implicit-function-declaration -std=gnu11` -> 0
Checking for function "if_nametoindex" : YES 
Running compile:
Working directory:  /tmp/tmp.UgJ7zjghg8/glib/_build-arm64-v8a/meson-private/tmp2kx0xbo3
Code:

        #define splice meson_disable_define_of_splice
        
        #include <limits.h>
        #undef splice
        
        #ifdef __cplusplus
        extern "C"
        #endif
        char splice (void);
        
        #if defined __stub_splice || defined __stub___splice
        fail fail fail this function is not going to work
        #endif
        
        int main(void) {
          return splice ();
        }
-----------
Command line: `/usr/local/lib/android/sdk/ndk/29.0.14206865/toolchains/llvm/prebuilt/linux-x86_64/bin/aarch64-linux-android26-clang /tmp/tmp.UgJ7zjghg8/glib/_build-arm64-v8a/meson-private/tmp2kx0xbo3/testfile.c -o /tmp/tmp.UgJ7zjghg8/glib/_build-arm64-v8a/meson-private/tmp2kx0xbo3/output.exe -D_FILE_OFFSET_BITS=64 -O0 -U_FORTIFY_SOURCE -Werror=implicit-function-declaration -std=gnu11` -> 0
Checking for function "splice" : YES 
Running compile:
Working directory:  /tmp/tmp.UgJ7zjghg8/glib/_build-arm64-v8a/meson-private/tmp6aq090tg
Code:

        #define sysinfo meson_disable_define_of_sysinfo
        
        #include <limits.h>
        #undef sysinfo
        
        #ifdef __cplusplus
        extern "C"
        #endif
        char sysinfo (void);
        
        #if defined __stub_sysinfo || defined __stub___sysinfo
        fail fail fail this function is not going to work
        #endif
        
        int main(void) {
          return sysinfo ();
        }
-----------
Command line: `/usr/local/lib/android/sdk/ndk/29.0.14206865/toolchains/llvm/prebuilt/linux-x86_64/bin/aarch64-linux-android26-clang /tmp/tmp.UgJ7zjghg8/glib/_build-arm64-v8a/meson-private/tmp6aq090tg/testfile.c -o /tmp/tmp.UgJ7zjghg8/glib/_build-arm64-v8a/meson-private/tmp6aq090tg/output.exe -D_FILE_OFFSET_BITS=64 -O0 -U_FORTIFY_SOURCE -Werror=implicit-function-declaration -std=gnu11` -> 0
Checking for function "sysinfo" : YES 
Running compile:
Working directory:  /tmp/tmp.UgJ7zjghg8/glib/_build-arm64-v8a/meson-private/tmp05btnb1j
Code:
#include <string.h>
#include <limits.h>

        #if defined __stub_stpcpy || defined __stub___stpcpy
        fail fail fail this function is not going to work
        #endif
        
int main(void) {
            void *a = (void*) &stpcpy;
            long long b = (long long) a;
            return (int) b;
        }
-----------
Command line: `/usr/local/lib/android/sdk/ndk/29.0.14206865/toolchains/llvm/prebuilt/linux-x86_64/bin/aarch64-linux-android26-clang /tmp/tmp.UgJ7zjghg8/glib/_build-arm64-v8a/meson-private/tmp05btnb1j/testfile.c -o /tmp/tmp.UgJ7zjghg8/glib/_build-arm64-v8a/meson-private/tmp05btnb1j/output.exe -D_FILE_OFFSET_BITS=64 -O0 -U_FORTIFY_SOURCE -Werror=implicit-function-declaration -std=gnu11` -> 0
Checking for function "stpcpy" : YES 
Running compile:
Working directory:  /tmp/tmp.UgJ7zjghg8/glib/_build-arm64-v8a/meson-private/tmpmec409s6
Code:
#include <stdlib.h>
#include <malloc.h>
#include <limits.h>

        #if defined __stub_memalign || defined __stub___memalign
        fail fail fail this function is not going to work
        #endif
        
int main(void) {
            void *a = (void*) &memalign;
            long long b = (long long) a;
            return (int) b;
        }
-----------
Command line: `/usr/local/lib/android/sdk/ndk/29.0.14206865/toolchains/llvm/prebuilt/linux-x86_64/bin/aarch64-linux-android26-clang /tmp/tmp.UgJ7zjghg8/glib/_build-arm64-v8a/meson-private/tmpmec409s6/testfile.c -o /tmp/tmp.UgJ7zjghg8/glib/_build-arm64-v8a/meson-private/tmpmec409s6/output.exe -D_FILE_OFFSET_BITS=64 -O0 -U_FORTIFY_SOURCE -Werror=implicit-function-declaration -std=gnu11` -> 0
Checking for function "memalign" : YES 
Running compile:
Working directory:  /tmp/tmp.UgJ7zjghg8/glib/_build-arm64-v8a/meson-private/tmpeembz0wx
Code:
#include <netdb.h>
               int main (int argc, char ** argv) {
                 int (*fcn)(const char *,
                            const char *,
                            struct servent *,
                            char *,
                            size_t,
                            struct servent **) = getservbyname_r;
                 (void) fcn;
                 return 0;
               }
-----------
Command line: `/usr/local/lib/android/sdk/ndk/29.0.14206865/toolchains/llvm/prebuilt/linux-x86_64/bin/aarch64-linux-android26-clang /tmp/tmp.UgJ7zjghg8/glib/_build-arm64-v8a/meson-private/tmpeembz0wx/testfile.c -o /tmp/tmp.UgJ7zjghg8/glib/_build-arm64-v8a/meson-private/tmpeembz0wx/output.obj -c -D_FILE_OFFSET_BITS=64 -O0 -U_FORTIFY_SOURCE -Werror=implicit-function-declaration -Werror=unknown-warning-option -Werror=unused-command-line-argument -Werror=ignored-optimization-argument -std=gnu11 -Werror=incompatible-pointer-types` -> 1
stderr:
/tmp/tmp.UgJ7zjghg8/glib/_build-arm64-v8a/meson-private/tmpeembz0wx/testfile.c:8:50: error: use of undeclared identifier 'getservbyname_r'; did you mean 'getservbyname'?
    8 |                             struct servent **) = getservbyname_r;
      |                                                  ^~~~~~~~~~~~~~~
      |                                                  getservbyname
/usr/local/lib/android/sdk/ndk/29.0.14206865/toolchains/llvm/prebuilt/linux-x86_64/bin/../sysroot/usr/include/netdb.h:264:27: note: 'getservbyname' declared here
  264 | struct servent* _Nullable getservbyname(const char* _Nonnull __name, const char* _Nullable __proto);
      |                           ^
/tmp/tmp.UgJ7zjghg8/glib/_build-arm64-v8a/meson-private/tmpeembz0wx/testfile.c:3:24: error: incompatible function pointer types initializing 'int (*)(const char *, const char *, struct servent *, char *, size_t, struct servent **)' (aka 'int (*)(const char *, const char *, struct servent *, char *, unsigned long, struct servent **)') with an expression of type 'struct servent * _Nullable (const char * _Nonnull, const char * _Nullable)' [-Wincompatible-function-pointer-types]
    3 |                  int (*fcn)(const char *,
      |                        ^
    4 |                             const char *,
    5 |                             struct servent *,
    6 |                             char *,
    7 |                             size_t,
    8 |                             struct servent **) = getservbyname_r;
      |                                                  ~~~~~~~~~~~~~~~
2 errors generated.
-----------
Checking if "getservbyname_r()" compiles: NO 
Running compile:
Working directory:  /tmp/tmp.UgJ7zjghg8/glib/_build-arm64-v8a/meson-private/tmptpnp16oa
Code:
#include <malloc.h>
#include <limits.h>

        #if defined __stub__aligned_malloc || defined __stub____aligned_malloc
        fail fail fail this function is not going to work
        #endif
        
int main(void) {
            void *a = (void*) &_aligned_malloc;
            long long b = (long long) a;
            return (int) b;
        }
-----------
Command line: `/usr/local/lib/android/sdk/ndk/29.0.14206865/toolchains/llvm/prebuilt/linux-x86_64/bin/aarch64-linux-android26-clang /tmp/tmp.UgJ7zjghg8/glib/_build-arm64-v8a/meson-private/tmptpnp16oa/testfile.c -o /tmp/tmp.UgJ7zjghg8/glib/_build-arm64-v8a/meson-private/tmptpnp16oa/output.exe -D_FILE_OFFSET_BITS=64 -O0 -U_FORTIFY_SOURCE -Werror=implicit-function-declaration -std=gnu11` -> 1
stderr:
/tmp/tmp.UgJ7zjghg8/glib/_build-arm64-v8a/meson-private/tmptpnp16oa/testfile.c:9:32: error: use of undeclared identifier '_aligned_malloc'
    9 |             void *a = (void*) &_aligned_malloc;
      |                                ^
1 error generated.
-----------
Running compile:
Working directory:  /tmp/tmp.UgJ7zjghg8/glib/_build-arm64-v8a/meson-private/tmpfomquh_s
Code:
#include <malloc.h>
        int main(void) {

        /* With some toolchains (MSYS2/mingw for example) the compiler
         * provides various builtins which are not really implemented and
         * fall back to the stdlib where they aren't provided and fail at
         * build/link time. In case the user provides a header, including
         * the header didn't lead to the function being defined, and the
         * function we are checking isn't a builtin itself we assume the
         * builtin is not functional and we just error out. */
        #if !0 && !defined(_aligned_malloc) && !0
            #error "No definition for __builtin__aligned_malloc found in the prefix"
        #endif

        #ifdef __has_builtin
            #if !__has_builtin(__builtin__aligned_malloc)
                #error "__builtin__aligned_malloc not found"
            #endif
        #elif ! defined(_aligned_malloc)
            __builtin__aligned_malloc;
        #endif
        return 0;
        }
-----------
Command line: `/usr/local/lib/android/sdk/ndk/29.0.14206865/toolchains/llvm/prebuilt/linux-x86_64/bin/aarch64-linux-android26-clang /tmp/tmp.UgJ7zjghg8/glib/_build-arm64-v8a/meson-private/tmpfomquh_s/testfile.c -o /tmp/tmp.UgJ7zjghg8/glib/_build-arm64-v8a/meson-private/tmpfomquh_s/output.exe -D_FILE_OFFSET_BITS=64 -O0 -U_FORTIFY_SOURCE -Werror=implicit-function-declaration -std=gnu11` -> 1
stderr:
/tmp/tmp.UgJ7zjghg8/glib/_build-arm64-v8a/meson-private/tmpfomquh_s/testfile.c:12:14: error: "No definition for __builtin__aligned_malloc found in the prefix"
   12 |             #error "No definition for __builtin__aligned_malloc found in the prefix"
      |              ^
/tmp/tmp.UgJ7zjghg8/glib/_build-arm64-v8a/meson-private/tmpfomquh_s/testfile.c:17:18: error: "__builtin__aligned_malloc not found"
   17 |                 #error "__builtin__aligned_malloc not found"
      |                  ^
2 errors generated.
-----------
Checking for function "_aligned_malloc" : NO 
Running compile:
Working directory:  /tmp/tmp.UgJ7zjghg8/glib/_build-arm64-v8a/meson-private/tmpc1f2ya0h
Code:
#include <stdlib.h>
#include <limits.h>

        #if defined __stub_aligned_alloc || defined __stub___aligned_alloc
        fail fail fail this function is not going to work
        #endif
        
int main(void) {
            void *a = (void*) &aligned_alloc;
            long long b = (long long) a;
            return (int) b;
        }
-----------
Command line: `/usr/local/lib/android/sdk/ndk/29.0.14206865/toolchains/llvm/prebuilt/linux-x86_64/bin/aarch64-linux-android26-clang /tmp/tmp.UgJ7zjghg8/glib/_build-arm64-v8a/meson-private/tmpc1f2ya0h/testfile.c -o /tmp/tmp.UgJ7zjghg8/glib/_build-arm64-v8a/meson-private/tmpc1f2ya0h/output.exe -D_FILE_OFFSET_BITS=64 -O0 -U_FORTIFY_SOURCE -Werror=implicit-function-declaration -std=gnu11` -> 1
stderr:
/tmp/tmp.UgJ7zjghg8/glib/_build-arm64-v8a/meson-private/tmpc1f2ya0h/testfile.c:9:32: error: call to undeclared library function 'aligned_alloc' with type 'void *(unsigned long, unsigned long)'; ISO C99 and later do not support implicit function declarations [-Wimplicit-function-declaration]
    9 |             void *a = (void*) &aligned_alloc;
      |                                ^
/tmp/tmp.UgJ7zjghg8/glib/_build-arm64-v8a/meson-private/tmpc1f2ya0h/testfile.c:9:32: note: include the header <stdlib.h> or explicitly provide a declaration for 'aligned_alloc'
1 error generated.
-----------
Running compile:
Working directory:  /tmp/tmp.UgJ7zjghg8/glib/_build-arm64-v8a/meson-private/tmpe_flfzfr
Code:
#include <stdlib.h>
        int main(void) {

        /* With some toolchains (MSYS2/mingw for example) the compiler
         * provides various builtins which are not really implemented and
         * fall back to the stdlib where they aren't provided and fail at
         * build/link time. In case the user provides a header, including
         * the header didn't lead to the function being defined, and the
         * function we are checking isn't a builtin itself we assume the
         * builtin is not functional and we just error out. */
        #if !0 && !defined(aligned_alloc) && !0
            #error "No definition for __builtin_aligned_alloc found in the prefix"
        #endif

        #ifdef __has_builtin
            #if !__has_builtin(__builtin_aligned_alloc)
                #error "__builtin_aligned_alloc not found"
            #endif
        #elif ! defined(aligned_alloc)
            __builtin_aligned_alloc;
        #endif
        return 0;
        }
-----------
Command line: `/usr/local/lib/android/sdk/ndk/29.0.14206865/toolchains/llvm/prebuilt/linux-x86_64/bin/aarch64-linux-android26-clang /tmp/tmp.UgJ7zjghg8/glib/_build-arm64-v8a/meson-private/tmpe_flfzfr/testfile.c -o /tmp/tmp.UgJ7zjghg8/glib/_build-arm64-v8a/meson-private/tmpe_flfzfr/output.exe -D_FILE_OFFSET_BITS=64 -O0 -U_FORTIFY_SOURCE -Werror=implicit-function-declaration -std=gnu11` -> 1
stderr:
/tmp/tmp.UgJ7zjghg8/glib/_build-arm64-v8a/meson-private/tmpe_flfzfr/testfile.c:12:14: error: "No definition for __builtin_aligned_alloc found in the prefix"
   12 |             #error "No definition for __builtin_aligned_alloc found in the prefix"
      |              ^
/tmp/tmp.UgJ7zjghg8/glib/_build-arm64-v8a/meson-private/tmpe_flfzfr/testfile.c:17:18: error: "__builtin_aligned_alloc not found"
   17 |                 #error "__builtin_aligned_alloc not found"
      |                  ^
2 errors generated.
-----------
Checking for function "aligned_alloc" : NO 
Running compile:
Working directory:  /tmp/tmp.UgJ7zjghg8/glib/_build-arm64-v8a/meson-private/tmpg8zvc757
Code:
#include <stdlib.h>
#include <limits.h>

        #if defined __stub_posix_memalign || defined __stub___posix_memalign
        fail fail fail this function is not going to work
        #endif
        
int main(void) {
            void *a = (void*) &posix_memalign;
            long long b = (long long) a;
            return (int) b;
        }
-----------
Command line: `/usr/local/lib/android/sdk/ndk/29.0.14206865/toolchains/llvm/prebuilt/linux-x86_64/bin/aarch64-linux-android26-clang /tmp/tmp.UgJ7zjghg8/glib/_build-arm64-v8a/meson-private/tmpg8zvc757/testfile.c -o /tmp/tmp.UgJ7zjghg8/glib/_build-arm64-v8a/meson-private/tmpg8zvc757/output.exe -D_FILE_OFFSET_BITS=64 -O0 -U_FORTIFY_SOURCE -Werror=implicit-function-declaration -std=gnu11` -> 0
Checking for function "posix_memalign" : YES 
Running compile:
Working directory:  /tmp/tmp.UgJ7zjghg8/glib/_build-arm64-v8a/meson-private/tmp6ch1as1m
Code:
#include <spawn.h>
#include <limits.h>

        #if defined __stub_posix_spawn || defined __stub___posix_spawn
        fail fail fail this function is not going to work
        #endif
        
int main(void) {
            void *a = (void*) &posix_spawn;
            long long b = (long long) a;
            return (int) b;
        }
-----------
Command line: `/usr/local/lib/android/sdk/ndk/29.0.14206865/toolchains/llvm/prebuilt/linux-x86_64/bin/aarch64-linux-android26-clang /tmp/tmp.UgJ7zjghg8/glib/_build-arm64-v8a/meson-private/tmp6ch1as1m/testfile.c -o /tmp/tmp.UgJ7zjghg8/glib/_build-arm64-v8a/meson-private/tmp6ch1as1m/output.exe -D_FILE_OFFSET_BITS=64 -O0 -U_FORTIFY_SOURCE -Werror=implicit-function-declaration -std=gnu11` -> 1
stderr:
/tmp/tmp.UgJ7zjghg8/glib/_build-arm64-v8a/meson-private/tmp6ch1as1m/testfile.c:9:32: error: use of undeclared identifier 'posix_spawn'
    9 |             void *a = (void*) &posix_spawn;
      |                                ^
1 error generated.
-----------
Running compile:
Working directory:  /tmp/tmp.UgJ7zjghg8/glib/_build-arm64-v8a/meson-private/tmp0t1hh2_c
Code:
#include <spawn.h>
        int main(void) {

        /* With some toolchains (MSYS2/mingw for example) the compiler
         * provides various builtins which are not really implemented and
         * fall back to the stdlib where they aren't provided and fail at
         * build/link time. In case the user provides a header, including
         * the header didn't lead to the function being defined, and the
         * function we are checking isn't a builtin itself we assume the
         * builtin is not functional and we just error out. */
        #if !0 && !defined(posix_spawn) && !0
            #error "No definition for __builtin_posix_spawn found in the prefix"
        #endif

        #ifdef __has_builtin
            #if !__has_builtin(__builtin_posix_spawn)
                #error "__builtin_posix_spawn not found"
            #endif
        #elif ! defined(posix_spawn)
            __builtin_posix_spawn;
        #endif
        return 0;
        }
-----------
Command line: `/usr/local/lib/android/sdk/ndk/29.0.14206865/toolchains/llvm/prebuilt/linux-x86_64/bin/aarch64-linux-android26-clang /tmp/tmp.UgJ7zjghg8/glib/_build-arm64-v8a/meson-private/tmp0t1hh2_c/testfile.c -o /tmp/tmp.UgJ7zjghg8/glib/_build-arm64-v8a/meson-private/tmp0t1hh2_c/output.exe -D_FILE_OFFSET_BITS=64 -O0 -U_FORTIFY_SOURCE -Werror=implicit-function-declaration -std=gnu11` -> 1
stderr:
/tmp/tmp.UgJ7zjghg8/glib/_build-arm64-v8a/meson-private/tmp0t1hh2_c/testfile.c:12:14: error: "No definition for __builtin_posix_spawn found in the prefix"
   12 |             #error "No definition for __builtin_posix_spawn found in the prefix"
      |              ^
/tmp/tmp.UgJ7zjghg8/glib/_build-arm64-v8a/meson-private/tmp0t1hh2_c/testfile.c:17:18: error: "__builtin_posix_spawn not found"
   17 |                 #error "__builtin_posix_spawn not found"
      |                  ^
2 errors generated.
-----------
Checking for function "posix_spawn" : NO 
Running compile:
Working directory:  /tmp/tmp.UgJ7zjghg8/glib/_build-arm64-v8a/meson-private/tmpwfavs5j1
Code:
#define _GNU_SOURCE
                    #include <string.h>
                    int func (void) {
                      char error_string[256];
                      char *ptr = strerror_r (-2, error_string, 256);
                      char c = *strerror_r (-2, error_string, 256);
                      return c != 0 && ptr != (void*) 0L;
                    }
                 
-----------
Command line: `/usr/local/lib/android/sdk/ndk/29.0.14206865/toolchains/llvm/prebuilt/linux-x86_64/bin/aarch64-linux-android26-clang /tmp/tmp.UgJ7zjghg8/glib/_build-arm64-v8a/meson-private/tmpwfavs5j1/testfile.c -o /tmp/tmp.UgJ7zjghg8/glib/_build-arm64-v8a/meson-private/tmpwfavs5j1/output.obj -c -D_FILE_OFFSET_BITS=64 -O0 -U_FORTIFY_SOURCE -Werror=implicit-function-declaration -Werror=unknown-warning-option -Werror=unused-command-line-argument -Werror=ignored-optimization-argument -std=gnu11` -> 0
Checking if "strerror_r() returns char *" compiles: YES 
Running compile:
Working directory:  /tmp/tmp.UgJ7zjghg8/glib/_build-arm64-v8a/meson-private/tmpdpd9gfh1
Code:

        #define snprintf meson_disable_define_of_snprintf
        
        #include <limits.h>
        #undef snprintf
        
        #ifdef __cplusplus
        extern "C"
        #endif
        char snprintf (void);
        
        #if defined __stub_snprintf || defined __stub___snprintf
        fail fail fail this function is not going to work
        #endif
        
        int main(void) {
          return snprintf ();
        }
-----------
Command line: `/usr/local/lib/android/sdk/ndk/29.0.14206865/toolchains/llvm/prebuilt/linux-x86_64/bin/aarch64-linux-android26-clang /tmp/tmp.UgJ7zjghg8/glib/_build-arm64-v8a/meson-private/tmpdpd9gfh1/testfile.c -o /tmp/tmp.UgJ7zjghg8/glib/_build-arm64-v8a/meson-private/tmpdpd9gfh1/output.exe -D_FILE_OFFSET_BITS=64 -O0 -U_FORTIFY_SOURCE -Werror=implicit-function-declaration -std=gnu11` -> 0
stderr:
/tmp/tmp.UgJ7zjghg8/glib/_build-arm64-v8a/meson-private/tmpdpd9gfh1/testfile.c:10:14: warning: incompatible redeclaration of library function 'snprintf' [-Wincompatible-library-redeclaration]
   10 |         char snprintf (void);
      |              ^
/tmp/tmp.UgJ7zjghg8/glib/_build-arm64-v8a/meson-private/tmpdpd9gfh1/testfile.c:10:14: note: 'snprintf' is a builtin with type 'int (char *restrict, unsigned long, const char *restrict, ...)'
1 warning generated.
-----------
Checking for function "snprintf" : YES 
Running compile:
Working directory:  /tmp/tmp.UgJ7zjghg8/glib/_build-arm64-v8a/meson-private/tmpb106avu7
Code:
#include <strings.h>
#include <limits.h>

        #if defined __stub_strcasecmp || defined __stub___strcasecmp
        fail fail fail this function is not going to work
        #endif
        
int main(void) {
            void *a = (void*) &strcasecmp;
            long long b = (long long) a;
            return (int) b;
        }
-----------
Command line: `/usr/local/lib/android/sdk/ndk/29.0.14206865/toolchains/llvm/prebuilt/linux-x86_64/bin/aarch64-linux-android26-clang /tmp/tmp.UgJ7zjghg8/glib/_build-arm64-v8a/meson-private/tmpb106avu7/testfile.c -o /tmp/tmp.UgJ7zjghg8/glib/_build-arm64-v8a/meson-private/tmpb106avu7/output.exe -D_FILE_OFFSET_BITS=64 -O0 -U_FORTIFY_SOURCE -Werror=implicit-function-declaration -std=gnu11` -> 0
Checking for function "strcasecmp" : YES 
Running compile:
Working directory:  /tmp/tmp.UgJ7zjghg8/glib/_build-arm64-v8a/meson-private/tmpuehcnlg3
Code:
#include <strings.h>
#include <limits.h>

        #if defined __stub_strncasecmp || defined __stub___strncasecmp
        fail fail fail this function is not going to work
        #endif
        
int main(void) {
            void *a = (void*) &strncasecmp;
            long long b = (long long) a;
            return (int) b;
        }
-----------
Command line: `/usr/local/lib/android/sdk/ndk/29.0.14206865/toolchains/llvm/prebuilt/linux-x86_64/bin/aarch64-linux-android26-clang /tmp/tmp.UgJ7zjghg8/glib/_build-arm64-v8a/meson-private/tmpuehcnlg3/testfile.c -o /tmp/tmp.UgJ7zjghg8/glib/_build-arm64-v8a/meson-private/tmpuehcnlg3/output.exe -D_FILE_OFFSET_BITS=64 -O0 -U_FORTIFY_SOURCE -Werror=implicit-function-declaration -std=gnu11` -> 0
Checking for function "strncasecmp" : YES 
Running compile:
Working directory:  /tmp/tmp.UgJ7zjghg8/glib/_build-arm64-v8a/meson-private/tmp7ie5tnk7
Code:

        #include <sys/sysmacros.h>
        int main(void) {
            /* If it's not defined as a macro, try to use as a symbol */
            #ifndef major
                major;
            #endif
            return 0;
        }
-----------
Command line: `/usr/local/lib/android/sdk/ndk/29.0.14206865/toolchains/llvm/prebuilt/linux-x86_64/bin/aarch64-linux-android26-clang /tmp/tmp.UgJ7zjghg8/glib/_build-arm64-v8a/meson-private/tmp7ie5tnk7/testfile.c -o /tmp/tmp.UgJ7zjghg8/glib/_build-arm64-v8a/meson-private/tmp7ie5tnk7/output.obj -c -D_FILE_OFFSET_BITS=64 -O0 -U_FORTIFY_SOURCE -Werror=implicit-function-declaration -Werror=unknown-warning-option -Werror=unused-command-line-argument -Werror=ignored-optimization-argument -std=gnu11` -> 0
Header "sys/sysmacros.h" has symbol "major" : YES 
Running compile:
Working directory:  /tmp/tmp.UgJ7zjghg8/glib/_build-arm64-v8a/meson-private/tmpsuuqfrao
Code:

        #include <dlfcn.h>
        int main(void) {
            /* If it's not defined as a macro, try to use as a symbol */
            #ifndef RTLD_LAZY
                RTLD_LAZY;
            #endif
            return 0;
        }
-----------
Command line: `/usr/local/lib/android/sdk/ndk/29.0.14206865/toolchains/llvm/prebuilt/linux-x86_64/bin/aarch64-linux-android26-clang /tmp/tmp.UgJ7zjghg8/glib/_build-arm64-v8a/meson-private/tmpsuuqfrao/testfile.c -o /tmp/tmp.UgJ7zjghg8/glib/_build-arm64-v8a/meson-private/tmpsuuqfrao/output.obj -c -D_FILE_OFFSET_BITS=64 -O0 -U_FORTIFY_SOURCE -Werror=implicit-function-declaration -Werror=unknown-warning-option -Werror=unused-command-line-argument -Werror=ignored-optimization-argument -std=gnu11` -> 0
Header "dlfcn.h" has symbol "RTLD_LAZY" : YES 
Running compile:
Working directory:  /tmp/tmp.UgJ7zjghg8/glib/_build-arm64-v8a/meson-private/tmppwehr843
Code:

        #include <dlfcn.h>
        int main(void) {
            /* If it's not defined as a macro, try to use as a symbol */
            #ifndef RTLD_NOW
                RTLD_NOW;
            #endif
            return 0;
        }
-----------
Command line: `/usr/local/lib/android/sdk/ndk/29.0.14206865/toolchains/llvm/prebuilt/linux-x86_64/bin/aarch64-linux-android26-clang /tmp/tmp.UgJ7zjghg8/glib/_build-arm64-v8a/meson-private/tmppwehr843/testfile.c -o /tmp/tmp.UgJ7zjghg8/glib/_build-arm64-v8a/meson-private/tmppwehr843/output.obj -c -D_FILE_OFFSET_BITS=64 -O0 -U_FORTIFY_SOURCE -Werror=implicit-function-declaration -Werror=unknown-warning-option -Werror=unused-command-line-argument -Werror=ignored-optimization-argument -std=gnu11` -> 0
Header "dlfcn.h" has symbol "RTLD_NOW" : YES 
Running compile:
Working directory:  /tmp/tmp.UgJ7zjghg8/glib/_build-arm64-v8a/meson-private/tmpps_ixawr
Code:

        #include <dlfcn.h>
        int main(void) {
            /* If it's not defined as a macro, try to use as a symbol */
            #ifndef RTLD_GLOBAL
                RTLD_GLOBAL;
            #endif
            return 0;
        }
-----------
Command line: `/usr/local/lib/android/sdk/ndk/29.0.14206865/toolchains/llvm/prebuilt/linux-x86_64/bin/aarch64-linux-android26-clang /tmp/tmp.UgJ7zjghg8/glib/_build-arm64-v8a/meson-private/tmpps_ixawr/testfile.c -o /tmp/tmp.UgJ7zjghg8/glib/_build-arm64-v8a/meson-private/tmpps_ixawr/output.obj -c -D_FILE_OFFSET_BITS=64 -O0 -U_FORTIFY_SOURCE -Werror=implicit-function-declaration -Werror=unknown-warning-option -Werror=unused-command-line-argument -Werror=ignored-optimization-argument -std=gnu11` -> 0
Header "dlfcn.h" has symbol "RTLD_GLOBAL" : YES 
Running compile:
Working directory:  /tmp/tmp.UgJ7zjghg8/glib/_build-arm64-v8a/meson-private/tmp_undsdb5
Code:

        #include <dlfcn.h>
        int main(void) {
            /* If it's not defined as a macro, try to use as a symbol */
            #ifndef RTLD_NEXT
                RTLD_NEXT;
            #endif
            return 0;
        }
-----------
Command line: `/usr/local/lib/android/sdk/ndk/29.0.14206865/toolchains/llvm/prebuilt/linux-x86_64/bin/aarch64-linux-android26-clang /tmp/tmp.UgJ7zjghg8/glib/_build-arm64-v8a/meson-private/tmp_undsdb5/testfile.c -o /tmp/tmp.UgJ7zjghg8/glib/_build-arm64-v8a/meson-private/tmp_undsdb5/output.obj -c -D_FILE_OFFSET_BITS=64 -O0 -U_FORTIFY_SOURCE -Werror=implicit-function-declaration -Werror=unknown-warning-option -Werror=unused-command-line-argument -Werror=ignored-optimization-argument -std=gnu11 -D_GNU_SOURCE` -> 0
Header "dlfcn.h" has symbol "RTLD_NEXT" : YES 
Running compile:
Working directory:  /tmp/tmp.UgJ7zjghg8/glib/_build-arm64-v8a/meson-private/tmp7c5zjl38
Code:
#include <sys/types.h>
        void bar(void) {
            (void) sizeof(loff_t);
        }
-----------
Command line: `/usr/local/lib/android/sdk/ndk/29.0.14206865/toolchains/llvm/prebuilt/linux-x86_64/bin/aarch64-linux-android26-clang /tmp/tmp.UgJ7zjghg8/glib/_build-arm64-v8a/meson-private/tmp7c5zjl38/testfile.c -o /tmp/tmp.UgJ7zjghg8/glib/_build-arm64-v8a/meson-private/tmp7c5zjl38/output.obj -c -D_FILE_OFFSET_BITS=64 -O0 -U_FORTIFY_SOURCE -Werror=implicit-function-declaration -Werror=unknown-warning-option -Werror=unused-command-line-argument -Werror=ignored-optimization-argument -std=gnu11` -> 0
Checking for type "loff_t" : YES 
Running compile:
Working directory:  /tmp/tmp.UgJ7zjghg8/glib/_build-arm64-v8a/meson-private/tmpnhd8fdzi
Code:
#include <sched.h>
#include <limits.h>

        #if defined __stub_unshare || defined __stub___unshare
        fail fail fail this function is not going to work
        #endif
        
int main(void) {
            void *a = (void*) &unshare;
            long long b = (long long) a;
            return (int) b;
        }
-----------
Command line: `/usr/local/lib/android/sdk/ndk/29.0.14206865/toolchains/llvm/prebuilt/linux-x86_64/bin/aarch64-linux-android26-clang /tmp/tmp.UgJ7zjghg8/glib/_build-arm64-v8a/meson-private/tmpnhd8fdzi/testfile.c -o /tmp/tmp.UgJ7zjghg8/glib/_build-arm64-v8a/meson-private/tmpnhd8fdzi/output.exe -D_FILE_OFFSET_BITS=64 -O0 -U_FORTIFY_SOURCE -Werror=implicit-function-declaration -std=gnu11 -D_GNU_SOURCE` -> 0
Checking for function "unshare" : YES 
Message: Checking whether to use statfs or statvfs .. statfs
Running compile:
Working directory:  /tmp/tmp.UgJ7zjghg8/glib/_build-arm64-v8a/meson-private/tmpkt8dhv53
Code:
#include <linux/futex.h>
               #include <sys/syscall.h>
               #include <unistd.h>
               int main (int argc, char ** argv) {
                 syscall (__NR_futex, NULL, FUTEX_WAKE, FUTEX_WAIT);
                 return 0;
               }
-----------
Command line: `/usr/local/lib/android/sdk/ndk/29.0.14206865/toolchains/llvm/prebuilt/linux-x86_64/bin/aarch64-linux-android26-clang /tmp/tmp.UgJ7zjghg8/glib/_build-arm64-v8a/meson-private/tmpkt8dhv53/testfile.c -o /tmp/tmp.UgJ7zjghg8/glib/_build-arm64-v8a/meson-private/tmpkt8dhv53/output.obj -c -D_FILE_OFFSET_BITS=64 -O0 -U_FORTIFY_SOURCE -Werror=implicit-function-declaration -Werror=unknown-warning-option -Werror=unused-command-line-argument -Werror=ignored-optimization-argument -std=gnu11` -> 0
Checking if "futex(2) system call" compiles: YES 
Running compile:
Working directory:  /tmp/tmp.UgJ7zjghg8/glib/_build-arm64-v8a/meson-private/tmp4x247jk0
Code:
#include <linux/futex.h>
               #include <sys/syscall.h>
               #include <unistd.h>
               int main (int argc, char ** argv) {
                 syscall (__NR_futex_time64, NULL, FUTEX_WAKE, FUTEX_WAIT);
                 return 0;
               }
-----------
Command line: `/usr/local/lib/android/sdk/ndk/29.0.14206865/toolchains/llvm/prebuilt/linux-x86_64/bin/aarch64-linux-android26-clang /tmp/tmp.UgJ7zjghg8/glib/_build-arm64-v8a/meson-private/tmp4x247jk0/testfile.c -o /tmp/tmp.UgJ7zjghg8/glib/_build-arm64-v8a/meson-private/tmp4x247jk0/output.obj -c -D_FILE_OFFSET_BITS=64 -O0 -U_FORTIFY_SOURCE -Werror=implicit-function-declaration -Werror=unknown-warning-option -Werror=unused-command-line-argument -Werror=ignored-optimization-argument -std=gnu11` -> 1
stderr:
/tmp/tmp.UgJ7zjghg8/glib/_build-arm64-v8a/meson-private/tmp4x247jk0/testfile.c:5:27: error: use of undeclared identifier '__NR_futex_time64'
    5 |                  syscall (__NR_futex_time64, NULL, FUTEX_WAKE, FUTEX_WAIT);
      |                           ^
1 error generated.
-----------
Checking if "futex_time64(2) system call" compiles: NO 
Running compile:
Working directory:  /tmp/tmp.UgJ7zjghg8/glib/_build-arm64-v8a/meson-private/tmp_qk_n7hy
Code:
#include <sys/eventfd.h>
               #include <unistd.h>
               int main (int argc, char ** argv) {
                 eventfd (0, EFD_CLOEXEC);
                 return 0;
               }
-----------
Command line: `/usr/local/lib/android/sdk/ndk/29.0.14206865/toolchains/llvm/prebuilt/linux-x86_64/bin/aarch64-linux-android26-clang /tmp/tmp.UgJ7zjghg8/glib/_build-arm64-v8a/meson-private/tmp_qk_n7hy/testfile.c -o /tmp/tmp.UgJ7zjghg8/glib/_build-arm64-v8a/meson-private/tmp_qk_n7hy/output.exe -D_FILE_OFFSET_BITS=64 -O0 -U_FORTIFY_SOURCE -Werror=implicit-function-declaration -std=gnu11` -> 0
Checking if "eventfd(2) system call" links: YES 
Running compile:
Working directory:  /tmp/tmp.UgJ7zjghg8/glib/_build-arm64-v8a/meson-private/tmpqckqrtb8
Code:
#define _GNU_SOURCE
               #include <poll.h>
               #include <stddef.h>
               int main (int argc, char ** argv) {
                 struct pollfd fds[1] = {{0}};
                 struct timespec ts = {0};
                 ppoll (fds, 1, NULL, NULL);
                 return 0;
               }
-----------
Command line: `/usr/local/lib/android/sdk/ndk/29.0.14206865/toolchains/llvm/prebuilt/linux-x86_64/bin/aarch64-linux-android26-clang /tmp/tmp.UgJ7zjghg8/glib/_build-arm64-v8a/meson-private/tmpqckqrtb8/testfile.c -o /tmp/tmp.UgJ7zjghg8/glib/_build-arm64-v8a/meson-private/tmpqckqrtb8/output.exe -D_FILE_OFFSET_BITS=64 -O0 -U_FORTIFY_SOURCE -Werror=implicit-function-declaration -std=gnu11` -> 0
Checking if "ppoll(2) system call" links: YES 
Running compile:
Working directory:  /tmp/tmp.UgJ7zjghg8/glib/_build-arm64-v8a/meson-private/tmp8vj8uogh
Code:
#include <sys/syscall.h>
               #include <sys/wait.h>
               #include <linux/wait.h>
               #include <unistd.h>
               int main (int argc, char ** argv) {
                 siginfo_t child_info = { 0, };
                 syscall (SYS_pidfd_open, 0, 0);
                 waitid (P_PIDFD, 0, &child_info, WEXITED | WNOHANG);
                 return 0;
               }
-----------
Command line: `/usr/local/lib/android/sdk/ndk/29.0.14206865/toolchains/llvm/prebuilt/linux-x86_64/bin/aarch64-linux-android26-clang /tmp/tmp.UgJ7zjghg8/glib/_build-arm64-v8a/meson-private/tmp8vj8uogh/testfile.c -o /tmp/tmp.UgJ7zjghg8/glib/_build-arm64-v8a/meson-private/tmp8vj8uogh/output.exe -D_FILE_OFFSET_BITS=64 -O0 -U_FORTIFY_SOURCE -Werror=implicit-function-declaration -std=gnu11` -> 0
Checking if "pidfd_open(2) system call" links: YES 
Running compile:
Working directory:  /tmp/tmp.UgJ7zjghg8/glib/_build-arm64-v8a/meson-private/tmpsivqe2xp
Code:
int main() {
static __uint128_t v1 = 100;
static __uint128_t v2 = 10;
static __uint128_t u;
u = v1 / v2;
(void) u;
}
-----------
Command line: `/usr/local/lib/android/sdk/ndk/29.0.14206865/toolchains/llvm/prebuilt/linux-x86_64/bin/aarch64-linux-android26-clang /tmp/tmp.UgJ7zjghg8/glib/_build-arm64-v8a/meson-private/tmpsivqe2xp/testfile.c -o /tmp/tmp.UgJ7zjghg8/glib/_build-arm64-v8a/meson-private/tmpsivqe2xp/output.obj -c -D_FILE_OFFSET_BITS=64 -O0 -U_FORTIFY_SOURCE -Werror=implicit-function-declaration -Werror=unknown-warning-option -Werror=unused-command-line-argument -Werror=ignored-optimization-argument -std=gnu11` -> 0
Checking if "__uint128_t available" compiles: YES 
Running compile:
Working directory:  /tmp/tmp.UgJ7zjghg8/glib/_build-arm64-v8a/meson-private/tmprv4_qkou
Code:

  #include <time.h>
  struct timespec t;
  int main (int argc, char ** argv) {
    return clock_gettime(CLOCK_REALTIME, &t);
  }
-----------
Command line: `/usr/local/lib/android/sdk/ndk/29.0.14206865/toolchains/llvm/prebuilt/linux-x86_64/bin/aarch64-linux-android26-clang /tmp/tmp.UgJ7zjghg8/glib/_build-arm64-v8a/meson-private/tmprv4_qkou/testfile.c -o /tmp/tmp.UgJ7zjghg8/glib/_build-arm64-v8a/meson-private/tmprv4_qkou/output.exe -D_FILE_OFFSET_BITS=64 -O0 -U_FORTIFY_SOURCE -Werror=implicit-function-declaration -std=gnu11` -> 0
Checking if "clock_gettime" links: YES 
Running compile:
Working directory:  /tmp/tmp.UgJ7zjghg8/glib/_build-arm64-v8a/meson-private/tmpw5qhnx__
Code:
#include <time.h>
#include <limits.h>

        #if defined __stub_clock_nanosleep || defined __stub___clock_nanosleep
        fail fail fail this function is not going to work
        #endif
        
int main(void) {
            void *a = (void*) &clock_nanosleep;
            long long b = (long long) a;
            return (int) b;
        }
-----------
Command line: `/usr/local/lib/android/sdk/ndk/29.0.14206865/toolchains/llvm/prebuilt/linux-x86_64/bin/aarch64-linux-android26-clang /tmp/tmp.UgJ7zjghg8/glib/_build-arm64-v8a/meson-private/tmpw5qhnx__/testfile.c -o /tmp/tmp.UgJ7zjghg8/glib/_build-arm64-v8a/meson-private/tmpw5qhnx__/output.exe -D_FILE_OFFSET_BITS=64 -O0 -U_FORTIFY_SOURCE -Werror=implicit-function-declaration -std=gnu11` -> 0
Checking for function "clock_nanosleep" : YES 
Running compile:
Working directory:  /tmp/tmp.UgJ7zjghg8/glib/_build-arm64-v8a/meson-private/tmpcjlwvj7l
Code:

#include <dlfcn.h>
#include <stdio.h>
int r;
int glib_underscore_test (void) { return 42; }
int main (int argc, char ** argv) {
  void *f1 = (void*)0, *f2 = (void*)0, *handle;
  handle = dlopen ((void*)0, 0);
  if (handle) {
    f1 = dlsym (handle, "glib_underscore_test");
    f2 = dlsym (handle, "_glib_underscore_test");
  }
  r = (!f2 || f1) ? puts ("1") : puts ("0");
  return r > 0 ? 0 : r;
}
-----------
Command line: `/usr/local/lib/android/sdk/ndk/29.0.14206865/toolchains/llvm/prebuilt/linux-x86_64/bin/aarch64-linux-android26-clang /tmp/tmp.UgJ7zjghg8/glib/_build-arm64-v8a/meson-private/tmpcjlwvj7l/testfile.c -o /tmp/tmp.UgJ7zjghg8/glib/_build-arm64-v8a/meson-private/tmpcjlwvj7l/output.exe -D_FILE_OFFSET_BITS=64 -O0 -U_FORTIFY_SOURCE -Werror=implicit-function-declaration -std=gnu11` -> 0
Checking if "dlopen() and dlsym() in system libraries" links: YES 
Running compile:
Working directory:  /tmp/tmp.UgJ7zjghg8/glib/_build-arm64-v8a/meson-private/tmp0y9k1me1
Code:
#define HAVE_ALLOCA_H 1
#define HAVE_DIRENT_H 1
#define HAVE_FLOAT_H 1
#define HAVE_FTW_H 1
#define HAVE_GRP_H 1
#define HAVE_INTTYPES_H 1
#define HAVE_LIMITS_H 1
#define HAVE_LINUX_NETLINK_H 1
#define HAVE_LOCALE_H 1
#define HAVE_MEMORY_H 1
#define HAVE_MNTENT_H 1
#define HAVE_POLL_H 1
#define HAVE_PWD_H 1
#define HAVE_SCHED_H 1
#define HAVE_SPAWN_H 1
#define HAVE_STDATOMIC_H 1
#define HAVE_STDCKDINT_H 1
#define HAVE_STDINT_H 1
#define HAVE_STDLIB_H 1
#define HAVE_STRING_H 1
#define HAVE_STRINGS_H 1
#define HAVE_SYS_AUXV_H 1
#define HAVE_SYS_UIO_H 1
#define HAVE_SYS_INOTIFY_H 1
#define HAVE_SYS_MOUNT_H 1
#define HAVE_SYS_PARAM_H 1
#define HAVE_SYS_PRCTL_H 1
#define HAVE_SYS_RESOURCE_H 1
#define HAVE_SYS_SELECT_H 1
#define HAVE_SYS_STATFS_H 1
#define HAVE_SYS_STAT_H 1
#define HAVE_SYS_STATVFS_H 1
#define HAVE_SYS_TIME_H 1
#define HAVE_SYS_TIMES_H 1
#define HAVE_SYS_TYPES_H 1
#define HAVE_SYS_UIO_H 1
#define HAVE_SYS_VFS_H 1
#define HAVE_SYS_WAIT_H 1
#define HAVE_SYSLOG_H 1
#define HAVE_TERMIOS_H 1
#define HAVE_UNISTD_H 1
#define HAVE_WCHAR_H 1
#define HAVE_XLOCALE_H 1
#define HAVE_MALLOC_H 1
#define HAVE_STRUCT_STAT_ST_MTIMENSEC 1
#define HAVE_STRUCT_STAT_ST_MTIM_TV_NSEC 1
#define HAVE_STRUCT_STAT_ST_ATIMENSEC 1
#define HAVE_STRUCT_STAT_ST_ATIM_TV_NSEC 1
#define HAVE_STRUCT_STAT_ST_CTIMENSEC 1
#define HAVE_STRUCT_STAT_ST_CTIM_TV_NSEC 1
#define HAVE_STRUCT_STAT_ST_BLKSIZE 1
#define HAVE_STRUCT_STAT_ST_BLOCKS 1
#define HAVE_STRUCT_STATFS_F_BAVAIL 1
#define HAVE_STRUCT_DIRENT_D_TYPE 1
#define HAVE_STRUCT_TM_TM_GMTOFF 1
#define HAVE_ACCEPT4 1
#define HAVE_ENDMNTENT 1
#define HAVE_ENDSERVENT 1
#define HAVE_EPOLL_CREATE1 1
#define HAVE_FACCESSAT 1
#define HAVE_FALLOCATE 1
#define HAVE_FCHMOD 1
#define HAVE_FCHOWN 1
#define HAVE_FSYNC 1
#define HAVE_FTRUNCATE64 1
#define HAVE_GETAUXVAL 1
#define HAVE_GETC_UNLOCKED 1
#define HAVE_GETGRGID_R 1
#define HAVE_GETIFADDRS 1
#define HAVE_GETMNTENT_R 1
#define HAVE_GETPWNAM_R 1
#define HAVE_GETPWUID_R 1
#define HAVE_GETRESUID 1
#define HAVE_GMTIME_R 1
#define HAVE_HASMNTOPT 1
#define HAVE_INOTIFY_INIT1 1
#define HAVE_LCHOWN 1
#define HAVE_LINK 1
#define HAVE_LOCALTIME_R 1
#define HAVE_LSTAT 1
#define HAVE_MBRTOWC 1
#define HAVE_MEMALIGN 1
#define HAVE_MEMMEM 1
#define HAVE_MMAP 1
#define HAVE_NEWLOCALE 1
#define HAVE_PIPE2 1
#define HAVE_POLL 1
#define HAVE_PRLIMIT 1
#define HAVE_READLINK 1
#define HAVE_RECVMMSG 1
#define HAVE_SENDMMSG 1
#define HAVE_SETENV 1
#define HAVE_SETMNTENT 1
#define HAVE_STRERROR_R 1
#define HAVE_STRNLEN 1
#define HAVE_STRSIGNAL 1
#define HAVE_STRTOD_L 1
#define HAVE_STRTOLL_L 1
#define HAVE_STRTOULL_L 1
#define HAVE_SYMLINK 1
#define HAVE_TIMEGM 1
#define HAVE_UNSETENV 1
#define HAVE_USELOCALE 1
#define HAVE_UTIMES 1
#define HAVE_UTIMENSAT 1
#define HAVE_VASPRINTF 1
#define HAVE_VSNPRINTF 1
#define HAVE_WCRTOMB 1
#define HAVE_WCSLEN 1
#define HAVE_WCSNLEN 1
#define HAVE_STATVFS 1
#define HAVE_STATFS 1
#define HAVE_PRCTL 1
#define HAVE_IF_INDEXTONAME 1
#define HAVE_IF_NAMETOINDEX 1
#define HAVE_SPLICE 1
#define HAVE_SYSINFO 1
#define HAVE_SNPRINTF 1
#define HAVE_STRCASECMP 1
#define HAVE_STRNCASECMP 1

                 #include <unistd.h>
                        #ifdef HAVE_SYS_PARAM_H
                        #include <sys/param.h>
                        #endif
                        #ifdef HAVE_SYS_VFS_H
                        #include <sys/vfs.h>
                        #endif
                        #ifdef HAVE_SYS_MOUNT_H
                        #include <sys/mount.h>
                        #endif
                        #ifdef HAVE_SYS_STATFS_H
                        #include <sys/statfs.h>
                        #endif
                        void some_func (void) {
                          struct statfs st;
                          statfs("/", &st);
                        }
-----------
Command line: `/usr/local/lib/android/sdk/ndk/29.0.14206865/toolchains/llvm/prebuilt/linux-x86_64/bin/aarch64-linux-android26-clang /tmp/tmp.UgJ7zjghg8/glib/_build-arm64-v8a/meson-private/tmp0y9k1me1/testfile.c -o /tmp/tmp.UgJ7zjghg8/glib/_build-arm64-v8a/meson-private/tmp0y9k1me1/output.obj -c -D_FILE_OFFSET_BITS=64 -O0 -U_FORTIFY_SOURCE -Werror=implicit-function-declaration -Werror=unknown-warning-option -Werror=unused-command-line-argument -Werror=ignored-optimization-argument -std=gnu11` -> 0
Checking if "number of arguments to statfs() (n=2)" compiles: YES 
Running compile:
Working directory:  /tmp/tmp.UgJ7zjghg8/glib/_build-arm64-v8a/meson-private/tmp8kbl_vao
Code:
#include <fcntl.h>
                  #include <sys/types.h>
                  #include <sys/stat.h>
                  void some_func (void) {
                    open(".", O_DIRECTORY, 0);
                  }
-----------
Command line: `/usr/local/lib/android/sdk/ndk/29.0.14206865/toolchains/llvm/prebuilt/linux-x86_64/bin/aarch64-linux-android26-clang /tmp/tmp.UgJ7zjghg8/glib/_build-arm64-v8a/meson-private/tmp8kbl_vao/testfile.c -o /tmp/tmp.UgJ7zjghg8/glib/_build-arm64-v8a/meson-private/tmp8kbl_vao/output.obj -c -D_FILE_OFFSET_BITS=64 -O0 -U_FORTIFY_SOURCE -Werror=implicit-function-declaration -Werror=unknown-warning-option -Werror=unused-command-line-argument -Werror=ignored-optimization-argument -std=gnu11` -> 0
Checking if "open() option O_DIRECTORY" compiles: YES 
Running compile:
Working directory:  /tmp/tmp.UgJ7zjghg8/glib/_build-arm64-v8a/meson-private/tmpgsffvp40
Code:
#include <fcntl.h>
                  #include <sys/types.h>
                  #include <sys/stat.h>
                  void some_func (void) {
                    fcntl(0, F_FULLFSYNC, 0);
                  }
-----------
Command line: `/usr/local/lib/android/sdk/ndk/29.0.14206865/toolchains/llvm/prebuilt/linux-x86_64/bin/aarch64-linux-android26-clang /tmp/tmp.UgJ7zjghg8/glib/_build-arm64-v8a/meson-private/tmpgsffvp40/testfile.c -o /tmp/tmp.UgJ7zjghg8/glib/_build-arm64-v8a/meson-private/tmpgsffvp40/output.obj -c -D_FILE_OFFSET_BITS=64 -O0 -U_FORTIFY_SOURCE -Werror=implicit-function-declaration -Werror=unknown-warning-option -Werror=unused-command-line-argument -Werror=ignored-optimization-argument -std=gnu11` -> 1
stderr:
/tmp/tmp.UgJ7zjghg8/glib/_build-arm64-v8a/meson-private/tmpgsffvp40/testfile.c:5:30: error: use of undeclared identifier 'F_FULLFSYNC'
    5 |                     fcntl(0, F_FULLFSYNC, 0);
      |                              ^
1 error generated.
-----------
Checking if "fcntl() option F_FULLFSYNC" compiles: NO 
Running compile:
Working directory:  /tmp/tmp.UgJ7zjghg8/glib/_build-arm64-v8a/meson-private/tmpb9molf1k
Code:
#include <langinfo.h>
               int main (int argc, char ** argv) {
                 char *codeset = nl_langinfo (CODESET);
                 (void) codeset;
                 return 0;
               }
-----------
Command line: `/usr/local/lib/android/sdk/ndk/29.0.14206865/toolchains/llvm/prebuilt/linux-x86_64/bin/aarch64-linux-android26-clang /tmp/tmp.UgJ7zjghg8/glib/_build-arm64-v8a/meson-private/tmpb9molf1k/testfile.c -o /tmp/tmp.UgJ7zjghg8/glib/_build-arm64-v8a/meson-private/tmpb9molf1k/output.exe -D_FILE_OFFSET_BITS=64 -O0 -U_FORTIFY_SOURCE -Werror=implicit-function-declaration -std=gnu11` -> 0
Checking if "nl_langinfo and CODESET" links: YES 
Running compile:
Working directory:  /tmp/tmp.UgJ7zjghg8/glib/_build-arm64-v8a/meson-private/tmppm9hn2da
Code:
#include <langinfo.h>
               int main (int argc, char ** argv) {
                 char *str;
                 str = nl_langinfo (PM_STR);
                 str = nl_langinfo (D_T_FMT);
                 str = nl_langinfo (D_FMT);
                 str = nl_langinfo (T_FMT);
                 str = nl_langinfo (T_FMT_AMPM);
                 str = nl_langinfo (MON_1);
                 str = nl_langinfo (ABMON_12);
                 str = nl_langinfo (DAY_1);
                 str = nl_langinfo (ABDAY_7);
                 (void) str;
                 return 0;
               }
-----------
Command line: `/usr/local/lib/android/sdk/ndk/29.0.14206865/toolchains/llvm/prebuilt/linux-x86_64/bin/aarch64-linux-android26-clang /tmp/tmp.UgJ7zjghg8/glib/_build-arm64-v8a/meson-private/tmppm9hn2da/testfile.c -o /tmp/tmp.UgJ7zjghg8/glib/_build-arm64-v8a/meson-private/tmppm9hn2da/output.exe -D_FILE_OFFSET_BITS=64 -O0 -U_FORTIFY_SOURCE -Werror=implicit-function-declaration -std=gnu11` -> 0
Checking if "nl_langinfo (PM_STR)" links: YES 
Running compile:
Working directory:  /tmp/tmp.UgJ7zjghg8/glib/_build-arm64-v8a/meson-private/tmpifh75r03
Code:
#include <langinfo.h>
               int main (int argc, char **argv) {
                 char *str;
                 str = nl_langinfo (ERA);
                 str = nl_langinfo (ERA_D_T_FMT);
                 str = nl_langinfo (ERA_D_FMT);
                 str = nl_langinfo (ERA_T_FMT);
                 str = nl_langinfo (_NL_TIME_ERA_NUM_ENTRIES);
                 (void) str;
                 return 0;
               }
-----------
Command line: `/usr/local/lib/android/sdk/ndk/29.0.14206865/toolchains/llvm/prebuilt/linux-x86_64/bin/aarch64-linux-android26-clang /tmp/tmp.UgJ7zjghg8/glib/_build-arm64-v8a/meson-private/tmpifh75r03/testfile.c -o /tmp/tmp.UgJ7zjghg8/glib/_build-arm64-v8a/meson-private/tmpifh75r03/output.exe -D_FILE_OFFSET_BITS=64 -O0 -U_FORTIFY_SOURCE -Werror=implicit-function-declaration -std=gnu11` -> 1
stderr:
/tmp/tmp.UgJ7zjghg8/glib/_build-arm64-v8a/meson-private/tmpifh75r03/testfile.c:8:37: error: use of undeclared identifier '_NL_TIME_ERA_NUM_ENTRIES'
    8 |                  str = nl_langinfo (_NL_TIME_ERA_NUM_ENTRIES);
      |                                     ^
1 error generated.
-----------
Checking if "nl_langinfo (ERA)" links: NO 
Running compile:
Working directory:  /tmp/tmp.UgJ7zjghg8/glib/_build-arm64-v8a/meson-private/tmpn57v26nm
Code:
#include <langinfo.h>
               int main (int argc, char ** argv) {
                 char *str;
                 str = nl_langinfo (_NL_CTYPE_OUTDIGIT0_MB);
                 str = nl_langinfo (_NL_CTYPE_OUTDIGIT1_MB);
                 str = nl_langinfo (_NL_CTYPE_OUTDIGIT2_MB);
                 str = nl_langinfo (_NL_CTYPE_OUTDIGIT3_MB);
                 str = nl_langinfo (_NL_CTYPE_OUTDIGIT4_MB);
                 str = nl_langinfo (_NL_CTYPE_OUTDIGIT5_MB);
                 str = nl_langinfo (_NL_CTYPE_OUTDIGIT6_MB);
                 str = nl_langinfo (_NL_CTYPE_OUTDIGIT7_MB);
                 str = nl_langinfo (_NL_CTYPE_OUTDIGIT8_MB);
                 str = nl_langinfo (_NL_CTYPE_OUTDIGIT9_MB);
                 (void) str;
                 return 0;
               }
-----------
Command line: `/usr/local/lib/android/sdk/ndk/29.0.14206865/toolchains/llvm/prebuilt/linux-x86_64/bin/aarch64-linux-android26-clang /tmp/tmp.UgJ7zjghg8/glib/_build-arm64-v8a/meson-private/tmpn57v26nm/testfile.c -o /tmp/tmp.UgJ7zjghg8/glib/_build-arm64-v8a/meson-private/tmpn57v26nm/output.exe -D_FILE_OFFSET_BITS=64 -O0 -U_FORTIFY_SOURCE -Werror=implicit-function-declaration -std=gnu11` -> 1
stderr:
/tmp/tmp.UgJ7zjghg8/glib/_build-arm64-v8a/meson-private/tmpn57v26nm/testfile.c:4:37: error: use of undeclared identifier '_NL_CTYPE_OUTDIGIT0_MB'
    4 |                  str = nl_langinfo (_NL_CTYPE_OUTDIGIT0_MB);
      |                                     ^
/tmp/tmp.UgJ7zjghg8/glib/_build-arm64-v8a/meson-private/tmpn57v26nm/testfile.c:5:37: error: use of undeclared identifier '_NL_CTYPE_OUTDIGIT1_MB'
    5 |                  str = nl_langinfo (_NL_CTYPE_OUTDIGIT1_MB);
      |                                     ^
/tmp/tmp.UgJ7zjghg8/glib/_build-arm64-v8a/meson-private/tmpn57v26nm/testfile.c:6:37: error: use of undeclared identifier '_NL_CTYPE_OUTDIGIT2_MB'
    6 |                  str = nl_langinfo (_NL_CTYPE_OUTDIGIT2_MB);
      |                                     ^
/tmp/tmp.UgJ7zjghg8/glib/_build-arm64-v8a/meson-private/tmpn57v26nm/testfile.c:7:37: error: use of undeclared identifier '_NL_CTYPE_OUTDIGIT3_MB'
    7 |                  str = nl_langinfo (_NL_CTYPE_OUTDIGIT3_MB);
      |                                     ^
/tmp/tmp.UgJ7zjghg8/glib/_build-arm64-v8a/meson-private/tmpn57v26nm/testfile.c:8:37: error: use of undeclared identifier '_NL_CTYPE_OUTDIGIT4_MB'
    8 |                  str = nl_langinfo (_NL_CTYPE_OUTDIGIT4_MB);
      |                                     ^
/tmp/tmp.UgJ7zjghg8/glib/_build-arm64-v8a/meson-private/tmpn57v26nm/testfile.c:9:37: error: use of undeclared identifier '_NL_CTYPE_OUTDIGIT5_MB'
    9 |                  str = nl_langinfo (_NL_CTYPE_OUTDIGIT5_MB);
      |                                     ^
/tmp/tmp.UgJ7zjghg8/glib/_build-arm64-v8a/meson-private/tmpn57v26nm/testfile.c:10:37: error: use of undeclared identifier '_NL_CTYPE_OUTDIGIT6_MB'
   10 |                  str = nl_langinfo (_NL_CTYPE_OUTDIGIT6_MB);
      |                                     ^
/tmp/tmp.UgJ7zjghg8/glib/_build-arm64-v8a/meson-private/tmpn57v26nm/testfile.c:11:37: error: use of undeclared identifier '_NL_CTYPE_OUTDIGIT7_MB'
   11 |                  str = nl_langinfo (_NL_CTYPE_OUTDIGIT7_MB);
      |                                     ^
/tmp/tmp.UgJ7zjghg8/glib/_build-arm64-v8a/meson-private/tmpn57v26nm/testfile.c:12:37: error: use of undeclared identifier '_NL_CTYPE_OUTDIGIT8_MB'
   12 |                  str = nl_langinfo (_NL_CTYPE_OUTDIGIT8_MB);
      |                                     ^
/tmp/tmp.UgJ7zjghg8/glib/_build-arm64-v8a/meson-private/tmpn57v26nm/testfile.c:13:37: error: use of undeclared identifier '_NL_CTYPE_OUTDIGIT9_MB'
   13 |                  str = nl_langinfo (_NL_CTYPE_OUTDIGIT9_MB);
      |                                     ^
10 errors generated.
-----------
Checking if "nl_langinfo (_NL_CTYPE_OUTDIGITn_MB)" links: NO 
Running compile:
Working directory:  /tmp/tmp.UgJ7zjghg8/glib/_build-arm64-v8a/meson-private/tmpnaxwpdiz
Code:
#ifndef _GNU_SOURCE
              # define _GNU_SOURCE
              #endif
              #include <langinfo.h>
               int main (int argc, char ** argv) {
                 char *str;
                 str = nl_langinfo (ALTMON_1);
                 str = nl_langinfo (ALTMON_2);
                 str = nl_langinfo (ALTMON_3);
                 str = nl_langinfo (ALTMON_4);
                 str = nl_langinfo (ALTMON_5);
                 str = nl_langinfo (ALTMON_6);
                 str = nl_langinfo (ALTMON_7);
                 str = nl_langinfo (ALTMON_8);
                 str = nl_langinfo (ALTMON_9);
                 str = nl_langinfo (ALTMON_10);
                 str = nl_langinfo (ALTMON_11);
                 str = nl_langinfo (ALTMON_12);
                 (void) str;
                 return 0;
               }
-----------
Command line: `/usr/local/lib/android/sdk/ndk/29.0.14206865/toolchains/llvm/prebuilt/linux-x86_64/bin/aarch64-linux-android26-clang /tmp/tmp.UgJ7zjghg8/glib/_build-arm64-v8a/meson-private/tmpnaxwpdiz/testfile.c -o /tmp/tmp.UgJ7zjghg8/glib/_build-arm64-v8a/meson-private/tmpnaxwpdiz/output.exe -D_FILE_OFFSET_BITS=64 -O0 -U_FORTIFY_SOURCE -Werror=implicit-function-declaration -std=gnu11` -> 1
stderr:
/tmp/tmp.UgJ7zjghg8/glib/_build-arm64-v8a/meson-private/tmpnaxwpdiz/testfile.c:7:37: error: use of undeclared identifier 'ALTMON_1'
    7 |                  str = nl_langinfo (ALTMON_1);
      |                                     ^
/tmp/tmp.UgJ7zjghg8/glib/_build-arm64-v8a/meson-private/tmpnaxwpdiz/testfile.c:8:37: error: use of undeclared identifier 'ALTMON_2'
    8 |                  str = nl_langinfo (ALTMON_2);
      |                                     ^
/tmp/tmp.UgJ7zjghg8/glib/_build-arm64-v8a/meson-private/tmpnaxwpdiz/testfile.c:9:37: error: use of undeclared identifier 'ALTMON_3'
    9 |                  str = nl_langinfo (ALTMON_3);
      |                                     ^
/tmp/tmp.UgJ7zjghg8/glib/_build-arm64-v8a/meson-private/tmpnaxwpdiz/testfile.c:10:37: error: use of undeclared identifier 'ALTMON_4'
   10 |                  str = nl_langinfo (ALTMON_4);
      |                                     ^
/tmp/tmp.UgJ7zjghg8/glib/_build-arm64-v8a/meson-private/tmpnaxwpdiz/testfile.c:11:37: error: use of undeclared identifier 'ALTMON_5'
   11 |                  str = nl_langinfo (ALTMON_5);
      |                                     ^
/tmp/tmp.UgJ7zjghg8/glib/_build-arm64-v8a/meson-private/tmpnaxwpdiz/testfile.c:12:37: error: use of undeclared identifier 'ALTMON_6'
   12 |                  str = nl_langinfo (ALTMON_6);
      |                                     ^
/tmp/tmp.UgJ7zjghg8/glib/_build-arm64-v8a/meson-private/tmpnaxwpdiz/testfile.c:13:37: error: use of undeclared identifier 'ALTMON_7'
   13 |                  str = nl_langinfo (ALTMON_7);
      |                                     ^
/tmp/tmp.UgJ7zjghg8/glib/_build-arm64-v8a/meson-private/tmpnaxwpdiz/testfile.c:14:37: error: use of undeclared identifier 'ALTMON_8'
   14 |                  str = nl_langinfo (ALTMON_8);
      |                                     ^
/tmp/tmp.UgJ7zjghg8/glib/_build-arm64-v8a/meson-private/tmpnaxwpdiz/testfile.c:15:37: error: use of undeclared identifier 'ALTMON_9'
   15 |                  str = nl_langinfo (ALTMON_9);
      |                                     ^
/tmp/tmp.UgJ7zjghg8/glib/_build-arm64-v8a/meson-private/tmpnaxwpdiz/testfile.c:16:37: error: use of undeclared identifier 'ALTMON_10'
   16 |                  str = nl_langinfo (ALTMON_10);
      |                                     ^
/tmp/tmp.UgJ7zjghg8/glib/_build-arm64-v8a/meson-private/tmpnaxwpdiz/testfile.c:17:37: error: use of undeclared identifier 'ALTMON_11'
   17 |                  str = nl_langinfo (ALTMON_11);
      |                                     ^
/tmp/tmp.UgJ7zjghg8/glib/_build-arm64-v8a/meson-private/tmpnaxwpdiz/testfile.c:18:37: error: use of undeclared identifier 'ALTMON_12'
   18 |                  str = nl_langinfo (ALTMON_12);
      |                                     ^
12 errors generated.
-----------
Checking if "nl_langinfo (ALTMON_n)" links: NO 
Running compile:
Working directory:  /tmp/tmp.UgJ7zjghg8/glib/_build-arm64-v8a/meson-private/tmpnl762b2n
Code:
#ifndef _GNU_SOURCE
              # define _GNU_SOURCE
              #endif
              #include <langinfo.h>
               int main (int argc, char ** argv) {
                 char *str;
                 str = nl_langinfo (_NL_ABALTMON_1);
                 str = nl_langinfo (_NL_ABALTMON_2);
                 str = nl_langinfo (_NL_ABALTMON_3);
                 str = nl_langinfo (_NL_ABALTMON_4);
                 str = nl_langinfo (_NL_ABALTMON_5);
                 str = nl_langinfo (_NL_ABALTMON_6);
                 str = nl_langinfo (_NL_ABALTMON_7);
                 str = nl_langinfo (_NL_ABALTMON_8);
                 str = nl_langinfo (_NL_ABALTMON_9);
                 str = nl_langinfo (_NL_ABALTMON_10);
                 str = nl_langinfo (_NL_ABALTMON_11);
                 str = nl_langinfo (_NL_ABALTMON_12);
                 (void) str;
                 return 0;
               }
-----------
Command line: `/usr/local/lib/android/sdk/ndk/29.0.14206865/toolchains/llvm/prebuilt/linux-x86_64/bin/aarch64-linux-android26-clang /tmp/tmp.UgJ7zjghg8/glib/_build-arm64-v8a/meson-private/tmpnl762b2n/testfile.c -o /tmp/tmp.UgJ7zjghg8/glib/_build-arm64-v8a/meson-private/tmpnl762b2n/output.exe -D_FILE_OFFSET_BITS=64 -O0 -U_FORTIFY_SOURCE -Werror=implicit-function-declaration -std=gnu11` -> 1
stderr:
/tmp/tmp.UgJ7zjghg8/glib/_build-arm64-v8a/meson-private/tmpnl762b2n/testfile.c:7:37: error: use of undeclared identifier '_NL_ABALTMON_1'
    7 |                  str = nl_langinfo (_NL_ABALTMON_1);
      |                                     ^
/tmp/tmp.UgJ7zjghg8/glib/_build-arm64-v8a/meson-private/tmpnl762b2n/testfile.c:8:37: error: use of undeclared identifier '_NL_ABALTMON_2'
    8 |                  str = nl_langinfo (_NL_ABALTMON_2);
      |                                     ^
/tmp/tmp.UgJ7zjghg8/glib/_build-arm64-v8a/meson-private/tmpnl762b2n/testfile.c:9:37: error: use of undeclared identifier '_NL_ABALTMON_3'
    9 |                  str = nl_langinfo (_NL_ABALTMON_3);
      |                                     ^
/tmp/tmp.UgJ7zjghg8/glib/_build-arm64-v8a/meson-private/tmpnl762b2n/testfile.c:10:37: error: use of undeclared identifier '_NL_ABALTMON_4'
   10 |                  str = nl_langinfo (_NL_ABALTMON_4);
      |                                     ^
/tmp/tmp.UgJ7zjghg8/glib/_build-arm64-v8a/meson-private/tmpnl762b2n/testfile.c:11:37: error: use of undeclared identifier '_NL_ABALTMON_5'
   11 |                  str = nl_langinfo (_NL_ABALTMON_5);
      |                                     ^
/tmp/tmp.UgJ7zjghg8/glib/_build-arm64-v8a/meson-private/tmpnl762b2n/testfile.c:12:37: error: use of undeclared identifier '_NL_ABALTMON_6'
   12 |                  str = nl_langinfo (_NL_ABALTMON_6);
      |                                     ^
/tmp/tmp.UgJ7zjghg8/glib/_build-arm64-v8a/meson-private/tmpnl762b2n/testfile.c:13:37: error: use of undeclared identifier '_NL_ABALTMON_7'
   13 |                  str = nl_langinfo (_NL_ABALTMON_7);
      |                                     ^
/tmp/tmp.UgJ7zjghg8/glib/_build-arm64-v8a/meson-private/tmpnl762b2n/testfile.c:14:37: error: use of undeclared identifier '_NL_ABALTMON_8'
   14 |                  str = nl_langinfo (_NL_ABALTMON_8);
      |                                     ^
/tmp/tmp.UgJ7zjghg8/glib/_build-arm64-v8a/meson-private/tmpnl762b2n/testfile.c:15:37: error: use of undeclared identifier '_NL_ABALTMON_9'
   15 |                  str = nl_langinfo (_NL_ABALTMON_9);
      |                                     ^
/tmp/tmp.UgJ7zjghg8/glib/_build-arm64-v8a/meson-private/tmpnl762b2n/testfile.c:16:37: error: use of undeclared identifier '_NL_ABALTMON_10'
   16 |                  str = nl_langinfo (_NL_ABALTMON_10);
      |                                     ^
/tmp/tmp.UgJ7zjghg8/glib/_build-arm64-v8a/meson-private/tmpnl762b2n/testfile.c:17:37: error: use of undeclared identifier '_NL_ABALTMON_11'
   17 |                  str = nl_langinfo (_NL_ABALTMON_11);
      |                                     ^
/tmp/tmp.UgJ7zjghg8/glib/_build-arm64-v8a/meson-private/tmpnl762b2n/testfile.c:18:37: error: use of undeclared identifier '_NL_ABALTMON_12'
   18 |                  str = nl_langinfo (_NL_ABALTMON_12);
      |                                     ^
12 errors generated.
-----------
Checking if "nl_langinfo (_NL_ABALTMON_n)" links: NO 
Running compile:
Working directory:  /tmp/tmp.UgJ7zjghg8/glib/_build-arm64-v8a/meson-private/tmpk22t7sfp
Code:
#include <langinfo.h>
               int main (int argc, char ** argv) {
                 char *codeset = nl_langinfo (_NL_TIME_CODESET);
                 (void) codeset;
                 return 0;
               }
-----------
Command line: `/usr/local/lib/android/sdk/ndk/29.0.14206865/toolchains/llvm/prebuilt/linux-x86_64/bin/aarch64-linux-android26-clang /tmp/tmp.UgJ7zjghg8/glib/_build-arm64-v8a/meson-private/tmpk22t7sfp/testfile.c -o /tmp/tmp.UgJ7zjghg8/glib/_build-arm64-v8a/meson-private/tmpk22t7sfp/output.exe -D_FILE_OFFSET_BITS=64 -O0 -U_FORTIFY_SOURCE -Werror=implicit-function-declaration -std=gnu11` -> 1
stderr:
/tmp/tmp.UgJ7zjghg8/glib/_build-arm64-v8a/meson-private/tmpk22t7sfp/testfile.c:3:47: error: use of undeclared identifier '_NL_TIME_CODESET'
    3 |                  char *codeset = nl_langinfo (_NL_TIME_CODESET);
      |                                               ^
1 error generated.
-----------
Checking if "nl_langinfo and _NL_TIME_CODESET" links: NO 
Running compile:
Working directory:  /tmp/tmp.UgJ7zjghg8/glib/_build-arm64-v8a/meson-private/tmp4nihbk_m
Code:
signed char x;
-----------
Command line: `/usr/local/lib/android/sdk/ndk/29.0.14206865/toolchains/llvm/prebuilt/linux-x86_64/bin/aarch64-linux-android26-clang /tmp/tmp.UgJ7zjghg8/glib/_build-arm64-v8a/meson-private/tmp4nihbk_m/testfile.c -o /tmp/tmp.UgJ7zjghg8/glib/_build-arm64-v8a/meson-private/tmp4nihbk_m/output.obj -c -D_FILE_OFFSET_BITS=64 -O0 -U_FORTIFY_SOURCE -Werror=implicit-function-declaration -Werror=unknown-warning-option -Werror=unused-command-line-argument -Werror=ignored-optimization-argument -std=gnu11` -> 0
Checking if "signed" compiles: YES 
Running compile:
Working directory:  /tmp/tmp.UgJ7zjghg8/glib/_build-arm64-v8a/meson-private/tmpv41w8nok
Code:

        #include <stddef.h>
        int main(void) {
            /* If it's not defined as a macro, try to use as a symbol */
            #ifndef ptrdiff_t
                ptrdiff_t;
            #endif
            return 0;
        }
-----------
Command line: `/usr/local/lib/android/sdk/ndk/29.0.14206865/toolchains/llvm/prebuilt/linux-x86_64/bin/aarch64-linux-android26-clang /tmp/tmp.UgJ7zjghg8/glib/_build-arm64-v8a/meson-private/tmpv41w8nok/testfile.c -o /tmp/tmp.UgJ7zjghg8/glib/_build-arm64-v8a/meson-private/tmpv41w8nok/output.obj -c -D_FILE_OFFSET_BITS=64 -O0 -U_FORTIFY_SOURCE -Werror=implicit-function-declaration -Werror=unknown-warning-option -Werror=unused-command-line-argument -Werror=ignored-optimization-argument -std=gnu11` -> 0
stderr:
/tmp/tmp.UgJ7zjghg8/glib/_build-arm64-v8a/meson-private/tmpv41w8nok/testfile.c:6:17: warning: declaration does not declare anything [-Wmissing-declarations]
    6 |                 ptrdiff_t;
      |                 ^~~~~~~~~
1 warning generated.
-----------
Header "stddef.h" has symbol "ptrdiff_t" : YES 
Running compile:
Working directory:  /tmp/tmp.UgJ7zjghg8/glib/_build-arm64-v8a/meson-private/tmp6wvburf2
Code:
#include <signal.h>
               #include <sys/types.h>
               sig_atomic_t val = 42;
               int main (int argc, char ** argv) {
                 return val == 42 ? 0 : 1;
               }
-----------
Command line: `/usr/local/lib/android/sdk/ndk/29.0.14206865/toolchains/llvm/prebuilt/linux-x86_64/bin/aarch64-linux-android26-clang /tmp/tmp.UgJ7zjghg8/glib/_build-arm64-v8a/meson-private/tmp6wvburf2/testfile.c -o /tmp/tmp.UgJ7zjghg8/glib/_build-arm64-v8a/meson-private/tmp6wvburf2/output.exe -D_FILE_OFFSET_BITS=64 -O0 -U_FORTIFY_SOURCE -Werror=implicit-function-declaration -std=gnu11` -> 0
Checking if "sig_atomic_t" links: YES 
Running compile:
Working directory:  /tmp/tmp.UgJ7zjghg8/glib/_build-arm64-v8a/meson-private/tmp4boamj_b
Code:
long long ll = 1LL;
                  int i = 63;
                  int some_func (void) {
                    long long llmax = (long long) -1;
                    return ll << i | ll >> i | llmax / ll | llmax % ll;
                  }
-----------
Command line: `/usr/local/lib/android/sdk/ndk/29.0.14206865/toolchains/llvm/prebuilt/linux-x86_64/bin/aarch64-linux-android26-clang /tmp/tmp.UgJ7zjghg8/glib/_build-arm64-v8a/meson-private/tmp4boamj_b/testfile.c -o /tmp/tmp.UgJ7zjghg8/glib/_build-arm64-v8a/meson-private/tmp4boamj_b/output.obj -c -D_FILE_OFFSET_BITS=64 -O0 -U_FORTIFY_SOURCE -Werror=implicit-function-declaration -Werror=unknown-warning-option -Werror=unused-command-line-argument -Werror=ignored-optimization-argument -std=gnu11` -> 0
Checking if "long long" compiles: YES 
Running compile:
Working directory:  /tmp/tmp.UgJ7zjghg8/glib/_build-arm64-v8a/meson-private/tmpthdn8g9s
Code:
/* The Stardent Vistra knows sizeof(long double), but does not support it.  */
                  long double foo = 0.0;
                  /* On Ultrix 4.3 cc, long double is 4 and double is 8.  */
                  int array [2*(sizeof(long double) >= sizeof(double)) - 1];
-----------
Command line: `/usr/local/lib/android/sdk/ndk/29.0.14206865/toolchains/llvm/prebuilt/linux-x86_64/bin/aarch64-linux-android26-clang /tmp/tmp.UgJ7zjghg8/glib/_build-arm64-v8a/meson-private/tmpthdn8g9s/testfile.c -o /tmp/tmp.UgJ7zjghg8/glib/_build-arm64-v8a/meson-private/tmpthdn8g9s/output.obj -c -D_FILE_OFFSET_BITS=64 -O0 -U_FORTIFY_SOURCE -Werror=implicit-function-declaration -Werror=unknown-warning-option -Werror=unused-command-line-argument -Werror=ignored-optimization-argument -std=gnu11` -> 0
Checking if "long double" compiles: YES 
Running compile:
Working directory:  /tmp/tmp.UgJ7zjghg8/glib/_build-arm64-v8a/meson-private/tmp1bircsc9
Code:

        #include <stddef.h>
        int main(void) {
            /* If it's not defined as a macro, try to use as a symbol */
            #ifndef wchar_t
                wchar_t;
            #endif
            return 0;
        }
-----------
Command line: `/usr/local/lib/android/sdk/ndk/29.0.14206865/toolchains/llvm/prebuilt/linux-x86_64/bin/aarch64-linux-android26-clang /tmp/tmp.UgJ7zjghg8/glib/_build-arm64-v8a/meson-private/tmp1bircsc9/testfile.c -o /tmp/tmp.UgJ7zjghg8/glib/_build-arm64-v8a/meson-private/tmp1bircsc9/output.obj -c -D_FILE_OFFSET_BITS=64 -O0 -U_FORTIFY_SOURCE -Werror=implicit-function-declaration -Werror=unknown-warning-option -Werror=unused-command-line-argument -Werror=ignored-optimization-argument -std=gnu11` -> 0
stderr:
/tmp/tmp.UgJ7zjghg8/glib/_build-arm64-v8a/meson-private/tmp1bircsc9/testfile.c:6:17: warning: declaration does not declare anything [-Wmissing-declarations]
    6 |                 wchar_t;
      |                 ^~~~~~~
1 warning generated.
-----------
Header "stddef.h" has symbol "wchar_t" : YES 
Running compile:
Working directory:  /tmp/tmp.UgJ7zjghg8/glib/_build-arm64-v8a/meson-private/tmp77ueo3xp
Code:

        #include <wchar.h>
        int main(void) {
            /* If it's not defined as a macro, try to use as a symbol */
            #ifndef wint_t
                wint_t;
            #endif
            return 0;
        }
-----------
Command line: `/usr/local/lib/android/sdk/ndk/29.0.14206865/toolchains/llvm/prebuilt/linux-x86_64/bin/aarch64-linux-android26-clang /tmp/tmp.UgJ7zjghg8/glib/_build-arm64-v8a/meson-private/tmp77ueo3xp/testfile.c -o /tmp/tmp.UgJ7zjghg8/glib/_build-arm64-v8a/meson-private/tmp77ueo3xp/output.obj -c -D_FILE_OFFSET_BITS=64 -O0 -U_FORTIFY_SOURCE -Werror=implicit-function-declaration -Werror=unknown-warning-option -Werror=unused-command-line-argument -Werror=ignored-optimization-argument -std=gnu11` -> 0
stderr:
/tmp/tmp.UgJ7zjghg8/glib/_build-arm64-v8a/meson-private/tmp77ueo3xp/testfile.c:6:17: warning: declaration does not declare anything [-Wmissing-declarations]
    6 |                 wint_t;
      |                 ^~~~~~
1 warning generated.
-----------
Header "wchar.h" has symbol "wint_t" : YES 
Running compile:
Working directory:  /tmp/tmp.UgJ7zjghg8/glib/_build-arm64-v8a/meson-private/tmpuc30rn08
Code:
#include <sys/types.h>
                  #include <inttypes.h>
                  void some_func (void) {
                    uintmax_t i = (uintmax_t) -1;
                    (void) i;
                  }
-----------
Command line: `/usr/local/lib/android/sdk/ndk/29.0.14206865/toolchains/llvm/prebuilt/linux-x86_64/bin/aarch64-linux-android26-clang /tmp/tmp.UgJ7zjghg8/glib/_build-arm64-v8a/meson-private/tmpuc30rn08/testfile.c -o /tmp/tmp.UgJ7zjghg8/glib/_build-arm64-v8a/meson-private/tmpuc30rn08/output.obj -c -D_FILE_OFFSET_BITS=64 -O0 -U_FORTIFY_SOURCE -Werror=implicit-function-declaration -Werror=unknown-warning-option -Werror=unused-command-line-argument -Werror=ignored-optimization-argument -std=gnu11` -> 0
Checking if "uintmax_t in inttypes.h" compiles: YES 
Running compile:
Working directory:  /tmp/tmp.UgJ7zjghg8/glib/_build-arm64-v8a/meson-private/tmpwwdvcx05
Code:
#include <sys/types.h>
                  #include <stdint.h>
                  void some_func (void) {
                    uintmax_t i = (uintmax_t) -1;
                    (void) i;
                  }
-----------
Command line: `/usr/local/lib/android/sdk/ndk/29.0.14206865/toolchains/llvm/prebuilt/linux-x86_64/bin/aarch64-linux-android26-clang /tmp/tmp.UgJ7zjghg8/glib/_build-arm64-v8a/meson-private/tmpwwdvcx05/testfile.c -o /tmp/tmp.UgJ7zjghg8/glib/_build-arm64-v8a/meson-private/tmpwwdvcx05/output.obj -c -D_FILE_OFFSET_BITS=64 -O0 -U_FORTIFY_SOURCE -Werror=implicit-function-declaration -Werror=unknown-warning-option -Werror=unused-command-line-argument -Werror=ignored-optimization-argument -std=gnu11` -> 0
Checking if "uintmax_t in stdint.h" compiles: YES 
Running compile:
Working directory:  /tmp/tmp.UgJ7zjghg8/glib/_build-arm64-v8a/meson-private/tmpv2njxunr
Code:

        #include <stddef.h>
        int main(void) {
            char something;
            return 0;
        }
-----------
Command line: `/usr/local/lib/android/sdk/ndk/29.0.14206865/toolchains/llvm/prebuilt/linux-x86_64/bin/aarch64-linux-android26-clang /tmp/tmp.UgJ7zjghg8/glib/_build-arm64-v8a/meson-private/tmpv2njxunr/testfile.c -o /tmp/tmp.UgJ7zjghg8/glib/_build-arm64-v8a/meson-private/tmpv2njxunr/output.obj -c -D_FILE_OFFSET_BITS=64 -O0 -U_FORTIFY_SOURCE -Werror=implicit-function-declaration -Werror=unknown-warning-option -Werror=unused-command-line-argument -Werror=ignored-optimization-argument -std=gnu11` -> 0
Running compile:
Working directory:  /tmp/tmpejuexxov
Code:

        
        #ifndef sizeof(char)
        # define sizeof(char) "MESON_GET_DEFINE_UNDEFINED_SENTINEL"
        #endif
        "MESON_GET_DEFINE_DELIMITER_START"
sizeof(char)
"MESON_GET_DEFINE_DELIMITER_END"
-----------
Command line: `/usr/local/lib/android/sdk/ndk/29.0.14206865/toolchains/llvm/prebuilt/linux-x86_64/bin/aarch64-linux-android26-clang /tmp/tmpejuexxov/testfile.c -E -P -D_FILE_OFFSET_BITS=64 -P -O0 -U_FORTIFY_SOURCE -Werror=implicit-function-declaration -std=gnu11` -> 0
stdout:
"MESON_GET_DEFINE_DELIMITER_START"
"MESON_GET_DEFINE_UNDEFINED_SENTINEL"
"MESON_GET_DEFINE_DELIMITER_END"
-----------
stderr:
/tmp/tmpejuexxov/testfile.c:3:23: warning: extra tokens at end of #ifndef directive [-Wextra-tokens]
    3 |         #ifndef sizeof(char)
      |                       ^
      |                       //
1 warning generated.
-----------
Running compile:
Working directory:  /tmp/tmp.UgJ7zjghg8/glib/_build-arm64-v8a/meson-private/tmp2q3arc2e
Code:

                #include <stdio.h>
                #include <stdint.h>
                int main(void) { int expression = None; printf("%d", expression); return 0; }
-----------
Command line: `cc /tmp/tmp.UgJ7zjghg8/glib/_build-arm64-v8a/meson-private/tmp2q3arc2e/testfile.c -o /tmp/tmp.UgJ7zjghg8/glib/_build-arm64-v8a/meson-private/tmp2q3arc2e/output.exe -D_FILE_OFFSET_BITS=64 -O0 -U_FORTIFY_SOURCE` -> 1
stderr:
/tmp/tmp.UgJ7zjghg8/glib/_build-arm64-v8a/meson-private/tmp2q3arc2e/testfile.c: In function 'main':
/tmp/tmp.UgJ7zjghg8/glib/_build-arm64-v8a/meson-private/tmp2q3arc2e/testfile.c:4:51: error: 'None' undeclared (first use in this function)
    4 |                 int main(void) { int expression = None; printf("%d", expression); return 0; }
      |                                                   ^~~~
/tmp/tmp.UgJ7zjghg8/glib/_build-arm64-v8a/meson-private/tmp2q3arc2e/testfile.c:4:51: note: each undeclared identifier is reported only once for each function it appears in
-----------
Could not compile test file /tmp/tmp.UgJ7zjghg8/glib/_build-arm64-v8a/meson-private/tmp2q3arc2e/testfile.c: 1

Running compile:
Working directory:  /tmp/tmp.UgJ7zjghg8/glib/_build-arm64-v8a/meson-private/tmp2xc91ode
Code:

        #include <stddef.h>
        int main(void) { static int a[1-2*!(sizeof(char) >= 0)]; a[0]=0; return 0; }
-----------
Command line: `/usr/local/lib/android/sdk/ndk/29.0.14206865/toolchains/llvm/prebuilt/linux-x86_64/bin/aarch64-linux-android26-clang /tmp/tmp.UgJ7zjghg8/glib/_build-arm64-v8a/meson-private/tmp2xc91ode/testfile.c -o /tmp/tmp.UgJ7zjghg8/glib/_build-arm64-v8a/meson-private/tmp2xc91ode/output.obj -c -D_FILE_OFFSET_BITS=64 -O0 -U_FORTIFY_SOURCE -Werror=implicit-function-declaration -Werror=unknown-warning-option -Werror=unused-command-line-argument -Werror=ignored-optimization-argument -std=gnu11` -> 0
Running compile:
Working directory:  /tmp/tmp.UgJ7zjghg8/glib/_build-arm64-v8a/meson-private/tmpj24_elj2
Code:

        #include <stddef.h>
        int main(void) { static int a[1-2*!(sizeof(char) > 0)]; a[0]=0; return 0; }
-----------
Command line: `/usr/local/lib/android/sdk/ndk/29.0.14206865/toolchains/llvm/prebuilt/linux-x86_64/bin/aarch64-linux-android26-clang /tmp/tmp.UgJ7zjghg8/glib/_build-arm64-v8a/meson-private/tmpj24_elj2/testfile.c -o /tmp/tmp.UgJ7zjghg8/glib/_build-arm64-v8a/meson-private/tmpj24_elj2/output.obj -c -D_FILE_OFFSET_BITS=64 -O0 -U_FORTIFY_SOURCE -Werror=implicit-function-declaration -Werror=unknown-warning-option -Werror=unused-command-line-argument -Werror=ignored-optimization-argument -std=gnu11` -> 0
Running compile:
Working directory:  /tmp/tmp.UgJ7zjghg8/glib/_build-arm64-v8a/meson-private/tmp0tsm96h4
Code:

        #include <stddef.h>
        int main(void) { static int a[1-2*!(sizeof(char) > 1)]; a[0]=0; return 0; }
-----------
Command line: `/usr/local/lib/android/sdk/ndk/29.0.14206865/toolchains/llvm/prebuilt/linux-x86_64/bin/aarch64-linux-android26-clang /tmp/tmp.UgJ7zjghg8/glib/_build-arm64-v8a/meson-private/tmp0tsm96h4/testfile.c -o /tmp/tmp.UgJ7zjghg8/glib/_build-arm64-v8a/meson-private/tmp0tsm96h4/output.obj -c -D_FILE_OFFSET_BITS=64 -O0 -U_FORTIFY_SOURCE -Werror=implicit-function-declaration -Werror=unknown-warning-option -Werror=unused-command-line-argument -Werror=ignored-optimization-argument -std=gnu11` -> 1
stderr:
/tmp/tmp.UgJ7zjghg8/glib/_build-arm64-v8a/meson-private/tmp0tsm96h4/testfile.c:3:39: error: 'a' declared as an array with a negative size
    3 |         int main(void) { static int a[1-2*!(sizeof(char) > 1)]; a[0]=0; return 0; }
      |                                       ^~~~~~~~~~~~~~~~~~~~~~~
1 error generated.
-----------
Checking for size of "char" : 1 
Running compile:
Working directory:  /tmp/tmp.UgJ7zjghg8/glib/_build-arm64-v8a/meson-private/tmp5ighnpuf
Code:

        #include <stddef.h>
        int main(void) {
            short something;
            return 0;
        }
-----------
Command line: `/usr/local/lib/android/sdk/ndk/29.0.14206865/toolchains/llvm/prebuilt/linux-x86_64/bin/aarch64-linux-android26-clang /tmp/tmp.UgJ7zjghg8/glib/_build-arm64-v8a/meson-private/tmp5ighnpuf/testfile.c -o /tmp/tmp.UgJ7zjghg8/glib/_build-arm64-v8a/meson-private/tmp5ighnpuf/output.obj -c -D_FILE_OFFSET_BITS=64 -O0 -U_FORTIFY_SOURCE -Werror=implicit-function-declaration -Werror=unknown-warning-option -Werror=unused-command-line-argument -Werror=ignored-optimization-argument -std=gnu11` -> 0
Running compile:
Working directory:  /tmp/tmpangbele2
Code:

        
        #ifndef sizeof(short)
        # define sizeof(short) "MESON_GET_DEFINE_UNDEFINED_SENTINEL"
        #endif
        "MESON_GET_DEFINE_DELIMITER_START"
sizeof(short)
"MESON_GET_DEFINE_DELIMITER_END"
-----------
Command line: `/usr/local/lib/android/sdk/ndk/29.0.14206865/toolchains/llvm/prebuilt/linux-x86_64/bin/aarch64-linux-android26-clang /tmp/tmpangbele2/testfile.c -E -P -D_FILE_OFFSET_BITS=64 -P -O0 -U_FORTIFY_SOURCE -Werror=implicit-function-declaration -std=gnu11` -> 0
stdout:
"MESON_GET_DEFINE_DELIMITER_START"
"MESON_GET_DEFINE_UNDEFINED_SENTINEL"
"MESON_GET_DEFINE_DELIMITER_END"
-----------
stderr:
/tmp/tmpangbele2/testfile.c:3:23: warning: extra tokens at end of #ifndef directive [-Wextra-tokens]
    3 |         #ifndef sizeof(short)
      |                       ^
      |                       //
1 warning generated.
-----------
Running compile:
Working directory:  /tmp/tmp.UgJ7zjghg8/glib/_build-arm64-v8a/meson-private/tmpjfucxl1u
Code:

                #include <stdio.h>
                #include <stdint.h>
                int main(void) { int expression = None; printf("%d", expression); return 0; }
-----------
Command line: `cc /tmp/tmp.UgJ7zjghg8/glib/_build-arm64-v8a/meson-private/tmpjfucxl1u/testfile.c -o /tmp/tmp.UgJ7zjghg8/glib/_build-arm64-v8a/meson-private/tmpjfucxl1u/output.exe -D_FILE_OFFSET_BITS=64 -O0 -U_FORTIFY_SOURCE` -> 1
stderr:
/tmp/tmp.UgJ7zjghg8/glib/_build-arm64-v8a/meson-private/tmpjfucxl1u/testfile.c: In function 'main':
/tmp/tmp.UgJ7zjghg8/glib/_build-arm64-v8a/meson-private/tmpjfucxl1u/testfile.c:4:51: error: 'None' undeclared (first use in this function)
    4 |                 int main(void) { int expression = None; printf("%d", expression); return 0; }
      |                                                   ^~~~
/tmp/tmp.UgJ7zjghg8/glib/_build-arm64-v8a/meson-private/tmpjfucxl1u/testfile.c:4:51: note: each undeclared identifier is reported only once for each function it appears in
-----------
Could not compile test file /tmp/tmp.UgJ7zjghg8/glib/_build-arm64-v8a/meson-private/tmpjfucxl1u/testfile.c: 1

Running compile:
Working directory:  /tmp/tmp.UgJ7zjghg8/glib/_build-arm64-v8a/meson-private/tmp170uinbd
Code:

        #include <stddef.h>
        int main(void) { static int a[1-2*!(sizeof(short) >= 0)]; a[0]=0; return 0; }
-----------
Command line: `/usr/local/lib/android/sdk/ndk/29.0.14206865/toolchains/llvm/prebuilt/linux-x86_64/bin/aarch64-linux-android26-clang /tmp/tmp.UgJ7zjghg8/glib/_build-arm64-v8a/meson-private/tmp170uinbd/testfile.c -o /tmp/tmp.UgJ7zjghg8/glib/_build-arm64-v8a/meson-private/tmp170uinbd/output.obj -c -D_FILE_OFFSET_BITS=64 -O0 -U_FORTIFY_SOURCE -Werror=implicit-function-declaration -Werror=unknown-warning-option -Werror=unused-command-line-argument -Werror=ignored-optimization-argument -std=gnu11` -> 0
Running compile:
Working directory:  /tmp/tmp.UgJ7zjghg8/glib/_build-arm64-v8a/meson-private/tmp22fpiuj5
Code:

        #include <stddef.h>
        int main(void) { static int a[1-2*!(sizeof(short) > 0)]; a[0]=0; return 0; }
-----------
Command line: `/usr/local/lib/android/sdk/ndk/29.0.14206865/toolchains/llvm/prebuilt/linux-x86_64/bin/aarch64-linux-android26-clang /tmp/tmp.UgJ7zjghg8/glib/_build-arm64-v8a/meson-private/tmp22fpiuj5/testfile.c -o /tmp/tmp.UgJ7zjghg8/glib/_build-arm64-v8a/meson-private/tmp22fpiuj5/output.obj -c -D_FILE_OFFSET_BITS=64 -O0 -U_FORTIFY_SOURCE -Werror=implicit-function-declaration -Werror=unknown-warning-option -Werror=unused-command-line-argument -Werror=ignored-optimization-argument -std=gnu11` -> 0
Running compile:
Working directory:  /tmp/tmp.UgJ7zjghg8/glib/_build-arm64-v8a/meson-private/tmps42ds9wx
Code:

        #include <stddef.h>
        int main(void) { static int a[1-2*!(sizeof(short) > 1)]; a[0]=0; return 0; }
-----------
Command line: `/usr/local/lib/android/sdk/ndk/29.0.14206865/toolchains/llvm/prebuilt/linux-x86_64/bin/aarch64-linux-android26-clang /tmp/tmp.UgJ7zjghg8/glib/_build-arm64-v8a/meson-private/tmps42ds9wx/testfile.c -o /tmp/tmp.UgJ7zjghg8/glib/_build-arm64-v8a/meson-private/tmps42ds9wx/output.obj -c -D_FILE_OFFSET_BITS=64 -O0 -U_FORTIFY_SOURCE -Werror=implicit-function-declaration -Werror=unknown-warning-option -Werror=unused-command-line-argument -Werror=ignored-optimization-argument -std=gnu11` -> 0
Running compile:
Working directory:  /tmp/tmp.UgJ7zjghg8/glib/_build-arm64-v8a/meson-private/tmp_75du3_3
Code:

        #include <stddef.h>
        int main(void) { static int a[1-2*!(sizeof(short) > 3)]; a[0]=0; return 0; }
-----------
Command line: `/usr/local/lib/android/sdk/ndk/29.0.14206865/toolchains/llvm/prebuilt/linux-x86_64/bin/aarch64-linux-android26-clang /tmp/tmp.UgJ7zjghg8/glib/_build-arm64-v8a/meson-private/tmp_75du3_3/testfile.c -o /tmp/tmp.UgJ7zjghg8/glib/_build-arm64-v8a/meson-private/tmp_75du3_3/output.obj -c -D_FILE_OFFSET_BITS=64 -O0 -U_FORTIFY_SOURCE -Werror=implicit-function-declaration -Werror=unknown-warning-option -Werror=unused-command-line-argument -Werror=ignored-optimization-argument -std=gnu11` -> 1
stderr:
/tmp/tmp.UgJ7zjghg8/glib/_build-arm64-v8a/meson-private/tmp_75du3_3/testfile.c:3:39: error: 'a' declared as an array with a negative size
    3 |         int main(void) { static int a[1-2*!(sizeof(short) > 3)]; a[0]=0; return 0; }
      |                                       ^~~~~~~~~~~~~~~~~~~~~~~~
1 error generated.
-----------
Running compile:
Working directory:  /tmp/tmp.UgJ7zjghg8/glib/_build-arm64-v8a/meson-private/tmprr1k91dl
Code:

        #include <stddef.h>
        int main(void) { static int a[1-2*!(sizeof(short) <= 2)]; a[0]=0; return 0; }
-----------
Command line: `/usr/local/lib/android/sdk/ndk/29.0.14206865/toolchains/llvm/prebuilt/linux-x86_64/bin/aarch64-linux-android26-clang /tmp/tmp.UgJ7zjghg8/glib/_build-arm64-v8a/meson-private/tmprr1k91dl/testfile.c -o /tmp/tmp.UgJ7zjghg8/glib/_build-arm64-v8a/meson-private/tmprr1k91dl/output.obj -c -D_FILE_OFFSET_BITS=64 -O0 -U_FORTIFY_SOURCE -Werror=implicit-function-declaration -Werror=unknown-warning-option -Werror=unused-command-line-argument -Werror=ignored-optimization-argument -std=gnu11` -> 0
Checking for size of "short" : 2 
Running compile:
Working directory:  /tmp/tmp.UgJ7zjghg8/glib/_build-arm64-v8a/meson-private/tmp82dtahqe
Code:

        #include <stddef.h>
        int main(void) {
            int something;
            return 0;
        }
-----------
Command line: `/usr/local/lib/android/sdk/ndk/29.0.14206865/toolchains/llvm/prebuilt/linux-x86_64/bin/aarch64-linux-android26-clang /tmp/tmp.UgJ7zjghg8/glib/_build-arm64-v8a/meson-private/tmp82dtahqe/testfile.c -o /tmp/tmp.UgJ7zjghg8/glib/_build-arm64-v8a/meson-private/tmp82dtahqe/output.obj -c -D_FILE_OFFSET_BITS=64 -O0 -U_FORTIFY_SOURCE -Werror=implicit-function-declaration -Werror=unknown-warning-option -Werror=unused-command-line-argument -Werror=ignored-optimization-argument -std=gnu11` -> 0
Running compile:
Working directory:  /tmp/tmpjhy8aq01
Code:

        
        #ifndef sizeof(int)
        # define sizeof(int) "MESON_GET_DEFINE_UNDEFINED_SENTINEL"
        #endif
        "MESON_GET_DEFINE_DELIMITER_START"
sizeof(int)
"MESON_GET_DEFINE_DELIMITER_END"
-----------
Command line: `/usr/local/lib/android/sdk/ndk/29.0.14206865/toolchains/llvm/prebuilt/linux-x86_64/bin/aarch64-linux-android26-clang /tmp/tmpjhy8aq01/testfile.c -E -P -D_FILE_OFFSET_BITS=64 -P -O0 -U_FORTIFY_SOURCE -Werror=implicit-function-declaration -std=gnu11` -> 0
stdout:
"MESON_GET_DEFINE_DELIMITER_START"
"MESON_GET_DEFINE_UNDEFINED_SENTINEL"
"MESON_GET_DEFINE_DELIMITER_END"
-----------
stderr:
/tmp/tmpjhy8aq01/testfile.c:3:23: warning: extra tokens at end of #ifndef directive [-Wextra-tokens]
    3 |         #ifndef sizeof(int)
      |                       ^
      |                       //
1 warning generated.
-----------
Running compile:
Working directory:  /tmp/tmp.UgJ7zjghg8/glib/_build-arm64-v8a/meson-private/tmpg8ewtnw4
Code:

                #include <stdio.h>
                #include <stdint.h>
                int main(void) { int expression = None; printf("%d", expression); return 0; }
-----------
Command line: `cc /tmp/tmp.UgJ7zjghg8/glib/_build-arm64-v8a/meson-private/tmpg8ewtnw4/testfile.c -o /tmp/tmp.UgJ7zjghg8/glib/_build-arm64-v8a/meson-private/tmpg8ewtnw4/output.exe -D_FILE_OFFSET_BITS=64 -O0 -U_FORTIFY_SOURCE` -> 1
stderr:
/tmp/tmp.UgJ7zjghg8/glib/_build-arm64-v8a/meson-private/tmpg8ewtnw4/testfile.c: In function 'main':
/tmp/tmp.UgJ7zjghg8/glib/_build-arm64-v8a/meson-private/tmpg8ewtnw4/testfile.c:4:51: error: 'None' undeclared (first use in this function)
    4 |                 int main(void) { int expression = None; printf("%d", expression); return 0; }
      |                                                   ^~~~
/tmp/tmp.UgJ7zjghg8/glib/_build-arm64-v8a/meson-private/tmpg8ewtnw4/testfile.c:4:51: note: each undeclared identifier is reported only once for each function it appears in
-----------
Could not compile test file /tmp/tmp.UgJ7zjghg8/glib/_build-arm64-v8a/meson-private/tmpg8ewtnw4/testfile.c: 1

Running compile:
Working directory:  /tmp/tmp.UgJ7zjghg8/glib/_build-arm64-v8a/meson-private/tmptmdktbiq
Code:

        #include <stddef.h>
        int main(void) { static int a[1-2*!(sizeof(int) >= 0)]; a[0]=0; return 0; }
-----------
Command line: `/usr/local/lib/android/sdk/ndk/29.0.14206865/toolchains/llvm/prebuilt/linux-x86_64/bin/aarch64-linux-android26-clang /tmp/tmp.UgJ7zjghg8/glib/_build-arm64-v8a/meson-private/tmptmdktbiq/testfile.c -o /tmp/tmp.UgJ7zjghg8/glib/_build-arm64-v8a/meson-private/tmptmdktbiq/output.obj -c -D_FILE_OFFSET_BITS=64 -O0 -U_FORTIFY_SOURCE -Werror=implicit-function-declaration -Werror=unknown-warning-option -Werror=unused-command-line-argument -Werror=ignored-optimization-argument -std=gnu11` -> 0
Running compile:
Working directory:  /tmp/tmp.UgJ7zjghg8/glib/_build-arm64-v8a/meson-private/tmp6s6amexl
Code:

        #include <stddef.h>
        int main(void) { static int a[1-2*!(sizeof(int) > 0)]; a[0]=0; return 0; }
-----------
Command line: `/usr/local/lib/android/sdk/ndk/29.0.14206865/toolchains/llvm/prebuilt/linux-x86_64/bin/aarch64-linux-android26-clang /tmp/tmp.UgJ7zjghg8/glib/_build-arm64-v8a/meson-private/tmp6s6amexl/testfile.c -o /tmp/tmp.UgJ7zjghg8/glib/_build-arm64-v8a/meson-private/tmp6s6amexl/output.obj -c -D_FILE_OFFSET_BITS=64 -O0 -U_FORTIFY_SOURCE -Werror=implicit-function-declaration -Werror=unknown-warning-option -Werror=unused-command-line-argument -Werror=ignored-optimization-argument -std=gnu11` -> 0
Running compile:
Working directory:  /tmp/tmp.UgJ7zjghg8/glib/_build-arm64-v8a/meson-private/tmpkot933gu
Code:

        #include <stddef.h>
        int main(void) { static int a[1-2*!(sizeof(int) > 1)]; a[0]=0; return 0; }
-----------
Command line: `/usr/local/lib/android/sdk/ndk/29.0.14206865/toolchains/llvm/prebuilt/linux-x86_64/bin/aarch64-linux-android26-clang /tmp/tmp.UgJ7zjghg8/glib/_build-arm64-v8a/meson-private/tmpkot933gu/testfile.c -o /tmp/tmp.UgJ7zjghg8/glib/_build-arm64-v8a/meson-private/tmpkot933gu/output.obj -c -D_FILE_OFFSET_BITS=64 -O0 -U_FORTIFY_SOURCE -Werror=implicit-function-declaration -Werror=unknown-warning-option -Werror=unused-command-line-argument -Werror=ignored-optimization-argument -std=gnu11` -> 0
Running compile:
Working directory:  /tmp/tmp.UgJ7zjghg8/glib/_build-arm64-v8a/meson-private/tmpkwgvmjkb
Code:

        #include <stddef.h>
        int main(void) { static int a[1-2*!(sizeof(int) > 3)]; a[0]=0; return 0; }
-----------
Command line: `/usr/local/lib/android/sdk/ndk/29.0.14206865/toolchains/llvm/prebuilt/linux-x86_64/bin/aarch64-linux-android26-clang /tmp/tmp.UgJ7zjghg8/glib/_build-arm64-v8a/meson-private/tmpkwgvmjkb/testfile.c -o /tmp/tmp.UgJ7zjghg8/glib/_build-arm64-v8a/meson-private/tmpkwgvmjkb/output.obj -c -D_FILE_OFFSET_BITS=64 -O0 -U_FORTIFY_SOURCE -Werror=implicit-function-declaration -Werror=unknown-warning-option -Werror=unused-command-line-argument -Werror=ignored-optimization-argument -std=gnu11` -> 0
Running compile:
Working directory:  /tmp/tmp.UgJ7zjghg8/glib/_build-arm64-v8a/meson-private/tmpcj8i4bea
Code:

        #include <stddef.h>
        int main(void) { static int a[1-2*!(sizeof(int) > 7)]; a[0]=0; return 0; }
-----------
Command line: `/usr/local/lib/android/sdk/ndk/29.0.14206865/toolchains/llvm/prebuilt/linux-x86_64/bin/aarch64-linux-android26-clang /tmp/tmp.UgJ7zjghg8/glib/_build-arm64-v8a/meson-private/tmpcj8i4bea/testfile.c -o /tmp/tmp.UgJ7zjghg8/glib/_build-arm64-v8a/meson-private/tmpcj8i4bea/output.obj -c -D_FILE_OFFSET_BITS=64 -O0 -U_FORTIFY_SOURCE -Werror=implicit-function-declaration -Werror=unknown-warning-option -Werror=unused-command-line-argument -Werror=ignored-optimization-argument -std=gnu11` -> 1
stderr:
/tmp/tmp.UgJ7zjghg8/glib/_build-arm64-v8a/meson-private/tmpcj8i4bea/testfile.c:3:39: error: 'a' declared as an array with a negative size
    3 |         int main(void) { static int a[1-2*!(sizeof(int) > 7)]; a[0]=0; return 0; }
      |                                       ^~~~~~~~~~~~~~~~~~~~~~
1 error generated.
-----------
Running compile:
Working directory:  /tmp/tmp.UgJ7zjghg8/glib/_build-arm64-v8a/meson-private/tmpg1h493df
Code:

        #include <stddef.h>
        int main(void) { static int a[1-2*!(sizeof(int) <= 5)]; a[0]=0; return 0; }
-----------
Command line: `/usr/local/lib/android/sdk/ndk/29.0.14206865/toolchains/llvm/prebuilt/linux-x86_64/bin/aarch64-linux-android26-clang /tmp/tmp.UgJ7zjghg8/glib/_build-arm64-v8a/meson-private/tmpg1h493df/testfile.c -o /tmp/tmp.UgJ7zjghg8/glib/_build-arm64-v8a/meson-private/tmpg1h493df/output.obj -c -D_FILE_OFFSET_BITS=64 -O0 -U_FORTIFY_SOURCE -Werror=implicit-function-declaration -Werror=unknown-warning-option -Werror=unused-command-line-argument -Werror=ignored-optimization-argument -std=gnu11` -> 0
Running compile:
Working directory:  /tmp/tmp.UgJ7zjghg8/glib/_build-arm64-v8a/meson-private/tmps6yj4s7r
Code:

        #include <stddef.h>
        int main(void) { static int a[1-2*!(sizeof(int) <= 4)]; a[0]=0; return 0; }
-----------
Command line: `/usr/local/lib/android/sdk/ndk/29.0.14206865/toolchains/llvm/prebuilt/linux-x86_64/bin/aarch64-linux-android26-clang /tmp/tmp.UgJ7zjghg8/glib/_build-arm64-v8a/meson-private/tmps6yj4s7r/testfile.c -o /tmp/tmp.UgJ7zjghg8/glib/_build-arm64-v8a/meson-private/tmps6yj4s7r/output.obj -c -D_FILE_OFFSET_BITS=64 -O0 -U_FORTIFY_SOURCE -Werror=implicit-function-declaration -Werror=unknown-warning-option -Werror=unused-command-line-argument -Werror=ignored-optimization-argument -std=gnu11` -> 0
Checking for size of "int" : 4 
Running compile:
Working directory:  /tmp/tmp.UgJ7zjghg8/glib/_build-arm64-v8a/meson-private/tmpc3dt__oq
Code:

        #include <stddef.h>
        int main(void) {
            void* something;
            return 0;
        }
-----------
Command line: `/usr/local/lib/android/sdk/ndk/29.0.14206865/toolchains/llvm/prebuilt/linux-x86_64/bin/aarch64-linux-android26-clang /tmp/tmp.UgJ7zjghg8/glib/_build-arm64-v8a/meson-private/tmpc3dt__oq/testfile.c -o /tmp/tmp.UgJ7zjghg8/glib/_build-arm64-v8a/meson-private/tmpc3dt__oq/output.obj -c -D_FILE_OFFSET_BITS=64 -O0 -U_FORTIFY_SOURCE -Werror=implicit-function-declaration -Werror=unknown-warning-option -Werror=unused-command-line-argument -Werror=ignored-optimization-argument -std=gnu11` -> 0
Running compile:
Working directory:  /tmp/tmpfyttwxy3
Code:

        
        #ifndef sizeof(void*)
        # define sizeof(void*) "MESON_GET_DEFINE_UNDEFINED_SENTINEL"
        #endif
        "MESON_GET_DEFINE_DELIMITER_START"
sizeof(void*)
"MESON_GET_DEFINE_DELIMITER_END"
-----------
Command line: `/usr/local/lib/android/sdk/ndk/29.0.14206865/toolchains/llvm/prebuilt/linux-x86_64/bin/aarch64-linux-android26-clang /tmp/tmpfyttwxy3/testfile.c -E -P -D_FILE_OFFSET_BITS=64 -P -O0 -U_FORTIFY_SOURCE -Werror=implicit-function-declaration -std=gnu11` -> 1
stdout:
"MESON_GET_DEFINE_DELIMITER_START"
sizeof(void*)
"MESON_GET_DEFINE_DELIMITER_END"
-----------
stderr:
/tmp/tmpfyttwxy3/testfile.c:3:23: warning: extra tokens at end of #ifndef directive [-Wextra-tokens]
    3 |         #ifndef sizeof(void*)
      |                       ^
      |                       //
/tmp/tmpfyttwxy3/testfile.c:4:29: error: expected comma in macro parameter list
    4 |         # define sizeof(void*) "MESON_GET_DEFINE_UNDEFINED_SENTINEL"
      |                             ^
1 warning and 1 error generated.
-----------
Running compile:
Working directory:  /tmp/tmp.UgJ7zjghg8/glib/_build-arm64-v8a/meson-private/tmpjf_njepk
Code:

        #include <stddef.h>
        int main(void) { static int a[1-2*!(sizeof(void*) >= 0)]; a[0]=0; return 0; }
-----------
Command line: `/usr/local/lib/android/sdk/ndk/29.0.14206865/toolchains/llvm/prebuilt/linux-x86_64/bin/aarch64-linux-android26-clang /tmp/tmp.UgJ7zjghg8/glib/_build-arm64-v8a/meson-private/tmpjf_njepk/testfile.c -o /tmp/tmp.UgJ7zjghg8/glib/_build-arm64-v8a/meson-private/tmpjf_njepk/output.obj -c -D_FILE_OFFSET_BITS=64 -O0 -U_FORTIFY_SOURCE -Werror=implicit-function-declaration -Werror=unknown-warning-option -Werror=unused-command-line-argument -Werror=ignored-optimization-argument -std=gnu11` -> 0
Running compile:
Working directory:  /tmp/tmp.UgJ7zjghg8/glib/_build-arm64-v8a/meson-private/tmpnzo_3o0u
Code:

        #include <stddef.h>
        int main(void) { static int a[1-2*!(sizeof(void*) > 0)]; a[0]=0; return 0; }
-----------
Command line: `/usr/local/lib/android/sdk/ndk/29.0.14206865/toolchains/llvm/prebuilt/linux-x86_64/bin/aarch64-linux-android26-clang /tmp/tmp.UgJ7zjghg8/glib/_build-arm64-v8a/meson-private/tmpnzo_3o0u/testfile.c -o /tmp/tmp.UgJ7zjghg8/glib/_build-arm64-v8a/meson-private/tmpnzo_3o0u/output.obj -c -D_FILE_OFFSET_BITS=64 -O0 -U_FORTIFY_SOURCE -Werror=implicit-function-declaration -Werror=unknown-warning-option -Werror=unused-command-line-argument -Werror=ignored-optimization-argument -std=gnu11` -> 0
Running compile:
Working directory:  /tmp/tmp.UgJ7zjghg8/glib/_build-arm64-v8a/meson-private/tmpe7b_fse7
Code:

        #include <stddef.h>
        int main(void) { static int a[1-2*!(sizeof(void*) > 1)]; a[0]=0; return 0; }
-----------
Command line: `/usr/local/lib/android/sdk/ndk/29.0.14206865/toolchains/llvm/prebuilt/linux-x86_64/bin/aarch64-linux-android26-clang /tmp/tmp.UgJ7zjghg8/glib/_build-arm64-v8a/meson-private/tmpe7b_fse7/testfile.c -o /tmp/tmp.UgJ7zjghg8/glib/_build-arm64-v8a/meson-private/tmpe7b_fse7/output.obj -c -D_FILE_OFFSET_BITS=64 -O0 -U_FORTIFY_SOURCE -Werror=implicit-function-declaration -Werror=unknown-warning-option -Werror=unused-command-line-argument -Werror=ignored-optimization-argument -std=gnu11` -> 0
Running compile:
Working directory:  /tmp/tmp.UgJ7zjghg8/glib/_build-arm64-v8a/meson-private/tmpuqn7g9lq
Code:

        #include <stddef.h>
        int main(void) { static int a[1-2*!(sizeof(void*) > 3)]; a[0]=0; return 0; }
-----------
Command line: `/usr/local/lib/android/sdk/ndk/29.0.14206865/toolchains/llvm/prebuilt/linux-x86_64/bin/aarch64-linux-android26-clang /tmp/tmp.UgJ7zjghg8/glib/_build-arm64-v8a/meson-private/tmpuqn7g9lq/testfile.c -o /tmp/tmp.UgJ7zjghg8/glib/_build-arm64-v8a/meson-private/tmpuqn7g9lq/output.obj -c -D_FILE_OFFSET_BITS=64 -O0 -U_FORTIFY_SOURCE -Werror=implicit-function-declaration -Werror=unknown-warning-option -Werror=unused-command-line-argument -Werror=ignored-optimization-argument -std=gnu11` -> 0
Running compile:
Working directory:  /tmp/tmp.UgJ7zjghg8/glib/_build-arm64-v8a/meson-private/tmpefm2xu1v
Code:

        #include <stddef.h>
        int main(void) { static int a[1-2*!(sizeof(void*) > 7)]; a[0]=0; return 0; }
-----------
Command line: `/usr/local/lib/android/sdk/ndk/29.0.14206865/toolchains/llvm/prebuilt/linux-x86_64/bin/aarch64-linux-android26-clang /tmp/tmp.UgJ7zjghg8/glib/_build-arm64-v8a/meson-private/tmpefm2xu1v/testfile.c -o /tmp/tmp.UgJ7zjghg8/glib/_build-arm64-v8a/meson-private/tmpefm2xu1v/output.obj -c -D_FILE_OFFSET_BITS=64 -O0 -U_FORTIFY_SOURCE -Werror=implicit-function-declaration -Werror=unknown-warning-option -Werror=unused-command-line-argument -Werror=ignored-optimization-argument -std=gnu11` -> 0
Running compile:
Working directory:  /tmp/tmp.UgJ7zjghg8/glib/_build-arm64-v8a/meson-private/tmpmket73v0
Code:

        #include <stddef.h>
        int main(void) { static int a[1-2*!(sizeof(void*) > 15)]; a[0]=0; return 0; }
-----------
Command line: `/usr/local/lib/android/sdk/ndk/29.0.14206865/toolchains/llvm/prebuilt/linux-x86_64/bin/aarch64-linux-android26-clang /tmp/tmp.UgJ7zjghg8/glib/_build-arm64-v8a/meson-private/tmpmket73v0/testfile.c -o /tmp/tmp.UgJ7zjghg8/glib/_build-arm64-v8a/meson-private/tmpmket73v0/output.obj -c -D_FILE_OFFSET_BITS=64 -O0 -U_FORTIFY_SOURCE -Werror=implicit-function-declaration -Werror=unknown-warning-option -Werror=unused-command-line-argument -Werror=ignored-optimization-argument -std=gnu11` -> 1
stderr:
/tmp/tmp.UgJ7zjghg8/glib/_build-arm64-v8a/meson-private/tmpmket73v0/testfile.c:3:39: error: 'a' declared as an array with a negative size
    3 |         int main(void) { static int a[1-2*!(sizeof(void*) > 15)]; a[0]=0; return 0; }
      |                                       ^~~~~~~~~~~~~~~~~~~~~~~~~
1 error generated.
-----------
Running compile:
Working directory:  /tmp/tmp.UgJ7zjghg8/glib/_build-arm64-v8a/meson-private/tmpltuttuk8
Code:

        #include <stddef.h>
        int main(void) { static int a[1-2*!(sizeof(void*) <= 11)]; a[0]=0; return 0; }
-----------
Command line: `/usr/local/lib/android/sdk/ndk/29.0.14206865/toolchains/llvm/prebuilt/linux-x86_64/bin/aarch64-linux-android26-clang /tmp/tmp.UgJ7zjghg8/glib/_build-arm64-v8a/meson-private/tmpltuttuk8/testfile.c -o /tmp/tmp.UgJ7zjghg8/glib/_build-arm64-v8a/meson-private/tmpltuttuk8/output.obj -c -D_FILE_OFFSET_BITS=64 -O0 -U_FORTIFY_SOURCE -Werror=implicit-function-declaration -Werror=unknown-warning-option -Werror=unused-command-line-argument -Werror=ignored-optimization-argument -std=gnu11` -> 0
Running compile:
Working directory:  /tmp/tmp.UgJ7zjghg8/glib/_build-arm64-v8a/meson-private/tmputu8dutk
Code:

        #include <stddef.h>
        int main(void) { static int a[1-2*!(sizeof(void*) <= 9)]; a[0]=0; return 0; }
-----------
Command line: `/usr/local/lib/android/sdk/ndk/29.0.14206865/toolchains/llvm/prebuilt/linux-x86_64/bin/aarch64-linux-android26-clang /tmp/tmp.UgJ7zjghg8/glib/_build-arm64-v8a/meson-private/tmputu8dutk/testfile.c -o /tmp/tmp.UgJ7zjghg8/glib/_build-arm64-v8a/meson-private/tmputu8dutk/output.obj -c -D_FILE_OFFSET_BITS=64 -O0 -U_FORTIFY_SOURCE -Werror=implicit-function-declaration -Werror=unknown-warning-option -Werror=unused-command-line-argument -Werror=ignored-optimization-argument -std=gnu11` -> 0
Running compile:
Working directory:  /tmp/tmp.UgJ7zjghg8/glib/_build-arm64-v8a/meson-private/tmpeo1nz274
Code:

        #include <stddef.h>
        int main(void) { static int a[1-2*!(sizeof(void*) <= 8)]; a[0]=0; return 0; }
-----------
Command line: `/usr/local/lib/android/sdk/ndk/29.0.14206865/toolchains/llvm/prebuilt/linux-x86_64/bin/aarch64-linux-android26-clang /tmp/tmp.UgJ7zjghg8/glib/_build-arm64-v8a/meson-private/tmpeo1nz274/testfile.c -o /tmp/tmp.UgJ7zjghg8/glib/_build-arm64-v8a/meson-private/tmpeo1nz274/output.obj -c -D_FILE_OFFSET_BITS=64 -O0 -U_FORTIFY_SOURCE -Werror=implicit-function-declaration -Werror=unknown-warning-option -Werror=unused-command-line-argument -Werror=ignored-optimization-argument -std=gnu11` -> 0
Checking for size of "void*" : 8 
Running compile:
Working directory:  /tmp/tmp.UgJ7zjghg8/glib/_build-arm64-v8a/meson-private/tmpdrdcdzj3
Code:

        #include <stddef.h>
        int main(void) {
            long something;
            return 0;
        }
-----------
Command line: `/usr/local/lib/android/sdk/ndk/29.0.14206865/toolchains/llvm/prebuilt/linux-x86_64/bin/aarch64-linux-android26-clang /tmp/tmp.UgJ7zjghg8/glib/_build-arm64-v8a/meson-private/tmpdrdcdzj3/testfile.c -o /tmp/tmp.UgJ7zjghg8/glib/_build-arm64-v8a/meson-private/tmpdrdcdzj3/output.obj -c -D_FILE_OFFSET_BITS=64 -O0 -U_FORTIFY_SOURCE -Werror=implicit-function-declaration -Werror=unknown-warning-option -Werror=unused-command-line-argument -Werror=ignored-optimization-argument -std=gnu11` -> 0
Running compile:
Working directory:  /tmp/tmprzuae1jk
Code:

        
        #ifndef sizeof(long)
        # define sizeof(long) "MESON_GET_DEFINE_UNDEFINED_SENTINEL"
        #endif
        "MESON_GET_DEFINE_DELIMITER_START"
sizeof(long)
"MESON_GET_DEFINE_DELIMITER_END"
-----------
Command line: `/usr/local/lib/android/sdk/ndk/29.0.14206865/toolchains/llvm/prebuilt/linux-x86_64/bin/aarch64-linux-android26-clang /tmp/tmprzuae1jk/testfile.c -E -P -D_FILE_OFFSET_BITS=64 -P -O0 -U_FORTIFY_SOURCE -Werror=implicit-function-declaration -std=gnu11` -> 0
stdout:
"MESON_GET_DEFINE_DELIMITER_START"
"MESON_GET_DEFINE_UNDEFINED_SENTINEL"
"MESON_GET_DEFINE_DELIMITER_END"
-----------
stderr:
/tmp/tmprzuae1jk/testfile.c:3:23: warning: extra tokens at end of #ifndef directive [-Wextra-tokens]
    3 |         #ifndef sizeof(long)
      |                       ^
      |                       //
1 warning generated.
-----------
Running compile:
Working directory:  /tmp/tmp.UgJ7zjghg8/glib/_build-arm64-v8a/meson-private/tmpbq4_mrb0
Code:

                #include <stdio.h>
                #include <stdint.h>
                int main(void) { int expression = None; printf("%d", expression); return 0; }
-----------
Command line: `cc /tmp/tmp.UgJ7zjghg8/glib/_build-arm64-v8a/meson-private/tmpbq4_mrb0/testfile.c -o /tmp/tmp.UgJ7zjghg8/glib/_build-arm64-v8a/meson-private/tmpbq4_mrb0/output.exe -D_FILE_OFFSET_BITS=64 -O0 -U_FORTIFY_SOURCE` -> 1
stderr:
/tmp/tmp.UgJ7zjghg8/glib/_build-arm64-v8a/meson-private/tmpbq4_mrb0/testfile.c: In function 'main':
/tmp/tmp.UgJ7zjghg8/glib/_build-arm64-v8a/meson-private/tmpbq4_mrb0/testfile.c:4:51: error: 'None' undeclared (first use in this function)
    4 |                 int main(void) { int expression = None; printf("%d", expression); return 0; }
      |                                                   ^~~~
/tmp/tmp.UgJ7zjghg8/glib/_build-arm64-v8a/meson-private/tmpbq4_mrb0/testfile.c:4:51: note: each undeclared identifier is reported only once for each function it appears in
-----------
Could not compile test file /tmp/tmp.UgJ7zjghg8/glib/_build-arm64-v8a/meson-private/tmpbq4_mrb0/testfile.c: 1

Running compile:
Working directory:  /tmp/tmp.UgJ7zjghg8/glib/_build-arm64-v8a/meson-private/tmp2_epothj
Code:

        #include <stddef.h>
        int main(void) { static int a[1-2*!(sizeof(long) >= 0)]; a[0]=0; return 0; }
-----------
Command line: `/usr/local/lib/android/sdk/ndk/29.0.14206865/toolchains/llvm/prebuilt/linux-x86_64/bin/aarch64-linux-android26-clang /tmp/tmp.UgJ7zjghg8/glib/_build-arm64-v8a/meson-private/tmp2_epothj/testfile.c -o /tmp/tmp.UgJ7zjghg8/glib/_build-arm64-v8a/meson-private/tmp2_epothj/output.obj -c -D_FILE_OFFSET_BITS=64 -O0 -U_FORTIFY_SOURCE -Werror=implicit-function-declaration -Werror=unknown-warning-option -Werror=unused-command-line-argument -Werror=ignored-optimization-argument -std=gnu11` -> 0
Running compile:
Working directory:  /tmp/tmp.UgJ7zjghg8/glib/_build-arm64-v8a/meson-private/tmpuyw4oag2
Code:

        #include <stddef.h>
        int main(void) { static int a[1-2*!(sizeof(long) > 0)]; a[0]=0; return 0; }
-----------
Command line: `/usr/local/lib/android/sdk/ndk/29.0.14206865/toolchains/llvm/prebuilt/linux-x86_64/bin/aarch64-linux-android26-clang /tmp/tmp.UgJ7zjghg8/glib/_build-arm64-v8a/meson-private/tmpuyw4oag2/testfile.c -o /tmp/tmp.UgJ7zjghg8/glib/_build-arm64-v8a/meson-private/tmpuyw4oag2/output.obj -c -D_FILE_OFFSET_BITS=64 -O0 -U_FORTIFY_SOURCE -Werror=implicit-function-declaration -Werror=unknown-warning-option -Werror=unused-command-line-argument -Werror=ignored-optimization-argument -std=gnu11` -> 0
Running compile:
Working directory:  /tmp/tmp.UgJ7zjghg8/glib/_build-arm64-v8a/meson-private/tmps1vabo29
Code:

        #include <stddef.h>
        int main(void) { static int a[1-2*!(sizeof(long) > 1)]; a[0]=0; return 0; }
-----------
Command line: `/usr/local/lib/android/sdk/ndk/29.0.14206865/toolchains/llvm/prebuilt/linux-x86_64/bin/aarch64-linux-android26-clang /tmp/tmp.UgJ7zjghg8/glib/_build-arm64-v8a/meson-private/tmps1vabo29/testfile.c -o /tmp/tmp.UgJ7zjghg8/glib/_build-arm64-v8a/meson-private/tmps1vabo29/output.obj -c -D_FILE_OFFSET_BITS=64 -O0 -U_FORTIFY_SOURCE -Werror=implicit-function-declaration -Werror=unknown-warning-option -Werror=unused-command-line-argument -Werror=ignored-optimization-argument -std=gnu11` -> 0
Running compile:
Working directory:  /tmp/tmp.UgJ7zjghg8/glib/_build-arm64-v8a/meson-private/tmpregx_glg
Code:

        #include <stddef.h>
        int main(void) { static int a[1-2*!(sizeof(long) > 3)]; a[0]=0; return 0; }
-----------
Command line: `/usr/local/lib/android/sdk/ndk/29.0.14206865/toolchains/llvm/prebuilt/linux-x86_64/bin/aarch64-linux-android26-clang /tmp/tmp.UgJ7zjghg8/glib/_build-arm64-v8a/meson-private/tmpregx_glg/testfile.c -o /tmp/tmp.UgJ7zjghg8/glib/_build-arm64-v8a/meson-private/tmpregx_glg/output.obj -c -D_FILE_OFFSET_BITS=64 -O0 -U_FORTIFY_SOURCE -Werror=implicit-function-declaration -Werror=unknown-warning-option -Werror=unused-command-line-argument -Werror=ignored-optimization-argument -std=gnu11` -> 0
Running compile:
Working directory:  /tmp/tmp.UgJ7zjghg8/glib/_build-arm64-v8a/meson-private/tmpco6y73bf
Code:

        #include <stddef.h>
        int main(void) { static int a[1-2*!(sizeof(long) > 7)]; a[0]=0; return 0; }
-----------
Command line: `/usr/local/lib/android/sdk/ndk/29.0.14206865/toolchains/llvm/prebuilt/linux-x86_64/bin/aarch64-linux-android26-clang /tmp/tmp.UgJ7zjghg8/glib/_build-arm64-v8a/meson-private/tmpco6y73bf/testfile.c -o /tmp/tmp.UgJ7zjghg8/glib/_build-arm64-v8a/meson-private/tmpco6y73bf/output.obj -c -D_FILE_OFFSET_BITS=64 -O0 -U_FORTIFY_SOURCE -Werror=implicit-function-declaration -Werror=unknown-warning-option -Werror=unused-command-line-argument -Werror=ignored-optimization-argument -std=gnu11` -> 0
Running compile:
Working directory:  /tmp/tmp.UgJ7zjghg8/glib/_build-arm64-v8a/meson-private/tmptul5uqtz
Code:

        #include <stddef.h>
        int main(void) { static int a[1-2*!(sizeof(long) > 15)]; a[0]=0; return 0; }
-----------
Command line: `/usr/local/lib/android/sdk/ndk/29.0.14206865/toolchains/llvm/prebuilt/linux-x86_64/bin/aarch64-linux-android26-clang /tmp/tmp.UgJ7zjghg8/glib/_build-arm64-v8a/meson-private/tmptul5uqtz/testfile.c -o /tmp/tmp.UgJ7zjghg8/glib/_build-arm64-v8a/meson-private/tmptul5uqtz/output.obj -c -D_FILE_OFFSET_BITS=64 -O0 -U_FORTIFY_SOURCE -Werror=implicit-function-declaration -Werror=unknown-warning-option -Werror=unused-command-line-argument -Werror=ignored-optimization-argument -std=gnu11` -> 1
stderr:
/tmp/tmp.UgJ7zjghg8/glib/_build-arm64-v8a/meson-private/tmptul5uqtz/testfile.c:3:39: error: 'a' declared as an array with a negative size
    3 |         int main(void) { static int a[1-2*!(sizeof(long) > 15)]; a[0]=0; return 0; }
      |                                       ^~~~~~~~~~~~~~~~~~~~~~~~
1 error generated.
-----------
Running compile:
Working directory:  /tmp/tmp.UgJ7zjghg8/glib/_build-arm64-v8a/meson-private/tmp3dxl5xz5
Code:

        #include <stddef.h>
        int main(void) { static int a[1-2*!(sizeof(long) <= 11)]; a[0]=0; return 0; }
-----------
Command line: `/usr/local/lib/android/sdk/ndk/29.0.14206865/toolchains/llvm/prebuilt/linux-x86_64/bin/aarch64-linux-android26-clang /tmp/tmp.UgJ7zjghg8/glib/_build-arm64-v8a/meson-private/tmp3dxl5xz5/testfile.c -o /tmp/tmp.UgJ7zjghg8/glib/_build-arm64-v8a/meson-private/tmp3dxl5xz5/output.obj -c -D_FILE_OFFSET_BITS=64 -O0 -U_FORTIFY_SOURCE -Werror=implicit-function-declaration -Werror=unknown-warning-option -Werror=unused-command-line-argument -Werror=ignored-optimization-argument -std=gnu11` -> 0
Running compile:
Working directory:  /tmp/tmp.UgJ7zjghg8/glib/_build-arm64-v8a/meson-private/tmph82hqycv
Code:

        #include <stddef.h>
        int main(void) { static int a[1-2*!(sizeof(long) <= 9)]; a[0]=0; return 0; }
-----------
Command line: `/usr/local/lib/android/sdk/ndk/29.0.14206865/toolchains/llvm/prebuilt/linux-x86_64/bin/aarch64-linux-android26-clang /tmp/tmp.UgJ7zjghg8/glib/_build-arm64-v8a/meson-private/tmph82hqycv/testfile.c -o /tmp/tmp.UgJ7zjghg8/glib/_build-arm64-v8a/meson-private/tmph82hqycv/output.obj -c -D_FILE_OFFSET_BITS=64 -O0 -U_FORTIFY_SOURCE -Werror=implicit-function-declaration -Werror=unknown-warning-option -Werror=unused-command-line-argument -Werror=ignored-optimization-argument -std=gnu11` -> 0
Running compile:
Working directory:  /tmp/tmp.UgJ7zjghg8/glib/_build-arm64-v8a/meson-private/tmp7ippcz_1
Code:

        #include <stddef.h>
        int main(void) { static int a[1-2*!(sizeof(long) <= 8)]; a[0]=0; return 0; }
-----------
Command line: `/usr/local/lib/android/sdk/ndk/29.0.14206865/toolchains/llvm/prebuilt/linux-x86_64/bin/aarch64-linux-android26-clang /tmp/tmp.UgJ7zjghg8/glib/_build-arm64-v8a/meson-private/tmp7ippcz_1/testfile.c -o /tmp/tmp.UgJ7zjghg8/glib/_build-arm64-v8a/meson-private/tmp7ippcz_1/output.obj -c -D_FILE_OFFSET_BITS=64 -O0 -U_FORTIFY_SOURCE -Werror=implicit-function-declaration -Werror=unknown-warning-option -Werror=unused-command-line-argument -Werror=ignored-optimization-argument -std=gnu11` -> 0
Checking for size of "long" : 8 
Running compile:
Working directory:  /tmp/tmp.UgJ7zjghg8/glib/_build-arm64-v8a/meson-private/tmp6a0zg__s
Code:

        #include <stddef.h>
        int main(void) {
            long long something;
            return 0;
        }
-----------
Command line: `/usr/local/lib/android/sdk/ndk/29.0.14206865/toolchains/llvm/prebuilt/linux-x86_64/bin/aarch64-linux-android26-clang /tmp/tmp.UgJ7zjghg8/glib/_build-arm64-v8a/meson-private/tmp6a0zg__s/testfile.c -o /tmp/tmp.UgJ7zjghg8/glib/_build-arm64-v8a/meson-private/tmp6a0zg__s/output.obj -c -D_FILE_OFFSET_BITS=64 -O0 -U_FORTIFY_SOURCE -Werror=implicit-function-declaration -Werror=unknown-warning-option -Werror=unused-command-line-argument -Werror=ignored-optimization-argument -std=gnu11` -> 0
Running compile:
Working directory:  /tmp/tmpqq7b7nt2
Code:

        
        #ifndef sizeof(long long)
        # define sizeof(long long) "MESON_GET_DEFINE_UNDEFINED_SENTINEL"
        #endif
        "MESON_GET_DEFINE_DELIMITER_START"
sizeof(long long)
"MESON_GET_DEFINE_DELIMITER_END"
-----------
Command line: `/usr/local/lib/android/sdk/ndk/29.0.14206865/toolchains/llvm/prebuilt/linux-x86_64/bin/aarch64-linux-android26-clang /tmp/tmpqq7b7nt2/testfile.c -E -P -D_FILE_OFFSET_BITS=64 -P -O0 -U_FORTIFY_SOURCE -Werror=implicit-function-declaration -std=gnu11` -> 1
stdout:
"MESON_GET_DEFINE_DELIMITER_START"
sizeof(long long)
"MESON_GET_DEFINE_DELIMITER_END"
-----------
stderr:
/tmp/tmpqq7b7nt2/testfile.c:3:23: warning: extra tokens at end of #ifndef directive [-Wextra-tokens]
    3 |         #ifndef sizeof(long long)
      |                       ^
      |                       //
/tmp/tmpqq7b7nt2/testfile.c:4:30: error: expected comma in macro parameter list
    4 |         # define sizeof(long long) "MESON_GET_DEFINE_UNDEFINED_SENTINEL"
      |                              ^
1 warning and 1 error generated.
-----------
Running compile:
Working directory:  /tmp/tmp.UgJ7zjghg8/glib/_build-arm64-v8a/meson-private/tmp89xnousm
Code:

        #include <stddef.h>
        int main(void) { static int a[1-2*!(sizeof(long long) >= 0)]; a[0]=0; return 0; }
-----------
Command line: `/usr/local/lib/android/sdk/ndk/29.0.14206865/toolchains/llvm/prebuilt/linux-x86_64/bin/aarch64-linux-android26-clang /tmp/tmp.UgJ7zjghg8/glib/_build-arm64-v8a/meson-private/tmp89xnousm/testfile.c -o /tmp/tmp.UgJ7zjghg8/glib/_build-arm64-v8a/meson-private/tmp89xnousm/output.obj -c -D_FILE_OFFSET_BITS=64 -O0 -U_FORTIFY_SOURCE -Werror=implicit-function-declaration -Werror=unknown-warning-option -Werror=unused-command-line-argument -Werror=ignored-optimization-argument -std=gnu11` -> 0
Running compile:
Working directory:  /tmp/tmp.UgJ7zjghg8/glib/_build-arm64-v8a/meson-private/tmp_hbq7zrb
Code:

        #include <stddef.h>
        int main(void) { static int a[1-2*!(sizeof(long long) > 0)]; a[0]=0; return 0; }
-----------
Command line: `/usr/local/lib/android/sdk/ndk/29.0.14206865/toolchains/llvm/prebuilt/linux-x86_64/bin/aarch64-linux-android26-clang /tmp/tmp.UgJ7zjghg8/glib/_build-arm64-v8a/meson-private/tmp_hbq7zrb/testfile.c -o /tmp/tmp.UgJ7zjghg8/glib/_build-arm64-v8a/meson-private/tmp_hbq7zrb/output.obj -c -D_FILE_OFFSET_BITS=64 -O0 -U_FORTIFY_SOURCE -Werror=implicit-function-declaration -Werror=unknown-warning-option -Werror=unused-command-line-argument -Werror=ignored-optimization-argument -std=gnu11` -> 0
Running compile:
Working directory:  /tmp/tmp.UgJ7zjghg8/glib/_build-arm64-v8a/meson-private/tmpv7prljfl
Code:

        #include <stddef.h>
        int main(void) { static int a[1-2*!(sizeof(long long) > 1)]; a[0]=0; return 0; }
-----------
Command line: `/usr/local/lib/android/sdk/ndk/29.0.14206865/toolchains/llvm/prebuilt/linux-x86_64/bin/aarch64-linux-android26-clang /tmp/tmp.UgJ7zjghg8/glib/_build-arm64-v8a/meson-private/tmpv7prljfl/testfile.c -o /tmp/tmp.UgJ7zjghg8/glib/_build-arm64-v8a/meson-private/tmpv7prljfl/output.obj -c -D_FILE_OFFSET_BITS=64 -O0 -U_FORTIFY_SOURCE -Werror=implicit-function-declaration -Werror=unknown-warning-option -Werror=unused-command-line-argument -Werror=ignored-optimization-argument -std=gnu11` -> 0
Running compile:
Working directory:  /tmp/tmp.UgJ7zjghg8/glib/_build-arm64-v8a/meson-private/tmpnialkbtd
Code:

        #include <stddef.h>
        int main(void) { static int a[1-2*!(sizeof(long long) > 3)]; a[0]=0; return 0; }
-----------
Command line: `/usr/local/lib/android/sdk/ndk/29.0.14206865/toolchains/llvm/prebuilt/linux-x86_64/bin/aarch64-linux-android26-clang /tmp/tmp.UgJ7zjghg8/glib/_build-arm64-v8a/meson-private/tmpnialkbtd/testfile.c -o /tmp/tmp.UgJ7zjghg8/glib/_build-arm64-v8a/meson-private/tmpnialkbtd/output.obj -c -D_FILE_OFFSET_BITS=64 -O0 -U_FORTIFY_SOURCE -Werror=implicit-function-declaration -Werror=unknown-warning-option -Werror=unused-command-line-argument -Werror=ignored-optimization-argument -std=gnu11` -> 0
Running compile:
Working directory:  /tmp/tmp.UgJ7zjghg8/glib/_build-arm64-v8a/meson-private/tmpylu6u7zb
Code:

        #include <stddef.h>
        int main(void) { static int a[1-2*!(sizeof(long long) > 7)]; a[0]=0; return 0; }
-----------
Command line: `/usr/local/lib/android/sdk/ndk/29.0.14206865/toolchains/llvm/prebuilt/linux-x86_64/bin/aarch64-linux-android26-clang /tmp/tmp.UgJ7zjghg8/glib/_build-arm64-v8a/meson-private/tmpylu6u7zb/testfile.c -o /tmp/tmp.UgJ7zjghg8/glib/_build-arm64-v8a/meson-private/tmpylu6u7zb/output.obj -c -D_FILE_OFFSET_BITS=64 -O0 -U_FORTIFY_SOURCE -Werror=implicit-function-declaration -Werror=unknown-warning-option -Werror=unused-command-line-argument -Werror=ignored-optimization-argument -std=gnu11` -> 0
Running compile:
Working directory:  /tmp/tmp.UgJ7zjghg8/glib/_build-arm64-v8a/meson-private/tmp3z3cacvb
Code:

        #include <stddef.h>
        int main(void) { static int a[1-2*!(sizeof(long long) > 15)]; a[0]=0; return 0; }
-----------
Command line: `/usr/local/lib/android/sdk/ndk/29.0.14206865/toolchains/llvm/prebuilt/linux-x86_64/bin/aarch64-linux-android26-clang /tmp/tmp.UgJ7zjghg8/glib/_build-arm64-v8a/meson-private/tmp3z3cacvb/testfile.c -o /tmp/tmp.UgJ7zjghg8/glib/_build-arm64-v8a/meson-private/tmp3z3cacvb/output.obj -c -D_FILE_OFFSET_BITS=64 -O0 -U_FORTIFY_SOURCE -Werror=implicit-function-declaration -Werror=unknown-warning-option -Werror=unused-command-line-argument -Werror=ignored-optimization-argument -std=gnu11` -> 1
stderr:
/tmp/tmp.UgJ7zjghg8/glib/_build-arm64-v8a/meson-private/tmp3z3cacvb/testfile.c:3:39: error: 'a' declared as an array with a negative size
    3 |         int main(void) { static int a[1-2*!(sizeof(long long) > 15)]; a[0]=0; return 0; }
      |                                       ^~~~~~~~~~~~~~~~~~~~~~~~~~~~~
1 error generated.
-----------
Running compile:
Working directory:  /tmp/tmp.UgJ7zjghg8/glib/_build-arm64-v8a/meson-private/tmp5kqho_xj
Code:

        #include <stddef.h>
        int main(void) { static int a[1-2*!(sizeof(long long) <= 11)]; a[0]=0; return 0; }
-----------
Command line: `/usr/local/lib/android/sdk/ndk/29.0.14206865/toolchains/llvm/prebuilt/linux-x86_64/bin/aarch64-linux-android26-clang /tmp/tmp.UgJ7zjghg8/glib/_build-arm64-v8a/meson-private/tmp5kqho_xj/testfile.c -o /tmp/tmp.UgJ7zjghg8/glib/_build-arm64-v8a/meson-private/tmp5kqho_xj/output.obj -c -D_FILE_OFFSET_BITS=64 -O0 -U_FORTIFY_SOURCE -Werror=implicit-function-declaration -Werror=unknown-warning-option -Werror=unused-command-line-argument -Werror=ignored-optimization-argument -std=gnu11` -> 0
Running compile:
Working directory:  /tmp/tmp.UgJ7zjghg8/glib/_build-arm64-v8a/meson-private/tmph96oll4j
Code:

        #include <stddef.h>
        int main(void) { static int a[1-2*!(sizeof(long long) <= 9)]; a[0]=0; return 0; }
-----------
Command line: `/usr/local/lib/android/sdk/ndk/29.0.14206865/toolchains/llvm/prebuilt/linux-x86_64/bin/aarch64-linux-android26-clang /tmp/tmp.UgJ7zjghg8/glib/_build-arm64-v8a/meson-private/tmph96oll4j/testfile.c -o /tmp/tmp.UgJ7zjghg8/glib/_build-arm64-v8a/meson-private/tmph96oll4j/output.obj -c -D_FILE_OFFSET_BITS=64 -O0 -U_FORTIFY_SOURCE -Werror=implicit-function-declaration -Werror=unknown-warning-option -Werror=unused-command-line-argument -Werror=ignored-optimization-argument -std=gnu11` -> 0
Running compile:
Working directory:  /tmp/tmp.UgJ7zjghg8/glib/_build-arm64-v8a/meson-private/tmpumrbrc74
Code:

        #include <stddef.h>
        int main(void) { static int a[1-2*!(sizeof(long long) <= 8)]; a[0]=0; return 0; }
-----------
Command line: `/usr/local/lib/android/sdk/ndk/29.0.14206865/toolchains/llvm/prebuilt/linux-x86_64/bin/aarch64-linux-android26-clang /tmp/tmp.UgJ7zjghg8/glib/_build-arm64-v8a/meson-private/tmpumrbrc74/testfile.c -o /tmp/tmp.UgJ7zjghg8/glib/_build-arm64-v8a/meson-private/tmpumrbrc74/output.obj -c -D_FILE_OFFSET_BITS=64 -O0 -U_FORTIFY_SOURCE -Werror=implicit-function-declaration -Werror=unknown-warning-option -Werror=unused-command-line-argument -Werror=ignored-optimization-argument -std=gnu11` -> 0
Checking for size of "long long" : 8 
Running compile:
Working directory:  /tmp/tmp.UgJ7zjghg8/glib/_build-arm64-v8a/meson-private/tmpdcrgaoum
Code:

        #include <stddef.h>
        int main(void) {
            size_t something;
            return 0;
        }
-----------
Command line: `/usr/local/lib/android/sdk/ndk/29.0.14206865/toolchains/llvm/prebuilt/linux-x86_64/bin/aarch64-linux-android26-clang /tmp/tmp.UgJ7zjghg8/glib/_build-arm64-v8a/meson-private/tmpdcrgaoum/testfile.c -o /tmp/tmp.UgJ7zjghg8/glib/_build-arm64-v8a/meson-private/tmpdcrgaoum/output.obj -c -D_FILE_OFFSET_BITS=64 -O0 -U_FORTIFY_SOURCE -Werror=implicit-function-declaration -Werror=unknown-warning-option -Werror=unused-command-line-argument -Werror=ignored-optimization-argument -std=gnu11` -> 0
Running compile:
Working directory:  /tmp/tmprw8f71oc
Code:

        
        #ifndef sizeof(size_t)
        # define sizeof(size_t) "MESON_GET_DEFINE_UNDEFINED_SENTINEL"
        #endif
        "MESON_GET_DEFINE_DELIMITER_START"
sizeof(size_t)
"MESON_GET_DEFINE_DELIMITER_END"
-----------
Command line: `/usr/local/lib/android/sdk/ndk/29.0.14206865/toolchains/llvm/prebuilt/linux-x86_64/bin/aarch64-linux-android26-clang /tmp/tmprw8f71oc/testfile.c -E -P -D_FILE_OFFSET_BITS=64 -P -O0 -U_FORTIFY_SOURCE -Werror=implicit-function-declaration -std=gnu11` -> 0
stdout:
"MESON_GET_DEFINE_DELIMITER_START"
"MESON_GET_DEFINE_UNDEFINED_SENTINEL"
"MESON_GET_DEFINE_DELIMITER_END"
-----------
stderr:
/tmp/tmprw8f71oc/testfile.c:3:23: warning: extra tokens at end of #ifndef directive [-Wextra-tokens]
    3 |         #ifndef sizeof(size_t)
      |                       ^
      |                       //
1 warning generated.
-----------
Running compile:
Working directory:  /tmp/tmp.UgJ7zjghg8/glib/_build-arm64-v8a/meson-private/tmpy5b1vt4n
Code:

                #include <stdio.h>
                #include <stdint.h>
                int main(void) { int expression = None; printf("%d", expression); return 0; }
-----------
Command line: `cc /tmp/tmp.UgJ7zjghg8/glib/_build-arm64-v8a/meson-private/tmpy5b1vt4n/testfile.c -o /tmp/tmp.UgJ7zjghg8/glib/_build-arm64-v8a/meson-private/tmpy5b1vt4n/output.exe -D_FILE_OFFSET_BITS=64 -O0 -U_FORTIFY_SOURCE` -> 1
stderr:
/tmp/tmp.UgJ7zjghg8/glib/_build-arm64-v8a/meson-private/tmpy5b1vt4n/testfile.c: In function 'main':
/tmp/tmp.UgJ7zjghg8/glib/_build-arm64-v8a/meson-private/tmpy5b1vt4n/testfile.c:4:51: error: 'None' undeclared (first use in this function)
    4 |                 int main(void) { int expression = None; printf("%d", expression); return 0; }
      |                                                   ^~~~
/tmp/tmp.UgJ7zjghg8/glib/_build-arm64-v8a/meson-private/tmpy5b1vt4n/testfile.c:4:51: note: each undeclared identifier is reported only once for each function it appears in
-----------
Could not compile test file /tmp/tmp.UgJ7zjghg8/glib/_build-arm64-v8a/meson-private/tmpy5b1vt4n/testfile.c: 1

Running compile:
Working directory:  /tmp/tmp.UgJ7zjghg8/glib/_build-arm64-v8a/meson-private/tmpr47xg4k1
Code:

        #include <stddef.h>
        int main(void) { static int a[1-2*!(sizeof(size_t) >= 0)]; a[0]=0; return 0; }
-----------
Command line: `/usr/local/lib/android/sdk/ndk/29.0.14206865/toolchains/llvm/prebuilt/linux-x86_64/bin/aarch64-linux-android26-clang /tmp/tmp.UgJ7zjghg8/glib/_build-arm64-v8a/meson-private/tmpr47xg4k1/testfile.c -o /tmp/tmp.UgJ7zjghg8/glib/_build-arm64-v8a/meson-private/tmpr47xg4k1/output.obj -c -D_FILE_OFFSET_BITS=64 -O0 -U_FORTIFY_SOURCE -Werror=implicit-function-declaration -Werror=unknown-warning-option -Werror=unused-command-line-argument -Werror=ignored-optimization-argument -std=gnu11` -> 0
Running compile:
Working directory:  /tmp/tmp.UgJ7zjghg8/glib/_build-arm64-v8a/meson-private/tmpkntk63vi
Code:

        #include <stddef.h>
        int main(void) { static int a[1-2*!(sizeof(size_t) > 0)]; a[0]=0; return 0; }
-----------
Command line: `/usr/local/lib/android/sdk/ndk/29.0.14206865/toolchains/llvm/prebuilt/linux-x86_64/bin/aarch64-linux-android26-clang /tmp/tmp.UgJ7zjghg8/glib/_build-arm64-v8a/meson-private/tmpkntk63vi/testfile.c -o /tmp/tmp.UgJ7zjghg8/glib/_build-arm64-v8a/meson-private/tmpkntk63vi/output.obj -c -D_FILE_OFFSET_BITS=64 -O0 -U_FORTIFY_SOURCE -Werror=implicit-function-declaration -Werror=unknown-warning-option -Werror=unused-command-line-argument -Werror=ignored-optimization-argument -std=gnu11` -> 0
Running compile:
Working directory:  /tmp/tmp.UgJ7zjghg8/glib/_build-arm64-v8a/meson-private/tmpvh22bo23
Code:

        #include <stddef.h>
        int main(void) { static int a[1-2*!(sizeof(size_t) > 1)]; a[0]=0; return 0; }
-----------
Command line: `/usr/local/lib/android/sdk/ndk/29.0.14206865/toolchains/llvm/prebuilt/linux-x86_64/bin/aarch64-linux-android26-clang /tmp/tmp.UgJ7zjghg8/glib/_build-arm64-v8a/meson-private/tmpvh22bo23/testfile.c -o /tmp/tmp.UgJ7zjghg8/glib/_build-arm64-v8a/meson-private/tmpvh22bo23/output.obj -c -D_FILE_OFFSET_BITS=64 -O0 -U_FORTIFY_SOURCE -Werror=implicit-function-declaration -Werror=unknown-warning-option -Werror=unused-command-line-argument -Werror=ignored-optimization-argument -std=gnu11` -> 0
Running compile:
Working directory:  /tmp/tmp.UgJ7zjghg8/glib/_build-arm64-v8a/meson-private/tmp_hs3h2iw
Code:

        #include <stddef.h>
        int main(void) { static int a[1-2*!(sizeof(size_t) > 3)]; a[0]=0; return 0; }
-----------
Command line: `/usr/local/lib/android/sdk/ndk/29.0.14206865/toolchains/llvm/prebuilt/linux-x86_64/bin/aarch64-linux-android26-clang /tmp/tmp.UgJ7zjghg8/glib/_build-arm64-v8a/meson-private/tmp_hs3h2iw/testfile.c -o /tmp/tmp.UgJ7zjghg8/glib/_build-arm64-v8a/meson-private/tmp_hs3h2iw/output.obj -c -D_FILE_OFFSET_BITS=64 -O0 -U_FORTIFY_SOURCE -Werror=implicit-function-declaration -Werror=unknown-warning-option -Werror=unused-command-line-argument -Werror=ignored-optimization-argument -std=gnu11` -> 0
Running compile:
Working directory:  /tmp/tmp.UgJ7zjghg8/glib/_build-arm64-v8a/meson-private/tmpb3kdo0uq
Code:

        #include <stddef.h>
        int main(void) { static int a[1-2*!(sizeof(size_t) > 7)]; a[0]=0; return 0; }
-----------
Command line: `/usr/local/lib/android/sdk/ndk/29.0.14206865/toolchains/llvm/prebuilt/linux-x86_64/bin/aarch64-linux-android26-clang /tmp/tmp.UgJ7zjghg8/glib/_build-arm64-v8a/meson-private/tmpb3kdo0uq/testfile.c -o /tmp/tmp.UgJ7zjghg8/glib/_build-arm64-v8a/meson-private/tmpb3kdo0uq/output.obj -c -D_FILE_OFFSET_BITS=64 -O0 -U_FORTIFY_SOURCE -Werror=implicit-function-declaration -Werror=unknown-warning-option -Werror=unused-command-line-argument -Werror=ignored-optimization-argument -std=gnu11` -> 0
Running compile:
Working directory:  /tmp/tmp.UgJ7zjghg8/glib/_build-arm64-v8a/meson-private/tmpp8geqqiy
Code:

        #include <stddef.h>
        int main(void) { static int a[1-2*!(sizeof(size_t) > 15)]; a[0]=0; return 0; }
-----------
Command line: `/usr/local/lib/android/sdk/ndk/29.0.14206865/toolchains/llvm/prebuilt/linux-x86_64/bin/aarch64-linux-android26-clang /tmp/tmp.UgJ7zjghg8/glib/_build-arm64-v8a/meson-private/tmpp8geqqiy/testfile.c -o /tmp/tmp.UgJ7zjghg8/glib/_build-arm64-v8a/meson-private/tmpp8geqqiy/output.obj -c -D_FILE_OFFSET_BITS=64 -O0 -U_FORTIFY_SOURCE -Werror=implicit-function-declaration -Werror=unknown-warning-option -Werror=unused-command-line-argument -Werror=ignored-optimization-argument -std=gnu11` -> 1
stderr:
/tmp/tmp.UgJ7zjghg8/glib/_build-arm64-v8a/meson-private/tmpp8geqqiy/testfile.c:3:39: error: 'a' declared as an array with a negative size
    3 |         int main(void) { static int a[1-2*!(sizeof(size_t) > 15)]; a[0]=0; return 0; }
      |                                       ^~~~~~~~~~~~~~~~~~~~~~~~~~
1 error generated.
-----------
Running compile:
Working directory:  /tmp/tmp.UgJ7zjghg8/glib/_build-arm64-v8a/meson-private/tmpdek929wz
Code:

        #include <stddef.h>
        int main(void) { static int a[1-2*!(sizeof(size_t) <= 11)]; a[0]=0; return 0; }
-----------
Command line: `/usr/local/lib/android/sdk/ndk/29.0.14206865/toolchains/llvm/prebuilt/linux-x86_64/bin/aarch64-linux-android26-clang /tmp/tmp.UgJ7zjghg8/glib/_build-arm64-v8a/meson-private/tmpdek929wz/testfile.c -o /tmp/tmp.UgJ7zjghg8/glib/_build-arm64-v8a/meson-private/tmpdek929wz/output.obj -c -D_FILE_OFFSET_BITS=64 -O0 -U_FORTIFY_SOURCE -Werror=implicit-function-declaration -Werror=unknown-warning-option -Werror=unused-command-line-argument -Werror=ignored-optimization-argument -std=gnu11` -> 0
Running compile:
Working directory:  /tmp/tmp.UgJ7zjghg8/glib/_build-arm64-v8a/meson-private/tmp6w77wr5i
Code:

        #include <stddef.h>
        int main(void) { static int a[1-2*!(sizeof(size_t) <= 9)]; a[0]=0; return 0; }
-----------
Command line: `/usr/local/lib/android/sdk/ndk/29.0.14206865/toolchains/llvm/prebuilt/linux-x86_64/bin/aarch64-linux-android26-clang /tmp/tmp.UgJ7zjghg8/glib/_build-arm64-v8a/meson-private/tmp6w77wr5i/testfile.c -o /tmp/tmp.UgJ7zjghg8/glib/_build-arm64-v8a/meson-private/tmp6w77wr5i/output.obj -c -D_FILE_OFFSET_BITS=64 -O0 -U_FORTIFY_SOURCE -Werror=implicit-function-declaration -Werror=unknown-warning-option -Werror=unused-command-line-argument -Werror=ignored-optimization-argument -std=gnu11` -> 0
Running compile:
Working directory:  /tmp/tmp.UgJ7zjghg8/glib/_build-arm64-v8a/meson-private/tmpavtwd1a2
Code:

        #include <stddef.h>
        int main(void) { static int a[1-2*!(sizeof(size_t) <= 8)]; a[0]=0; return 0; }
-----------
Command line: `/usr/local/lib/android/sdk/ndk/29.0.14206865/toolchains/llvm/prebuilt/linux-x86_64/bin/aarch64-linux-android26-clang /tmp/tmp.UgJ7zjghg8/glib/_build-arm64-v8a/meson-private/tmpavtwd1a2/testfile.c -o /tmp/tmp.UgJ7zjghg8/glib/_build-arm64-v8a/meson-private/tmpavtwd1a2/output.obj -c -D_FILE_OFFSET_BITS=64 -O0 -U_FORTIFY_SOURCE -Werror=implicit-function-declaration -Werror=unknown-warning-option -Werror=unused-command-line-argument -Werror=ignored-optimization-argument -std=gnu11` -> 0
Checking for size of "size_t" : 8 
Running compile:
Working directory:  /tmp/tmp.UgJ7zjghg8/glib/_build-arm64-v8a/meson-private/tmppb9dsqaq
Code:
#include <unistd.h>
        #include <stddef.h>
        int main(void) {
            ssize_t something;
            return 0;
        }
-----------
Command line: `/usr/local/lib/android/sdk/ndk/29.0.14206865/toolchains/llvm/prebuilt/linux-x86_64/bin/aarch64-linux-android26-clang /tmp/tmp.UgJ7zjghg8/glib/_build-arm64-v8a/meson-private/tmppb9dsqaq/testfile.c -o /tmp/tmp.UgJ7zjghg8/glib/_build-arm64-v8a/meson-private/tmppb9dsqaq/output.obj -c -D_FILE_OFFSET_BITS=64 -O0 -U_FORTIFY_SOURCE -Werror=implicit-function-declaration -Werror=unknown-warning-option -Werror=unused-command-line-argument -Werror=ignored-optimization-argument -std=gnu11` -> 0
Running compile:
Working directory:  /tmp/tmpfhjtw9pb
Code:

        #include <unistd.h>
        #ifndef sizeof(ssize_t)
        # define sizeof(ssize_t) "MESON_GET_DEFINE_UNDEFINED_SENTINEL"
        #endif
        "MESON_GET_DEFINE_DELIMITER_START"
sizeof(ssize_t)
"MESON_GET_DEFINE_DELIMITER_END"
-----------
Command line: `/usr/local/lib/android/sdk/ndk/29.0.14206865/toolchains/llvm/prebuilt/linux-x86_64/bin/aarch64-linux-android26-clang /tmp/tmpfhjtw9pb/testfile.c -E -P -D_FILE_OFFSET_BITS=64 -P -O0 -U_FORTIFY_SOURCE -Werror=implicit-function-declaration -std=gnu11` -> 0
stdout:
#pragma clang diagnostic push
#pragma clang diagnostic ignored "-Wc23-extensions"
#pragma clang diagnostic pop
int android_get_application_target_sdk_version() __attribute__((__availability__(android,strict,introduced=24 )));
int __system_property_get(const char* _Nonnull __name, char* _Nonnull __value);
int atoi(const char* _Nonnull __s) __attribute__((__pure__));
static __inline__ int android_get_device_api_level() {
  char value[92] = { 0 };
  if (__system_property_get("ro.build.version.sdk", value) < 1) return -1;
  int api_level = atoi(value);
  return (api_level > 0) ? api_level : -1;
}


typedef long int ptrdiff_t;
typedef long unsigned int size_t;
typedef unsigned int wchar_t;
typedef struct {
  long long __clang_max_align_nonce1
      __attribute__((__aligned__(__alignof__(long long))));
  long double __clang_max_align_nonce2
      __attribute__((__aligned__(__alignof__(long double))));
} max_align_t;

typedef signed char __int8_t;
typedef unsigned char __uint8_t;
typedef short __int16_t;
typedef unsigned short __uint16_t;
typedef int __int32_t;
typedef unsigned int __uint32_t;
typedef long __int64_t;
typedef unsigned long __uint64_t;
typedef long __intptr_t;
typedef unsigned long __uintptr_t;
typedef __int8_t int8_t;
typedef __uint8_t uint8_t;
typedef __int16_t int16_t;
typedef __uint16_t uint16_t;
typedef __int32_t int32_t;
typedef __uint32_t uint32_t;
typedef __int64_t int64_t;
typedef __uint64_t uint64_t;
typedef __intptr_t intptr_t;
typedef __uintptr_t uintptr_t;
typedef int8_t int_least8_t;
typedef uint8_t uint_least8_t;
typedef int16_t int_least16_t;
typedef uint16_t uint_least16_t;
typedef int32_t int_least32_t;
typedef uint32_t uint_least32_t;
typedef int64_t int_least64_t;
typedef uint64_t uint_least64_t;
typedef int8_t int_fast8_t;
typedef uint8_t uint_fast8_t;
typedef int64_t int_fast64_t;
typedef uint64_t uint_fast64_t;
typedef int64_t int_fast16_t;
typedef uint64_t uint_fast16_t;
typedef int64_t int_fast32_t;
typedef uint64_t uint_fast32_t;
typedef uint64_t uintmax_t;
typedef int64_t intmax_t;


typedef __signed__ char __s8;
typedef unsigned char __u8;
typedef __signed__ short __s16;
typedef unsigned short __u16;
typedef __signed__ int __s32;
typedef unsigned int __u32;
__extension__ typedef __signed__ long long __s64;
__extension__ typedef unsigned long long __u64;

typedef struct {
  unsigned long fds_bits[1024 / (8 * sizeof(long))];
} __kernel_fd_set;
typedef void(* __kernel_sighandler_t) (int);
typedef int __kernel_key_t;
typedef int __kernel_mqd_t;
typedef unsigned short __kernel_old_uid_t;
typedef unsigned short __kernel_old_gid_t;
typedef long __kernel_long_t;
typedef unsigned long __kernel_ulong_t;
typedef __kernel_ulong_t __kernel_ino_t;
typedef unsigned int __kernel_mode_t;
typedef int __kernel_pid_t;
typedef int __kernel_ipc_pid_t;
typedef unsigned int __kernel_uid_t;
typedef unsigned int __kernel_gid_t;
typedef __kernel_long_t __kernel_suseconds_t;
typedef int __kernel_daddr_t;
typedef unsigned int __kernel_uid32_t;
typedef unsigned int __kernel_gid32_t;
typedef unsigned int __kernel_old_dev_t;
typedef __kernel_ulong_t __kernel_size_t;
typedef __kernel_long_t __kernel_ssize_t;
typedef __kernel_long_t __kernel_ptrdiff_t;
typedef struct {
  int val[2];
} __kernel_fsid_t;
typedef __kernel_long_t __kernel_off_t;
typedef long long __kernel_loff_t;
typedef __kernel_long_t __kernel_old_time_t;
typedef __kernel_long_t __kernel_time_t;
typedef long long __kernel_time64_t;
typedef __kernel_long_t __kernel_clock_t;
typedef int __kernel_timer_t;
typedef int __kernel_clockid_t;
typedef char * __kernel_caddr_t;
typedef unsigned short __kernel_uid16_t;
typedef unsigned short __kernel_gid16_t;

typedef __signed__ __int128 __s128 __attribute__((aligned(16)));
typedef unsigned __int128 __u128 __attribute__((aligned(16)));
typedef __u16 __le16;
typedef __u16 __be16;
typedef __u32 __le32;
typedef __u32 __be32;
typedef __u64 __le64;
typedef __u64 __be64;
typedef __u16 __sum16;
typedef __u32 __wsum;
typedef unsigned __poll_t;

typedef struct {
  uint32_t flags;
  void* stack_base;
  size_t stack_size;
  size_t guard_size;
  int32_t sched_policy;
  int32_t sched_priority;
  char __reserved[16];
} pthread_attr_t;
typedef struct {
  int64_t __private[4];
} pthread_barrier_t;
typedef int pthread_barrierattr_t;
typedef struct {
  int32_t __private[12];
} pthread_cond_t;
typedef long pthread_condattr_t;
typedef int pthread_key_t;
typedef struct {
  int32_t __private[10];
} pthread_mutex_t;
typedef long pthread_mutexattr_t;
typedef int pthread_once_t;
typedef struct {
  int32_t __private[14];
} pthread_rwlock_t;
typedef long pthread_rwlockattr_t;
typedef struct {
  int64_t __private;
} pthread_spinlock_t;
typedef long pthread_t;
typedef __kernel_gid32_t __gid_t;
typedef __gid_t gid_t;
typedef __kernel_uid32_t __uid_t;
typedef __uid_t uid_t;
typedef __kernel_pid_t __pid_t;
typedef __pid_t pid_t;
typedef uint32_t __id_t;
typedef __id_t id_t;
typedef unsigned long blkcnt_t;
typedef unsigned long blksize_t;
typedef __kernel_caddr_t caddr_t;
typedef __kernel_clock_t clock_t;
typedef __kernel_clockid_t __clockid_t;
typedef __clockid_t clockid_t;
typedef __kernel_daddr_t daddr_t;
typedef unsigned long fsblkcnt_t;
typedef unsigned long fsfilcnt_t;
typedef __kernel_mode_t __mode_t;
typedef __mode_t mode_t;
typedef __kernel_key_t __key_t;
typedef __key_t key_t;
typedef __kernel_ino_t __ino_t;
typedef __ino_t ino_t;
typedef uint64_t ino64_t;
typedef uint32_t __nlink_t;
typedef __nlink_t nlink_t;
typedef void* __timer_t;
typedef __timer_t timer_t;
typedef __kernel_suseconds_t __suseconds_t;
typedef __suseconds_t suseconds_t;
typedef uint32_t __useconds_t;
typedef __useconds_t useconds_t;
typedef uint64_t dev_t;
typedef __kernel_time_t __time_t;
typedef __time_t time_t;
typedef int64_t off_t;
typedef off_t loff_t;
typedef loff_t off64_t;
typedef uint32_t __socklen_t;
typedef __socklen_t socklen_t;
typedef __builtin_va_list __va_list;
typedef __kernel_ssize_t ssize_t;
typedef unsigned int uint_t;
typedef unsigned int uint;
typedef unsigned char u_char;
typedef unsigned short u_short;
typedef unsigned int u_int;
typedef unsigned long u_long;
typedef uint32_t u_int32_t;
typedef uint16_t u_int16_t;
typedef uint8_t u_int8_t;
typedef uint64_t u_int64_t;
struct timespec {
  time_t tv_sec;
  long tv_nsec;
};


struct __kernel_timespec {
  __kernel_time64_t tv_sec;
  long long tv_nsec;
};
struct __kernel_itimerspec {
  struct __kernel_timespec it_interval;
  struct __kernel_timespec it_value;
};
struct __kernel_old_timespec {
  __kernel_old_time_t tv_sec;
  long tv_nsec;
};
struct __kernel_sock_timeval {
  __s64 tv_sec;
  __s64 tv_usec;
};
struct timeval {
  __kernel_old_time_t tv_sec;
  __kernel_suseconds_t tv_usec;
};
struct itimerspec {
  struct timespec it_interval;
  struct timespec it_value;
};
struct itimerval {
  struct timeval it_interval;
  struct timeval it_value;
};
struct timezone {
  int tz_minuteswest;
  int tz_dsttime;
};
struct sigcontext {
  __u64 fault_address;
  __u64 regs[31];
  __u64 sp;
  __u64 pc;
  __u64 pstate;
  __u8 __reserved[4096] __attribute__((__aligned__(16)));
};
struct _aarch64_ctx {
  __u32 magic;
  __u32 size;
};
struct fpsimd_context {
  struct _aarch64_ctx head;
  __u32 fpsr;
  __u32 fpcr;
  __uint128_t vregs[32];
};
struct esr_context {
  struct _aarch64_ctx head;
  __u64 esr;
};
struct poe_context {
  struct _aarch64_ctx head;
  __u64 por_el0;
};
struct extra_context {
  struct _aarch64_ctx head;
  __u64 datap;
  __u32 size;
  __u32 __reserved[3];
};
struct sve_context {
  struct _aarch64_ctx head;
  __u16 vl;
  __u16 flags;
  __u16 __reserved[2];
};
struct tpidr2_context {
  struct _aarch64_ctx head;
  __u64 tpidr2;
};
struct fpmr_context {
  struct _aarch64_ctx head;
  __u64 fpmr;
};
struct za_context {
  struct _aarch64_ctx head;
  __u16 vl;
  __u16 __reserved[3];
};
struct zt_context {
  struct _aarch64_ctx head;
  __u16 nregs;
  __u16 __reserved[3];
};

typedef struct {
  unsigned long sig[(64 / 64)];
} sigset_t;
typedef unsigned long old_sigset_t;
typedef void __signalfn_t(int);
typedef __signalfn_t * __sighandler_t;
typedef void __restorefn_t(void);
typedef __restorefn_t * __sigrestore_t;
struct __kernel_sigaction {
  __sighandler_t sa_handler;
  unsigned long sa_flags;
  __sigrestore_t sa_restorer;
  sigset_t sa_mask;
};
typedef struct sigaltstack {
  void * ss_sp;
  int ss_flags;
  __kernel_size_t ss_size;
} stack_t;
typedef union sigval {
  int sival_int;
  void * sival_ptr;
} sigval_t;
union __sifields {
  struct {
    __kernel_pid_t _pid;
    __kernel_uid32_t _uid;
  } _kill;
  struct {
    __kernel_timer_t _tid;
    int _overrun;
    sigval_t _sigval;
    int _sys_private;
  } _timer;
  struct {
    __kernel_pid_t _pid;
    __kernel_uid32_t _uid;
    sigval_t _sigval;
  } _rt;
  struct {
    __kernel_pid_t _pid;
    __kernel_uid32_t _uid;
    int _status;
    __kernel_clock_t _utime;
    __kernel_clock_t _stime;
  } _sigchld;
  struct {
    void * _addr;
    union {
      int _trapno;
      short _addr_lsb;
      struct {
        char _dummy_bnd[(__alignof__(void *) < sizeof(short) ? sizeof(short) : __alignof__(void *))];
        void * _lower;
        void * _upper;
      } _addr_bnd;
      struct {
        char _dummy_pkey[(__alignof__(void *) < sizeof(short) ? sizeof(short) : __alignof__(void *))];
        __u32 _pkey;
      } _addr_pkey;
      struct {
        unsigned long _data;
        __u32 _type;
        __u32 _flags;
      } _perf;
    };
  } _sigfault;
  struct {
    long _band;
    int _fd;
  } _sigpoll;
  struct {
    void * _call_addr;
    int _syscall;
    unsigned int _arch;
  } _sigsys;
};
typedef struct siginfo {
  union {
    struct { int si_signo; int si_errno; int si_code; union __sifields _sifields; };
    int _si_pad[128 / sizeof(int)];
  };
} siginfo_t;
typedef struct sigevent {
  sigval_t sigev_value;
  int sigev_signo;
  int sigev_notify;
  union {
    int _pad[((64 - (sizeof(int) * 2 + sizeof(sigval_t))) / sizeof(int))];
    int _tid;
    struct {
      void(* _function) (sigval_t);
      void * _attribute;
    } _sigev_thread;
  } _sigev_un;
} sigevent_t;
typedef int sig_atomic_t;
typedef __sighandler_t sig_t;
typedef __sighandler_t sighandler_t;
typedef sigset_t sigset64_t;
struct sigaction { int sa_flags; union { sighandler_t sa_handler; void (*sa_sigaction)(int, struct siginfo*, void*); }; sigset_t sa_mask; void (*sa_restorer)(void); };
struct sigaction64 { int sa_flags; union { sighandler_t sa_handler; void (*sa_sigaction)(int, struct siginfo*, void*); }; sigset_t sa_mask; void (*sa_restorer)(void); };
struct user_regs_struct {
  uint64_t regs[31];
  uint64_t sp;
  uint64_t pc;
  uint64_t pstate;
};
struct user_fpsimd_struct {
  __uint128_t vregs[32];
  uint32_t fpsr;
  uint32_t fpcr;
};
typedef unsigned long greg_t;
typedef greg_t gregset_t[34];
typedef struct user_fpsimd_struct fpregset_t;
typedef struct sigcontext mcontext_t;
typedef struct ucontext {
  unsigned long uc_flags;
  struct ucontext *uc_link;
  stack_t uc_stack;
  union {
    sigset_t uc_sigmask;
    sigset64_t uc_sigmask64;
  };
  char __padding[128 - sizeof(sigset_t)];
  mcontext_t uc_mcontext;
} ucontext_t;
int __libc_current_sigrtmin(void);
int __libc_current_sigrtmax(void);
extern const char* _Nonnull const sys_siglist[65];
extern const char* _Nonnull const sys_signame[65];
int sigaction(int __signal, const struct sigaction* _Nullable __new_action, struct sigaction* _Nullable __old_action);
int siginterrupt(int __signal, int __flag);
sighandler_t _Nonnull signal(int __signal, sighandler_t _Nullable __handler);
int sigaddset(sigset_t* _Nonnull __set, int __signal);
int sigdelset(sigset_t* _Nonnull __set, int __signal);
int sigemptyset(sigset_t* _Nonnull __set);
int sigfillset(sigset_t* _Nonnull __set);
int sigismember(const sigset_t* _Nonnull __set, int __signal);
int sigpending(sigset_t* _Nonnull __set);
int sigprocmask(int __how, const sigset_t* _Nullable __new_set, sigset_t* _Nullable __old_set);
int sigsuspend(const sigset_t* _Nonnull __mask);
int sigwait(const sigset_t* _Nonnull __set, int* _Nonnull __signal);
int sighold(int __signal)
  __attribute__((__deprecated__("use sigprocmask() or pthread_sigmask() instead")))
  __attribute__((__availability__(android,strict,introduced=26 )));
int sigignore(int __signal)
  __attribute__((__deprecated__("use sigaction() instead"))) __attribute__((__availability__(android,strict,introduced=26 )));
int sigpause(int __signal)
  __attribute__((__deprecated__("use sigsuspend() instead"))) __attribute__((__availability__(android,strict,introduced=26 )));
int sigrelse(int __signal)
  __attribute__((__deprecated__("use sigprocmask() or pthread_sigmask() instead")))
  __attribute__((__availability__(android,strict,introduced=26 )));
sighandler_t _Nonnull sigset(int __signal, sighandler_t _Nullable __handler)
  __attribute__((__deprecated__("use sigaction() instead"))) __attribute__((__availability__(android,strict,introduced=26 )));
int raise(int __signal);
int kill(pid_t __pid, int __signal);
int killpg(int __pgrp, int __signal);
int tgkill(int __tgid, int __tid, int __signal);
int sigaltstack(const stack_t* _Nullable __new_signal_stack, stack_t* _Nullable __old_signal_stack);
void psiginfo(const siginfo_t* _Nonnull __info, const char* _Nullable __msg);
void psignal(int __signal, const char* _Nullable __msg);
int pthread_kill(pthread_t __pthread, int __signal);
int pthread_sigmask(int __how, const sigset_t* _Nullable __new_set, sigset_t* _Nullable __old_set);
int sigqueue(pid_t __pid, int __signal, const union sigval __value) __attribute__((__availability__(android,strict,introduced=23 )));
int sigtimedwait(const sigset_t* _Nonnull __set, siginfo_t* _Nullable __info, const struct timespec* _Nullable __timeout) __attribute__((__availability__(android,strict,introduced=23 )));
int sigwaitinfo(const sigset_t* _Nonnull __set, siginfo_t* _Nullable __info) __attribute__((__availability__(android,strict,introduced=23 )));
typedef unsigned long fd_mask;
typedef struct {
  fd_mask fds_bits[1024/(8 * sizeof(fd_mask))];
} fd_set;
void __FD_CLR_chk(int, fd_set* _Nonnull , size_t);
void __FD_SET_chk(int, fd_set* _Nonnull, size_t);
int __FD_ISSET_chk(int, const fd_set* _Nonnull, size_t);
int select(int __max_fd_plus_one, fd_set* _Nullable __read_fds, fd_set* _Nullable __write_fds, fd_set* _Nullable __exception_fds, struct timeval* _Nullable __timeout);
int pselect(int __max_fd_plus_one, fd_set* _Nullable __read_fds, fd_set* _Nullable __write_fds, fd_set* _Nullable __exception_fds, const struct timespec* _Nullable __timeout, const sigset_t* _Nullable __mask);

int fcntl(int __fd, int __op, ...);
int getopt(int __argc, char* const _Nonnull __argv[_Nullable], const char* _Nonnull __options);
extern char* _Nullable optarg;
extern int optind;
extern int opterr;
extern int optopt;
int ioctl(int __fd, int __op, ...);
int ioctl(int __fd, unsigned __op, ...) __attribute__((__overloadable__)) __attribute__((__enable_if__(1, ""))) __asm__("ioctl");
int lockf(int __fd, int __op, off_t __length) __attribute__((__availability__(android,strict,introduced=24 )));
int lockf64(int __fd, int __op, off64_t __length) __attribute__((__availability__(android,strict,introduced=24 )));

long sysconf(int __name);
extern char* _Nullable * _Nullable environ;
__attribute__((__noreturn__)) void _exit(int __status);
pid_t fork(void);
pid_t vfork(void) __attribute__((__returns_twice__));
pid_t getpid(void);
pid_t gettid(void);
pid_t getpgid(pid_t __pid);
int setpgid(pid_t __pid, pid_t __pgid);
pid_t getppid(void);
pid_t getpgrp(void);
int setpgrp(void);
pid_t getsid(pid_t __pid);
pid_t setsid(void);
int execv(const char* _Nonnull __path, char* _Nullable const* _Nullable __argv);
int execvp(const char* _Nonnull __file, char* _Nullable const* _Nullable __argv);
int execvpe(const char* _Nonnull __file, char* _Nullable const* _Nullable __argv, char* _Nullable const* _Nullable __envp);
int execve(const char* _Nonnull __file, char* _Nullable const* _Nullable __argv, char* _Nullable const* _Nullable __envp);
int execl(const char* _Nonnull __path, const char* _Nullable __arg0, ...) __attribute__((__sentinel__));
int execlp(const char* _Nonnull __file, const char* _Nullable __arg0, ...) __attribute__((__sentinel__));
int execle(const char* _Nonnull __path, const char* _Nullable __arg0, ... )
    __attribute__((__sentinel__(1)));
int nice(int __incr);
int setegid(gid_t __gid);
int seteuid(uid_t __uid);
int setgid(gid_t __gid);
int setregid(gid_t __rgid, gid_t __egid);
int setresgid(gid_t __rgid, gid_t __egid, gid_t __sgid);
int setresuid(uid_t __ruid, uid_t __euid, uid_t __suid);
int setreuid(uid_t __ruid, uid_t __euid);
int setuid(uid_t __uid);
uid_t getuid(void);
uid_t geteuid(void);
gid_t getgid(void);
gid_t getegid(void);
int getgroups(int __size, gid_t* _Nullable __list);
int setgroups(size_t __size, const gid_t* _Nullable __list);
int getresuid(uid_t* _Nonnull __ruid, uid_t* _Nonnull __euid, uid_t* _Nonnull __suid);
int getresgid(gid_t* _Nonnull __rgid, gid_t* _Nonnull __egid, gid_t* _Nonnull __sgid);
char* _Nullable getlogin(void);
long fpathconf(int __fd, int __name);
long pathconf(const char* _Nonnull __path, int __name);
int access(const char* _Nonnull __path, int __mode);
int faccessat(int __dirfd, const char* _Nonnull __path, int __mode, int __flags);
int link(const char* _Nonnull __old_path, const char* _Nonnull __new_path);
int linkat(int __old_dir_fd, const char* _Nonnull __old_path, int __new_dir_fd, const char* _Nonnull __new_path, int __flags);
int unlink(const char* _Nonnull __path);
int unlinkat(int __dirfd, const char* _Nonnull __path, int __flags);
int chdir(const char* _Nonnull __path);
int fchdir(int __fd);
int rmdir(const char* _Nonnull __path);
int pipe(int __fds[_Nonnull 2]);
int chroot(const char* _Nonnull __path);
int symlink(const char* _Nonnull __old_path, const char* _Nonnull __new_path);
int symlinkat(const char* _Nonnull __old_path, int __new_dir_fd, const char* _Nonnull __new_path);
ssize_t readlink(const char* _Nonnull __path, char* _Nonnull __buf, size_t __buf_size);
ssize_t readlinkat(int __dir_fd, const char* _Nonnull __path, char* _Nonnull __buf, size_t __buf_size);
int chown(const char* _Nonnull __path, uid_t __owner, gid_t __group);
int fchown(int __fd, uid_t __owner, gid_t __group);
int fchownat(int __dir_fd, const char* _Nonnull __path, uid_t __owner, gid_t __group, int __flags);
int lchown(const char* _Nonnull __path, uid_t __owner, gid_t __group);
char* _Nullable getcwd(char* _Nullable __buf, size_t __size);
void sync(void);
int close(int __fd);
ssize_t read(int __fd, void* _Null_unspecified __buf, size_t __count);
ssize_t write(int __fd, const void* _Null_unspecified __buf, size_t __count);
int dup(int __old_fd);
int dup2(int __old_fd, int __new_fd);
int dup3(int __old_fd, int __new_fd, int __flags);
int fsync(int __fd);
int fdatasync(int __fd);
int truncate(const char* _Nonnull __path, off_t __length);
off_t lseek(int __fd, off_t __offset, int __whence);
ssize_t pread(int __fd, void* _Nonnull __buf, size_t __count, off_t __offset);
ssize_t pwrite(int __fd, const void* _Nonnull __buf, size_t __count, off_t __offset);
int ftruncate(int __fd, off_t __length);
int truncate64(const char* _Nonnull __path, off64_t __length);
off64_t lseek64(int __fd, off64_t __offset, int __whence);
ssize_t pread64(int __fd, void* _Nonnull __buf, size_t __count, off64_t __offset);
ssize_t pwrite64(int __fd, const void* _Nonnull __buf, size_t __count, off64_t __offset);
int ftruncate64(int __fd, off64_t __length);
int pause(void);
unsigned int alarm(unsigned int __seconds);
unsigned int sleep(unsigned int __seconds);
int usleep(useconds_t __microseconds);
int gethostname(char* _Nonnull _buf, size_t __buf_size);
int sethostname(const char* _Nonnull __name, size_t __n) __attribute__((__availability__(android,strict,introduced=23 )));
int brk(void* _Nonnull __addr);
void* _Nullable sbrk(ptrdiff_t __increment);
int isatty(int __fd);
char* _Nullable ttyname(int __fd);
int ttyname_r(int __fd, char* _Nonnull __buf, size_t __buf_size);
int acct(const char* _Nullable __path);
int getpagesize(void) __attribute__((__const__));
long syscall(long __number, ...);
int daemon(int __no_chdir, int __no_close);
pid_t tcgetpgrp(int __fd);
int tcsetpgrp(int __fd, pid_t __pid);
int getdomainname(char* _Nonnull __buf, size_t __buf_size) __attribute__((__availability__(android,strict,introduced=26 )));
int setdomainname(const char* _Nonnull __name, size_t __n) __attribute__((__availability__(android,strict,introduced=26 )));
static __inline__ void swab(const void* _Nonnull __void_src, void* _Nonnull __void_dst, ssize_t __byte_count) {
  const uint8_t* __src = ((const uint8_t*) (__void_src));
  uint8_t* __dst = ((uint8_t*) (__void_dst));
  while (__byte_count > 1) {
    uint8_t x = *__src++;
    uint8_t y = *__src++;
    *__dst++ = y;
    *__dst++ = x;
    __byte_count -= 2;
  }
}
 "MESON_GET_DEFINE_DELIMITER_START"
"MESON_GET_DEFINE_UNDEFINED_SENTINEL"
"MESON_GET_DEFINE_DELIMITER_END"
-----------
stderr:
/tmp/tmpfhjtw9pb/testfile.c:3:23: warning: extra tokens at end of #ifndef directive [-Wextra-tokens]
    3 |         #ifndef sizeof(ssize_t)
      |                       ^
      |                       //
1 warning generated.
-----------
Running compile:
Working directory:  /tmp/tmp.UgJ7zjghg8/glib/_build-arm64-v8a/meson-private/tmp9b37_wut
Code:

                #include <stdio.h>
                #include <stdint.h>
                int main(void) { int expression = None; printf("%d", expression); return 0; }
-----------
Command line: `cc /tmp/tmp.UgJ7zjghg8/glib/_build-arm64-v8a/meson-private/tmp9b37_wut/testfile.c -o /tmp/tmp.UgJ7zjghg8/glib/_build-arm64-v8a/meson-private/tmp9b37_wut/output.exe -D_FILE_OFFSET_BITS=64 -O0 -U_FORTIFY_SOURCE` -> 1
stderr:
/tmp/tmp.UgJ7zjghg8/glib/_build-arm64-v8a/meson-private/tmp9b37_wut/testfile.c: In function 'main':
/tmp/tmp.UgJ7zjghg8/glib/_build-arm64-v8a/meson-private/tmp9b37_wut/testfile.c:4:51: error: 'None' undeclared (first use in this function)
    4 |                 int main(void) { int expression = None; printf("%d", expression); return 0; }
      |                                                   ^~~~
/tmp/tmp.UgJ7zjghg8/glib/_build-arm64-v8a/meson-private/tmp9b37_wut/testfile.c:4:51: note: each undeclared identifier is reported only once for each function it appears in
-----------
Could not compile test file /tmp/tmp.UgJ7zjghg8/glib/_build-arm64-v8a/meson-private/tmp9b37_wut/testfile.c: 1

Running compile:
Working directory:  /tmp/tmp.UgJ7zjghg8/glib/_build-arm64-v8a/meson-private/tmpfq3yxhts
Code:
#include <unistd.h>
        #include <stddef.h>
        int main(void) { static int a[1-2*!(sizeof(ssize_t) >= 0)]; a[0]=0; return 0; }
-----------
Command line: `/usr/local/lib/android/sdk/ndk/29.0.14206865/toolchains/llvm/prebuilt/linux-x86_64/bin/aarch64-linux-android26-clang /tmp/tmp.UgJ7zjghg8/glib/_build-arm64-v8a/meson-private/tmpfq3yxhts/testfile.c -o /tmp/tmp.UgJ7zjghg8/glib/_build-arm64-v8a/meson-private/tmpfq3yxhts/output.obj -c -D_FILE_OFFSET_BITS=64 -O0 -U_FORTIFY_SOURCE -Werror=implicit-function-declaration -Werror=unknown-warning-option -Werror=unused-command-line-argument -Werror=ignored-optimization-argument -std=gnu11` -> 0
Running compile:
Working directory:  /tmp/tmp.UgJ7zjghg8/glib/_build-arm64-v8a/meson-private/tmp67xqbsyn
Code:
#include <unistd.h>
        #include <stddef.h>
        int main(void) { static int a[1-2*!(sizeof(ssize_t) > 0)]; a[0]=0; return 0; }
-----------
Command line: `/usr/local/lib/android/sdk/ndk/29.0.14206865/toolchains/llvm/prebuilt/linux-x86_64/bin/aarch64-linux-android26-clang /tmp/tmp.UgJ7zjghg8/glib/_build-arm64-v8a/meson-private/tmp67xqbsyn/testfile.c -o /tmp/tmp.UgJ7zjghg8/glib/_build-arm64-v8a/meson-private/tmp67xqbsyn/output.obj -c -D_FILE_OFFSET_BITS=64 -O0 -U_FORTIFY_SOURCE -Werror=implicit-function-declaration -Werror=unknown-warning-option -Werror=unused-command-line-argument -Werror=ignored-optimization-argument -std=gnu11` -> 0
Running compile:
Working directory:  /tmp/tmp.UgJ7zjghg8/glib/_build-arm64-v8a/meson-private/tmpzyp9njjr
Code:
#include <unistd.h>
        #include <stddef.h>
        int main(void) { static int a[1-2*!(sizeof(ssize_t) > 1)]; a[0]=0; return 0; }
-----------
Command line: `/usr/local/lib/android/sdk/ndk/29.0.14206865/toolchains/llvm/prebuilt/linux-x86_64/bin/aarch64-linux-android26-clang /tmp/tmp.UgJ7zjghg8/glib/_build-arm64-v8a/meson-private/tmpzyp9njjr/testfile.c -o /tmp/tmp.UgJ7zjghg8/glib/_build-arm64-v8a/meson-private/tmpzyp9njjr/output.obj -c -D_FILE_OFFSET_BITS=64 -O0 -U_FORTIFY_SOURCE -Werror=implicit-function-declaration -Werror=unknown-warning-option -Werror=unused-command-line-argument -Werror=ignored-optimization-argument -std=gnu11` -> 0
Running compile:
Working directory:  /tmp/tmp.UgJ7zjghg8/glib/_build-arm64-v8a/meson-private/tmpu74mhi5q
Code:
#include <unistd.h>
        #include <stddef.h>
        int main(void) { static int a[1-2*!(sizeof(ssize_t) > 3)]; a[0]=0; return 0; }
-----------
Command line: `/usr/local/lib/android/sdk/ndk/29.0.14206865/toolchains/llvm/prebuilt/linux-x86_64/bin/aarch64-linux-android26-clang /tmp/tmp.UgJ7zjghg8/glib/_build-arm64-v8a/meson-private/tmpu74mhi5q/testfile.c -o /tmp/tmp.UgJ7zjghg8/glib/_build-arm64-v8a/meson-private/tmpu74mhi5q/output.obj -c -D_FILE_OFFSET_BITS=64 -O0 -U_FORTIFY_SOURCE -Werror=implicit-function-declaration -Werror=unknown-warning-option -Werror=unused-command-line-argument -Werror=ignored-optimization-argument -std=gnu11` -> 0
Running compile:
Working directory:  /tmp/tmp.UgJ7zjghg8/glib/_build-arm64-v8a/meson-private/tmpea8u02lq
Code:
#include <unistd.h>
        #include <stddef.h>
        int main(void) { static int a[1-2*!(sizeof(ssize_t) > 7)]; a[0]=0; return 0; }
-----------
Command line: `/usr/local/lib/android/sdk/ndk/29.0.14206865/toolchains/llvm/prebuilt/linux-x86_64/bin/aarch64-linux-android26-clang /tmp/tmp.UgJ7zjghg8/glib/_build-arm64-v8a/meson-private/tmpea8u02lq/testfile.c -o /tmp/tmp.UgJ7zjghg8/glib/_build-arm64-v8a/meson-private/tmpea8u02lq/output.obj -c -D_FILE_OFFSET_BITS=64 -O0 -U_FORTIFY_SOURCE -Werror=implicit-function-declaration -Werror=unknown-warning-option -Werror=unused-command-line-argument -Werror=ignored-optimization-argument -std=gnu11` -> 0
Running compile:
Working directory:  /tmp/tmp.UgJ7zjghg8/glib/_build-arm64-v8a/meson-private/tmpcgzoqaux
Code:
#include <unistd.h>
        #include <stddef.h>
        int main(void) { static int a[1-2*!(sizeof(ssize_t) > 15)]; a[0]=0; return 0; }
-----------
Command line: `/usr/local/lib/android/sdk/ndk/29.0.14206865/toolchains/llvm/prebuilt/linux-x86_64/bin/aarch64-linux-android26-clang /tmp/tmp.UgJ7zjghg8/glib/_build-arm64-v8a/meson-private/tmpcgzoqaux/testfile.c -o /tmp/tmp.UgJ7zjghg8/glib/_build-arm64-v8a/meson-private/tmpcgzoqaux/output.obj -c -D_FILE_OFFSET_BITS=64 -O0 -U_FORTIFY_SOURCE -Werror=implicit-function-declaration -Werror=unknown-warning-option -Werror=unused-command-line-argument -Werror=ignored-optimization-argument -std=gnu11` -> 1
stderr:
/tmp/tmp.UgJ7zjghg8/glib/_build-arm64-v8a/meson-private/tmpcgzoqaux/testfile.c:3:39: error: 'a' declared as an array with a negative size
    3 |         int main(void) { static int a[1-2*!(sizeof(ssize_t) > 15)]; a[0]=0; return 0; }
      |                                       ^~~~~~~~~~~~~~~~~~~~~~~~~~~
1 error generated.
-----------
Running compile:
Working directory:  /tmp/tmp.UgJ7zjghg8/glib/_build-arm64-v8a/meson-private/tmp7a92kth1
Code:
#include <unistd.h>
        #include <stddef.h>
        int main(void) { static int a[1-2*!(sizeof(ssize_t) <= 11)]; a[0]=0; return 0; }
-----------
Command line: `/usr/local/lib/android/sdk/ndk/29.0.14206865/toolchains/llvm/prebuilt/linux-x86_64/bin/aarch64-linux-android26-clang /tmp/tmp.UgJ7zjghg8/glib/_build-arm64-v8a/meson-private/tmp7a92kth1/testfile.c -o /tmp/tmp.UgJ7zjghg8/glib/_build-arm64-v8a/meson-private/tmp7a92kth1/output.obj -c -D_FILE_OFFSET_BITS=64 -O0 -U_FORTIFY_SOURCE -Werror=implicit-function-declaration -Werror=unknown-warning-option -Werror=unused-command-line-argument -Werror=ignored-optimization-argument -std=gnu11` -> 0
Running compile:
Working directory:  /tmp/tmp.UgJ7zjghg8/glib/_build-arm64-v8a/meson-private/tmpyu6oaaj9
Code:
#include <unistd.h>
        #include <stddef.h>
        int main(void) { static int a[1-2*!(sizeof(ssize_t) <= 9)]; a[0]=0; return 0; }
-----------
Command line: `/usr/local/lib/android/sdk/ndk/29.0.14206865/toolchains/llvm/prebuilt/linux-x86_64/bin/aarch64-linux-android26-clang /tmp/tmp.UgJ7zjghg8/glib/_build-arm64-v8a/meson-private/tmpyu6oaaj9/testfile.c -o /tmp/tmp.UgJ7zjghg8/glib/_build-arm64-v8a/meson-private/tmpyu6oaaj9/output.obj -c -D_FILE_OFFSET_BITS=64 -O0 -U_FORTIFY_SOURCE -Werror=implicit-function-declaration -Werror=unknown-warning-option -Werror=unused-command-line-argument -Werror=ignored-optimization-argument -std=gnu11` -> 0
Running compile:
Working directory:  /tmp/tmp.UgJ7zjghg8/glib/_build-arm64-v8a/meson-private/tmpm81sbwv4
Code:
#include <unistd.h>
        #include <stddef.h>
        int main(void) { static int a[1-2*!(sizeof(ssize_t) <= 8)]; a[0]=0; return 0; }
-----------
Command line: `/usr/local/lib/android/sdk/ndk/29.0.14206865/toolchains/llvm/prebuilt/linux-x86_64/bin/aarch64-linux-android26-clang /tmp/tmp.UgJ7zjghg8/glib/_build-arm64-v8a/meson-private/tmpm81sbwv4/testfile.c -o /tmp/tmp.UgJ7zjghg8/glib/_build-arm64-v8a/meson-private/tmpm81sbwv4/output.obj -c -D_FILE_OFFSET_BITS=64 -O0 -U_FORTIFY_SOURCE -Werror=implicit-function-declaration -Werror=unknown-warning-option -Werror=unused-command-line-argument -Werror=ignored-optimization-argument -std=gnu11` -> 0
Checking for size of "ssize_t" : 8 
Running compile:
Working directory:  /tmp/tmp.UgJ7zjghg8/glib/_build-arm64-v8a/meson-private/tmplf2gus31
Code:
#if defined(_AIX) && !defined(__GNUC__)
                    #pragma options langlvl=stdc99
                    #endif
                    #pragma GCC diagnostic error "-Wincompatible-pointer-types"
                    #include <stdint.h>
                    #include <stdio.h>
                    int main () {
                      int64_t i1 = 1;
                      long *i2 = &i1;
                      (void) i2;
                      return 1;
                    }
-----------
Command line: `/usr/local/lib/android/sdk/ndk/29.0.14206865/toolchains/llvm/prebuilt/linux-x86_64/bin/aarch64-linux-android26-clang /tmp/tmp.UgJ7zjghg8/glib/_build-arm64-v8a/meson-private/tmplf2gus31/testfile.c -o /tmp/tmp.UgJ7zjghg8/glib/_build-arm64-v8a/meson-private/tmplf2gus31/output.obj -c -D_FILE_OFFSET_BITS=64 -O0 -U_FORTIFY_SOURCE -Werror=implicit-function-declaration -Werror=unknown-warning-option -Werror=unused-command-line-argument -Werror=ignored-optimization-argument -std=gnu11` -> 0
Checking if "int64_t is long" compiles: YES 
Running compile:
Working directory:  /tmp/tmp.UgJ7zjghg8/glib/_build-arm64-v8a/meson-private/tmp5tfxlfw0
Code:

        #include <stddef.h>
        int main(void) {
            char something;
            return 0;
        }
-----------
Command line: `/usr/local/lib/android/sdk/ndk/29.0.14206865/toolchains/llvm/prebuilt/linux-x86_64/bin/aarch64-linux-android26-clang /tmp/tmp.UgJ7zjghg8/glib/_build-arm64-v8a/meson-private/tmp5tfxlfw0/testfile.c -o /tmp/tmp.UgJ7zjghg8/glib/_build-arm64-v8a/meson-private/tmp5tfxlfw0/output.obj -c -D_FILE_OFFSET_BITS=64 -O0 -U_FORTIFY_SOURCE -Werror=implicit-function-declaration -Werror=unknown-warning-option -Werror=unused-command-line-argument -Werror=ignored-optimization-argument` -> 0
Running compile:
Working directory:  /tmp/tmpndgiel4o
Code:

        
        #include <stddef.h>
        struct tmp {
            char c;
            char target;
        };
        #ifndef offsetof(struct tmp, target)
        # define offsetof(struct tmp, target) "MESON_GET_DEFINE_UNDEFINED_SENTINEL"
        #endif
        "MESON_GET_DEFINE_DELIMITER_START"
offsetof(struct tmp, target)
"MESON_GET_DEFINE_DELIMITER_END"
-----------
Command line: `/usr/local/lib/android/sdk/ndk/29.0.14206865/toolchains/llvm/prebuilt/linux-x86_64/bin/aarch64-linux-android26-clang /tmp/tmpndgiel4o/testfile.c -E -P -D_FILE_OFFSET_BITS=64 -P -O0 -U_FORTIFY_SOURCE -Werror=implicit-function-declaration` -> 0
stdout:
typedef long int ptrdiff_t;
typedef long unsigned int size_t;
typedef unsigned int wchar_t;
typedef struct {
  long long __clang_max_align_nonce1
      __attribute__((__aligned__(__alignof__(long long))));
  long double __clang_max_align_nonce2
      __attribute__((__aligned__(__alignof__(long double))));
} max_align_t;
 struct tmp {
            char c;
            char target;
        };
        "MESON_GET_DEFINE_DELIMITER_START"
__builtin_offsetof(struct tmp, target)
"MESON_GET_DEFINE_DELIMITER_END"
-----------
stderr:
/tmp/tmpndgiel4o/testfile.c:8:25: warning: extra tokens at end of #ifndef directive [-Wextra-tokens]
    8 |         #ifndef offsetof(struct tmp, target)
      |                         ^
      |                         //
1 warning generated.
-----------
Running compile:
Working directory:  /tmp/tmp.UgJ7zjghg8/glib/_build-arm64-v8a/meson-private/tmp0_00l8y0
Code:

                #include <stdio.h>
                #include <stdint.h>
                int main(void) { int expression = __builtin_offsetof(struct tmp, target); printf("%d", expression); return 0; }
-----------
Command line: `cc /tmp/tmp.UgJ7zjghg8/glib/_build-arm64-v8a/meson-private/tmp0_00l8y0/testfile.c -o /tmp/tmp.UgJ7zjghg8/glib/_build-arm64-v8a/meson-private/tmp0_00l8y0/output.exe -D_FILE_OFFSET_BITS=64 -O0 -U_FORTIFY_SOURCE` -> 1
stderr:
/tmp/tmp.UgJ7zjghg8/glib/_build-arm64-v8a/meson-private/tmp0_00l8y0/testfile.c: In function 'main':
/tmp/tmp.UgJ7zjghg8/glib/_build-arm64-v8a/meson-private/tmp0_00l8y0/testfile.c:4:51: error: invalid use of undefined type 'struct tmp'
    4 |                 int main(void) { int expression = __builtin_offsetof(struct tmp, target); printf("%d", expression); return 0; }
      |                                                   ^~~~~~~~~~~~~~~~~~
-----------
Could not compile test file /tmp/tmp.UgJ7zjghg8/glib/_build-arm64-v8a/meson-private/tmp0_00l8y0/testfile.c: 1

Running compile:
Working directory:  /tmp/tmp.UgJ7zjghg8/glib/_build-arm64-v8a/meson-private/tmpbhx_da0d
Code:

        #include <stddef.h>
        struct tmp {
            char c;
            char target;
        };
        #include <stddef.h>
        int main(void) { static int a[1-2*!(offsetof(struct tmp, target) >= 0)]; a[0]=0; return 0; }
-----------
Command line: `/usr/local/lib/android/sdk/ndk/29.0.14206865/toolchains/llvm/prebuilt/linux-x86_64/bin/aarch64-linux-android26-clang /tmp/tmp.UgJ7zjghg8/glib/_build-arm64-v8a/meson-private/tmpbhx_da0d/testfile.c -o /tmp/tmp.UgJ7zjghg8/glib/_build-arm64-v8a/meson-private/tmpbhx_da0d/output.obj -c -D_FILE_OFFSET_BITS=64 -O0 -U_FORTIFY_SOURCE -Werror=implicit-function-declaration -Werror=unknown-warning-option -Werror=unused-command-line-argument -Werror=ignored-optimization-argument` -> 0
Running compile:
Working directory:  /tmp/tmp.UgJ7zjghg8/glib/_build-arm64-v8a/meson-private/tmpo8qi0kna
Code:

        #include <stddef.h>
        struct tmp {
            char c;
            char target;
        };
        #include <stddef.h>
        int main(void) { static int a[1-2*!(offsetof(struct tmp, target) > 0)]; a[0]=0; return 0; }
-----------
Command line: `/usr/local/lib/android/sdk/ndk/29.0.14206865/toolchains/llvm/prebuilt/linux-x86_64/bin/aarch64-linux-android26-clang /tmp/tmp.UgJ7zjghg8/glib/_build-arm64-v8a/meson-private/tmpo8qi0kna/testfile.c -o /tmp/tmp.UgJ7zjghg8/glib/_build-arm64-v8a/meson-private/tmpo8qi0kna/output.obj -c -D_FILE_OFFSET_BITS=64 -O0 -U_FORTIFY_SOURCE -Werror=implicit-function-declaration -Werror=unknown-warning-option -Werror=unused-command-line-argument -Werror=ignored-optimization-argument` -> 0
Running compile:
Working directory:  /tmp/tmp.UgJ7zjghg8/glib/_build-arm64-v8a/meson-private/tmp6jl2jpl5
Code:

        #include <stddef.h>
        struct tmp {
            char c;
            char target;
        };
        #include <stddef.h>
        int main(void) { static int a[1-2*!(offsetof(struct tmp, target) > 1)]; a[0]=0; return 0; }
-----------
Command line: `/usr/local/lib/android/sdk/ndk/29.0.14206865/toolchains/llvm/prebuilt/linux-x86_64/bin/aarch64-linux-android26-clang /tmp/tmp.UgJ7zjghg8/glib/_build-arm64-v8a/meson-private/tmp6jl2jpl5/testfile.c -o /tmp/tmp.UgJ7zjghg8/glib/_build-arm64-v8a/meson-private/tmp6jl2jpl5/output.obj -c -D_FILE_OFFSET_BITS=64 -O0 -U_FORTIFY_SOURCE -Werror=implicit-function-declaration -Werror=unknown-warning-option -Werror=unused-command-line-argument -Werror=ignored-optimization-argument` -> 1
stderr:
/tmp/tmp.UgJ7zjghg8/glib/_build-arm64-v8a/meson-private/tmp6jl2jpl5/testfile.c:8:39: error: 'a' declared as an array with a negative size
    8 |         int main(void) { static int a[1-2*!(offsetof(struct tmp, target) > 1)]; a[0]=0; return 0; }
      |                                       ^~~~~~~~~~~~~~~~~~~~~~~~~~~~~~~~~~~~~~~
1 error generated.
-----------
Checking for alignment of "char" : 1 
Running compile:
Working directory:  /tmp/tmp.UgJ7zjghg8/glib/_build-arm64-v8a/meson-private/tmptd2xudz1
Code:

        #include <stddef.h>
        int main(void) {
            short something;
            return 0;
        }
-----------
Command line: `/usr/local/lib/android/sdk/ndk/29.0.14206865/toolchains/llvm/prebuilt/linux-x86_64/bin/aarch64-linux-android26-clang /tmp/tmp.UgJ7zjghg8/glib/_build-arm64-v8a/meson-private/tmptd2xudz1/testfile.c -o /tmp/tmp.UgJ7zjghg8/glib/_build-arm64-v8a/meson-private/tmptd2xudz1/output.obj -c -D_FILE_OFFSET_BITS=64 -O0 -U_FORTIFY_SOURCE -Werror=implicit-function-declaration -Werror=unknown-warning-option -Werror=unused-command-line-argument -Werror=ignored-optimization-argument` -> 0
Running compile:
Working directory:  /tmp/tmplfpu_4pj
Code:

        
        #include <stddef.h>
        struct tmp {
            char c;
            short target;
        };
        #ifndef offsetof(struct tmp, target)
        # define offsetof(struct tmp, target) "MESON_GET_DEFINE_UNDEFINED_SENTINEL"
        #endif
        "MESON_GET_DEFINE_DELIMITER_START"
offsetof(struct tmp, target)
"MESON_GET_DEFINE_DELIMITER_END"
-----------
Command line: `/usr/local/lib/android/sdk/ndk/29.0.14206865/toolchains/llvm/prebuilt/linux-x86_64/bin/aarch64-linux-android26-clang /tmp/tmplfpu_4pj/testfile.c -E -P -D_FILE_OFFSET_BITS=64 -P -O0 -U_FORTIFY_SOURCE -Werror=implicit-function-declaration` -> 0
stdout:
typedef long int ptrdiff_t;
typedef long unsigned int size_t;
typedef unsigned int wchar_t;
typedef struct {
  long long __clang_max_align_nonce1
      __attribute__((__aligned__(__alignof__(long long))));
  long double __clang_max_align_nonce2
      __attribute__((__aligned__(__alignof__(long double))));
} max_align_t;
 struct tmp {
            char c;
            short target;
        };
        "MESON_GET_DEFINE_DELIMITER_START"
__builtin_offsetof(struct tmp, target)
"MESON_GET_DEFINE_DELIMITER_END"
-----------
stderr:
/tmp/tmplfpu_4pj/testfile.c:8:25: warning: extra tokens at end of #ifndef directive [-Wextra-tokens]
    8 |         #ifndef offsetof(struct tmp, target)
      |                         ^
      |                         //
1 warning generated.
-----------
Running compile:
Working directory:  /tmp/tmp.UgJ7zjghg8/glib/_build-arm64-v8a/meson-private/tmpqo6nvyj4
Code:

                #include <stdio.h>
                #include <stdint.h>
                int main(void) { int expression = __builtin_offsetof(struct tmp, target); printf("%d", expression); return 0; }
-----------
Command line: `cc /tmp/tmp.UgJ7zjghg8/glib/_build-arm64-v8a/meson-private/tmpqo6nvyj4/testfile.c -o /tmp/tmp.UgJ7zjghg8/glib/_build-arm64-v8a/meson-private/tmpqo6nvyj4/output.exe -D_FILE_OFFSET_BITS=64 -O0 -U_FORTIFY_SOURCE` -> 1
stderr:
/tmp/tmp.UgJ7zjghg8/glib/_build-arm64-v8a/meson-private/tmpqo6nvyj4/testfile.c: In function 'main':
/tmp/tmp.UgJ7zjghg8/glib/_build-arm64-v8a/meson-private/tmpqo6nvyj4/testfile.c:4:51: error: invalid use of undefined type 'struct tmp'
    4 |                 int main(void) { int expression = __builtin_offsetof(struct tmp, target); printf("%d", expression); return 0; }
      |                                                   ^~~~~~~~~~~~~~~~~~
-----------
Could not compile test file /tmp/tmp.UgJ7zjghg8/glib/_build-arm64-v8a/meson-private/tmpqo6nvyj4/testfile.c: 1

Running compile:
Working directory:  /tmp/tmp.UgJ7zjghg8/glib/_build-arm64-v8a/meson-private/tmpoustpi7r
Code:

        #include <stddef.h>
        struct tmp {
            char c;
            short target;
        };
        #include <stddef.h>
        int main(void) { static int a[1-2*!(offsetof(struct tmp, target) >= 0)]; a[0]=0; return 0; }
-----------
Command line: `/usr/local/lib/android/sdk/ndk/29.0.14206865/toolchains/llvm/prebuilt/linux-x86_64/bin/aarch64-linux-android26-clang /tmp/tmp.UgJ7zjghg8/glib/_build-arm64-v8a/meson-private/tmpoustpi7r/testfile.c -o /tmp/tmp.UgJ7zjghg8/glib/_build-arm64-v8a/meson-private/tmpoustpi7r/output.obj -c -D_FILE_OFFSET_BITS=64 -O0 -U_FORTIFY_SOURCE -Werror=implicit-function-declaration -Werror=unknown-warning-option -Werror=unused-command-line-argument -Werror=ignored-optimization-argument` -> 0
Running compile:
Working directory:  /tmp/tmp.UgJ7zjghg8/glib/_build-arm64-v8a/meson-private/tmpev1adk43
Code:

        #include <stddef.h>
        struct tmp {
            char c;
            short target;
        };
        #include <stddef.h>
        int main(void) { static int a[1-2*!(offsetof(struct tmp, target) > 0)]; a[0]=0; return 0; }
-----------
Command line: `/usr/local/lib/android/sdk/ndk/29.0.14206865/toolchains/llvm/prebuilt/linux-x86_64/bin/aarch64-linux-android26-clang /tmp/tmp.UgJ7zjghg8/glib/_build-arm64-v8a/meson-private/tmpev1adk43/testfile.c -o /tmp/tmp.UgJ7zjghg8/glib/_build-arm64-v8a/meson-private/tmpev1adk43/output.obj -c -D_FILE_OFFSET_BITS=64 -O0 -U_FORTIFY_SOURCE -Werror=implicit-function-declaration -Werror=unknown-warning-option -Werror=unused-command-line-argument -Werror=ignored-optimization-argument` -> 0
Running compile:
Working directory:  /tmp/tmp.UgJ7zjghg8/glib/_build-arm64-v8a/meson-private/tmpuygpcafs
Code:

        #include <stddef.h>
        struct tmp {
            char c;
            short target;
        };
        #include <stddef.h>
        int main(void) { static int a[1-2*!(offsetof(struct tmp, target) > 1)]; a[0]=0; return 0; }
-----------
Command line: `/usr/local/lib/android/sdk/ndk/29.0.14206865/toolchains/llvm/prebuilt/linux-x86_64/bin/aarch64-linux-android26-clang /tmp/tmp.UgJ7zjghg8/glib/_build-arm64-v8a/meson-private/tmpuygpcafs/testfile.c -o /tmp/tmp.UgJ7zjghg8/glib/_build-arm64-v8a/meson-private/tmpuygpcafs/output.obj -c -D_FILE_OFFSET_BITS=64 -O0 -U_FORTIFY_SOURCE -Werror=implicit-function-declaration -Werror=unknown-warning-option -Werror=unused-command-line-argument -Werror=ignored-optimization-argument` -> 0
Running compile:
Working directory:  /tmp/tmp.UgJ7zjghg8/glib/_build-arm64-v8a/meson-private/tmpysctiqdm
Code:

        #include <stddef.h>
        struct tmp {
            char c;
            short target;
        };
        #include <stddef.h>
        int main(void) { static int a[1-2*!(offsetof(struct tmp, target) > 3)]; a[0]=0; return 0; }
-----------
Command line: `/usr/local/lib/android/sdk/ndk/29.0.14206865/toolchains/llvm/prebuilt/linux-x86_64/bin/aarch64-linux-android26-clang /tmp/tmp.UgJ7zjghg8/glib/_build-arm64-v8a/meson-private/tmpysctiqdm/testfile.c -o /tmp/tmp.UgJ7zjghg8/glib/_build-arm64-v8a/meson-private/tmpysctiqdm/output.obj -c -D_FILE_OFFSET_BITS=64 -O0 -U_FORTIFY_SOURCE -Werror=implicit-function-declaration -Werror=unknown-warning-option -Werror=unused-command-line-argument -Werror=ignored-optimization-argument` -> 1
stderr:
/tmp/tmp.UgJ7zjghg8/glib/_build-arm64-v8a/meson-private/tmpysctiqdm/testfile.c:8:39: error: 'a' declared as an array with a negative size
    8 |         int main(void) { static int a[1-2*!(offsetof(struct tmp, target) > 3)]; a[0]=0; return 0; }
      |                                       ^~~~~~~~~~~~~~~~~~~~~~~~~~~~~~~~~~~~~~~
1 error generated.
-----------
Running compile:
Working directory:  /tmp/tmp.UgJ7zjghg8/glib/_build-arm64-v8a/meson-private/tmp4kt6d6d5
Code:

        #include <stddef.h>
        struct tmp {
            char c;
            short target;
        };
        #include <stddef.h>
        int main(void) { static int a[1-2*!(offsetof(struct tmp, target) <= 2)]; a[0]=0; return 0; }
-----------
Command line: `/usr/local/lib/android/sdk/ndk/29.0.14206865/toolchains/llvm/prebuilt/linux-x86_64/bin/aarch64-linux-android26-clang /tmp/tmp.UgJ7zjghg8/glib/_build-arm64-v8a/meson-private/tmp4kt6d6d5/testfile.c -o /tmp/tmp.UgJ7zjghg8/glib/_build-arm64-v8a/meson-private/tmp4kt6d6d5/output.obj -c -D_FILE_OFFSET_BITS=64 -O0 -U_FORTIFY_SOURCE -Werror=implicit-function-declaration -Werror=unknown-warning-option -Werror=unused-command-line-argument -Werror=ignored-optimization-argument` -> 0
Checking for alignment of "short" : 2 
Running compile:
Working directory:  /tmp/tmp.UgJ7zjghg8/glib/_build-arm64-v8a/meson-private/tmph9xv4xtc
Code:

        #include <stddef.h>
        int main(void) {
            int something;
            return 0;
        }
-----------
Command line: `/usr/local/lib/android/sdk/ndk/29.0.14206865/toolchains/llvm/prebuilt/linux-x86_64/bin/aarch64-linux-android26-clang /tmp/tmp.UgJ7zjghg8/glib/_build-arm64-v8a/meson-private/tmph9xv4xtc/testfile.c -o /tmp/tmp.UgJ7zjghg8/glib/_build-arm64-v8a/meson-private/tmph9xv4xtc/output.obj -c -D_FILE_OFFSET_BITS=64 -O0 -U_FORTIFY_SOURCE -Werror=implicit-function-declaration -Werror=unknown-warning-option -Werror=unused-command-line-argument -Werror=ignored-optimization-argument` -> 0
Running compile:
Working directory:  /tmp/tmp59seypvd
Code:

        
        #include <stddef.h>
        struct tmp {
            char c;
            int target;
        };
        #ifndef offsetof(struct tmp, target)
        # define offsetof(struct tmp, target) "MESON_GET_DEFINE_UNDEFINED_SENTINEL"
        #endif
        "MESON_GET_DEFINE_DELIMITER_START"
offsetof(struct tmp, target)
"MESON_GET_DEFINE_DELIMITER_END"
-----------
Command line: `/usr/local/lib/android/sdk/ndk/29.0.14206865/toolchains/llvm/prebuilt/linux-x86_64/bin/aarch64-linux-android26-clang /tmp/tmp59seypvd/testfile.c -E -P -D_FILE_OFFSET_BITS=64 -P -O0 -U_FORTIFY_SOURCE -Werror=implicit-function-declaration` -> 0
stdout:
typedef long int ptrdiff_t;
typedef long unsigned int size_t;
typedef unsigned int wchar_t;
typedef struct {
  long long __clang_max_align_nonce1
      __attribute__((__aligned__(__alignof__(long long))));
  long double __clang_max_align_nonce2
      __attribute__((__aligned__(__alignof__(long double))));
} max_align_t;
 struct tmp {
            char c;
            int target;
        };
        "MESON_GET_DEFINE_DELIMITER_START"
__builtin_offsetof(struct tmp, target)
"MESON_GET_DEFINE_DELIMITER_END"
-----------
stderr:
/tmp/tmp59seypvd/testfile.c:8:25: warning: extra tokens at end of #ifndef directive [-Wextra-tokens]
    8 |         #ifndef offsetof(struct tmp, target)
      |                         ^
      |                         //
1 warning generated.
-----------
Running compile:
Working directory:  /tmp/tmp.UgJ7zjghg8/glib/_build-arm64-v8a/meson-private/tmpdv3ck34q
Code:

                #include <stdio.h>
                #include <stdint.h>
                int main(void) { int expression = __builtin_offsetof(struct tmp, target); printf("%d", expression); return 0; }
-----------
Command line: `cc /tmp/tmp.UgJ7zjghg8/glib/_build-arm64-v8a/meson-private/tmpdv3ck34q/testfile.c -o /tmp/tmp.UgJ7zjghg8/glib/_build-arm64-v8a/meson-private/tmpdv3ck34q/output.exe -D_FILE_OFFSET_BITS=64 -O0 -U_FORTIFY_SOURCE` -> 1
stderr:
/tmp/tmp.UgJ7zjghg8/glib/_build-arm64-v8a/meson-private/tmpdv3ck34q/testfile.c: In function 'main':
/tmp/tmp.UgJ7zjghg8/glib/_build-arm64-v8a/meson-private/tmpdv3ck34q/testfile.c:4:51: error: invalid use of undefined type 'struct tmp'
    4 |                 int main(void) { int expression = __builtin_offsetof(struct tmp, target); printf("%d", expression); return 0; }
      |                                                   ^~~~~~~~~~~~~~~~~~
-----------
Could not compile test file /tmp/tmp.UgJ7zjghg8/glib/_build-arm64-v8a/meson-private/tmpdv3ck34q/testfile.c: 1

Running compile:
Working directory:  /tmp/tmp.UgJ7zjghg8/glib/_build-arm64-v8a/meson-private/tmpquw3n95_
Code:

        #include <stddef.h>
        struct tmp {
            char c;
            int target;
        };
        #include <stddef.h>
        int main(void) { static int a[1-2*!(offsetof(struct tmp, target) >= 0)]; a[0]=0; return 0; }
-----------
Command line: `/usr/local/lib/android/sdk/ndk/29.0.14206865/toolchains/llvm/prebuilt/linux-x86_64/bin/aarch64-linux-android26-clang /tmp/tmp.UgJ7zjghg8/glib/_build-arm64-v8a/meson-private/tmpquw3n95_/testfile.c -o /tmp/tmp.UgJ7zjghg8/glib/_build-arm64-v8a/meson-private/tmpquw3n95_/output.obj -c -D_FILE_OFFSET_BITS=64 -O0 -U_FORTIFY_SOURCE -Werror=implicit-function-declaration -Werror=unknown-warning-option -Werror=unused-command-line-argument -Werror=ignored-optimization-argument` -> 0
Running compile:
Working directory:  /tmp/tmp.UgJ7zjghg8/glib/_build-arm64-v8a/meson-private/tmp0_dbfdul
Code:

        #include <stddef.h>
        struct tmp {
            char c;
            int target;
        };
        #include <stddef.h>
        int main(void) { static int a[1-2*!(offsetof(struct tmp, target) > 0)]; a[0]=0; return 0; }
-----------
Command line: `/usr/local/lib/android/sdk/ndk/29.0.14206865/toolchains/llvm/prebuilt/linux-x86_64/bin/aarch64-linux-android26-clang /tmp/tmp.UgJ7zjghg8/glib/_build-arm64-v8a/meson-private/tmp0_dbfdul/testfile.c -o /tmp/tmp.UgJ7zjghg8/glib/_build-arm64-v8a/meson-private/tmp0_dbfdul/output.obj -c -D_FILE_OFFSET_BITS=64 -O0 -U_FORTIFY_SOURCE -Werror=implicit-function-declaration -Werror=unknown-warning-option -Werror=unused-command-line-argument -Werror=ignored-optimization-argument` -> 0
Running compile:
Working directory:  /tmp/tmp.UgJ7zjghg8/glib/_build-arm64-v8a/meson-private/tmp2bsf83am
Code:

        #include <stddef.h>
        struct tmp {
            char c;
            int target;
        };
        #include <stddef.h>
        int main(void) { static int a[1-2*!(offsetof(struct tmp, target) > 1)]; a[0]=0; return 0; }
-----------
Command line: `/usr/local/lib/android/sdk/ndk/29.0.14206865/toolchains/llvm/prebuilt/linux-x86_64/bin/aarch64-linux-android26-clang /tmp/tmp.UgJ7zjghg8/glib/_build-arm64-v8a/meson-private/tmp2bsf83am/testfile.c -o /tmp/tmp.UgJ7zjghg8/glib/_build-arm64-v8a/meson-private/tmp2bsf83am/output.obj -c -D_FILE_OFFSET_BITS=64 -O0 -U_FORTIFY_SOURCE -Werror=implicit-function-declaration -Werror=unknown-warning-option -Werror=unused-command-line-argument -Werror=ignored-optimization-argument` -> 0
Running compile:
Working directory:  /tmp/tmp.UgJ7zjghg8/glib/_build-arm64-v8a/meson-private/tmpq682d_ml
Code:

        #include <stddef.h>
        struct tmp {
            char c;
            int target;
        };
        #include <stddef.h>
        int main(void) { static int a[1-2*!(offsetof(struct tmp, target) > 3)]; a[0]=0; return 0; }
-----------
Command line: `/usr/local/lib/android/sdk/ndk/29.0.14206865/toolchains/llvm/prebuilt/linux-x86_64/bin/aarch64-linux-android26-clang /tmp/tmp.UgJ7zjghg8/glib/_build-arm64-v8a/meson-private/tmpq682d_ml/testfile.c -o /tmp/tmp.UgJ7zjghg8/glib/_build-arm64-v8a/meson-private/tmpq682d_ml/output.obj -c -D_FILE_OFFSET_BITS=64 -O0 -U_FORTIFY_SOURCE -Werror=implicit-function-declaration -Werror=unknown-warning-option -Werror=unused-command-line-argument -Werror=ignored-optimization-argument` -> 0
Running compile:
Working directory:  /tmp/tmp.UgJ7zjghg8/glib/_build-arm64-v8a/meson-private/tmp4ws4k21q
Code:

        #include <stddef.h>
        struct tmp {
            char c;
            int target;
        };
        #include <stddef.h>
        int main(void) { static int a[1-2*!(offsetof(struct tmp, target) > 7)]; a[0]=0; return 0; }
-----------
Command line: `/usr/local/lib/android/sdk/ndk/29.0.14206865/toolchains/llvm/prebuilt/linux-x86_64/bin/aarch64-linux-android26-clang /tmp/tmp.UgJ7zjghg8/glib/_build-arm64-v8a/meson-private/tmp4ws4k21q/testfile.c -o /tmp/tmp.UgJ7zjghg8/glib/_build-arm64-v8a/meson-private/tmp4ws4k21q/output.obj -c -D_FILE_OFFSET_BITS=64 -O0 -U_FORTIFY_SOURCE -Werror=implicit-function-declaration -Werror=unknown-warning-option -Werror=unused-command-line-argument -Werror=ignored-optimization-argument` -> 1
stderr:
/tmp/tmp.UgJ7zjghg8/glib/_build-arm64-v8a/meson-private/tmp4ws4k21q/testfile.c:8:39: error: 'a' declared as an array with a negative size
    8 |         int main(void) { static int a[1-2*!(offsetof(struct tmp, target) > 7)]; a[0]=0; return 0; }
      |                                       ^~~~~~~~~~~~~~~~~~~~~~~~~~~~~~~~~~~~~~~
1 error generated.
-----------
Running compile:
Working directory:  /tmp/tmp.UgJ7zjghg8/glib/_build-arm64-v8a/meson-private/tmphsz64xxm
Code:

        #include <stddef.h>
        struct tmp {
            char c;
            int target;
        };
        #include <stddef.h>
        int main(void) { static int a[1-2*!(offsetof(struct tmp, target) <= 5)]; a[0]=0; return 0; }
-----------
Command line: `/usr/local/lib/android/sdk/ndk/29.0.14206865/toolchains/llvm/prebuilt/linux-x86_64/bin/aarch64-linux-android26-clang /tmp/tmp.UgJ7zjghg8/glib/_build-arm64-v8a/meson-private/tmphsz64xxm/testfile.c -o /tmp/tmp.UgJ7zjghg8/glib/_build-arm64-v8a/meson-private/tmphsz64xxm/output.obj -c -D_FILE_OFFSET_BITS=64 -O0 -U_FORTIFY_SOURCE -Werror=implicit-function-declaration -Werror=unknown-warning-option -Werror=unused-command-line-argument -Werror=ignored-optimization-argument` -> 0
Running compile:
Working directory:  /tmp/tmp.UgJ7zjghg8/glib/_build-arm64-v8a/meson-private/tmpreyvgimt
Code:

        #include <stddef.h>
        struct tmp {
            char c;
            int target;
        };
        #include <stddef.h>
        int main(void) { static int a[1-2*!(offsetof(struct tmp, target) <= 4)]; a[0]=0; return 0; }
-----------
Command line: `/usr/local/lib/android/sdk/ndk/29.0.14206865/toolchains/llvm/prebuilt/linux-x86_64/bin/aarch64-linux-android26-clang /tmp/tmp.UgJ7zjghg8/glib/_build-arm64-v8a/meson-private/tmpreyvgimt/testfile.c -o /tmp/tmp.UgJ7zjghg8/glib/_build-arm64-v8a/meson-private/tmpreyvgimt/output.obj -c -D_FILE_OFFSET_BITS=64 -O0 -U_FORTIFY_SOURCE -Werror=implicit-function-declaration -Werror=unknown-warning-option -Werror=unused-command-line-argument -Werror=ignored-optimization-argument` -> 0
Checking for alignment of "int" : 4 
Running compile:
Working directory:  /tmp/tmp.UgJ7zjghg8/glib/_build-arm64-v8a/meson-private/tmp4oxrqwov
Code:

        #include <stddef.h>
        int main(void) {
            void* something;
            return 0;
        }
-----------
Command line: `/usr/local/lib/android/sdk/ndk/29.0.14206865/toolchains/llvm/prebuilt/linux-x86_64/bin/aarch64-linux-android26-clang /tmp/tmp.UgJ7zjghg8/glib/_build-arm64-v8a/meson-private/tmp4oxrqwov/testfile.c -o /tmp/tmp.UgJ7zjghg8/glib/_build-arm64-v8a/meson-private/tmp4oxrqwov/output.obj -c -D_FILE_OFFSET_BITS=64 -O0 -U_FORTIFY_SOURCE -Werror=implicit-function-declaration -Werror=unknown-warning-option -Werror=unused-command-line-argument -Werror=ignored-optimization-argument` -> 0
Running compile:
Working directory:  /tmp/tmp0ja_acsw
Code:

        
        #include <stddef.h>
        struct tmp {
            char c;
            void* target;
        };
        #ifndef offsetof(struct tmp, target)
        # define offsetof(struct tmp, target) "MESON_GET_DEFINE_UNDEFINED_SENTINEL"
        #endif
        "MESON_GET_DEFINE_DELIMITER_START"
offsetof(struct tmp, target)
"MESON_GET_DEFINE_DELIMITER_END"
-----------
Command line: `/usr/local/lib/android/sdk/ndk/29.0.14206865/toolchains/llvm/prebuilt/linux-x86_64/bin/aarch64-linux-android26-clang /tmp/tmp0ja_acsw/testfile.c -E -P -D_FILE_OFFSET_BITS=64 -P -O0 -U_FORTIFY_SOURCE -Werror=implicit-function-declaration` -> 0
stdout:
typedef long int ptrdiff_t;
typedef long unsigned int size_t;
typedef unsigned int wchar_t;
typedef struct {
  long long __clang_max_align_nonce1
      __attribute__((__aligned__(__alignof__(long long))));
  long double __clang_max_align_nonce2
      __attribute__((__aligned__(__alignof__(long double))));
} max_align_t;
 struct tmp {
            char c;
            void* target;
        };
        "MESON_GET_DEFINE_DELIMITER_START"
__builtin_offsetof(struct tmp, target)
"MESON_GET_DEFINE_DELIMITER_END"
-----------
stderr:
/tmp/tmp0ja_acsw/testfile.c:8:25: warning: extra tokens at end of #ifndef directive [-Wextra-tokens]
    8 |         #ifndef offsetof(struct tmp, target)
      |                         ^
      |                         //
1 warning generated.
-----------
Running compile:
Working directory:  /tmp/tmp.UgJ7zjghg8/glib/_build-arm64-v8a/meson-private/tmpueeb8ntl
Code:

                #include <stdio.h>
                #include <stdint.h>
                int main(void) { int expression = __builtin_offsetof(struct tmp, target); printf("%d", expression); return 0; }
-----------
Command line: `cc /tmp/tmp.UgJ7zjghg8/glib/_build-arm64-v8a/meson-private/tmpueeb8ntl/testfile.c -o /tmp/tmp.UgJ7zjghg8/glib/_build-arm64-v8a/meson-private/tmpueeb8ntl/output.exe -D_FILE_OFFSET_BITS=64 -O0 -U_FORTIFY_SOURCE` -> 1
stderr:
/tmp/tmp.UgJ7zjghg8/glib/_build-arm64-v8a/meson-private/tmpueeb8ntl/testfile.c: In function 'main':
/tmp/tmp.UgJ7zjghg8/glib/_build-arm64-v8a/meson-private/tmpueeb8ntl/testfile.c:4:51: error: invalid use of undefined type 'struct tmp'
    4 |                 int main(void) { int expression = __builtin_offsetof(struct tmp, target); printf("%d", expression); return 0; }
      |                                                   ^~~~~~~~~~~~~~~~~~
-----------
Could not compile test file /tmp/tmp.UgJ7zjghg8/glib/_build-arm64-v8a/meson-private/tmpueeb8ntl/testfile.c: 1

Running compile:
Working directory:  /tmp/tmp.UgJ7zjghg8/glib/_build-arm64-v8a/meson-private/tmpjgx1hk_6
Code:

        #include <stddef.h>
        struct tmp {
            char c;
            void* target;
        };
        #include <stddef.h>
        int main(void) { static int a[1-2*!(offsetof(struct tmp, target) >= 0)]; a[0]=0; return 0; }
-----------
Command line: `/usr/local/lib/android/sdk/ndk/29.0.14206865/toolchains/llvm/prebuilt/linux-x86_64/bin/aarch64-linux-android26-clang /tmp/tmp.UgJ7zjghg8/glib/_build-arm64-v8a/meson-private/tmpjgx1hk_6/testfile.c -o /tmp/tmp.UgJ7zjghg8/glib/_build-arm64-v8a/meson-private/tmpjgx1hk_6/output.obj -c -D_FILE_OFFSET_BITS=64 -O0 -U_FORTIFY_SOURCE -Werror=implicit-function-declaration -Werror=unknown-warning-option -Werror=unused-command-line-argument -Werror=ignored-optimization-argument` -> 0
Running compile:
Working directory:  /tmp/tmp.UgJ7zjghg8/glib/_build-arm64-v8a/meson-private/tmpy1r3dve7
Code:

        #include <stddef.h>
        struct tmp {
            char c;
            void* target;
        };
        #include <stddef.h>
        int main(void) { static int a[1-2*!(offsetof(struct tmp, target) > 0)]; a[0]=0; return 0; }
-----------
Command line: `/usr/local/lib/android/sdk/ndk/29.0.14206865/toolchains/llvm/prebuilt/linux-x86_64/bin/aarch64-linux-android26-clang /tmp/tmp.UgJ7zjghg8/glib/_build-arm64-v8a/meson-private/tmpy1r3dve7/testfile.c -o /tmp/tmp.UgJ7zjghg8/glib/_build-arm64-v8a/meson-private/tmpy1r3dve7/output.obj -c -D_FILE_OFFSET_BITS=64 -O0 -U_FORTIFY_SOURCE -Werror=implicit-function-declaration -Werror=unknown-warning-option -Werror=unused-command-line-argument -Werror=ignored-optimization-argument` -> 0
Running compile:
Working directory:  /tmp/tmp.UgJ7zjghg8/glib/_build-arm64-v8a/meson-private/tmpnptkzplw
Code:

        #include <stddef.h>
        struct tmp {
            char c;
            void* target;
        };
        #include <stddef.h>
        int main(void) { static int a[1-2*!(offsetof(struct tmp, target) > 1)]; a[0]=0; return 0; }
-----------
Command line: `/usr/local/lib/android/sdk/ndk/29.0.14206865/toolchains/llvm/prebuilt/linux-x86_64/bin/aarch64-linux-android26-clang /tmp/tmp.UgJ7zjghg8/glib/_build-arm64-v8a/meson-private/tmpnptkzplw/testfile.c -o /tmp/tmp.UgJ7zjghg8/glib/_build-arm64-v8a/meson-private/tmpnptkzplw/output.obj -c -D_FILE_OFFSET_BITS=64 -O0 -U_FORTIFY_SOURCE -Werror=implicit-function-declaration -Werror=unknown-warning-option -Werror=unused-command-line-argument -Werror=ignored-optimization-argument` -> 0
Running compile:
Working directory:  /tmp/tmp.UgJ7zjghg8/glib/_build-arm64-v8a/meson-private/tmpozqvadrq
Code:

        #include <stddef.h>
        struct tmp {
            char c;
            void* target;
        };
        #include <stddef.h>
        int main(void) { static int a[1-2*!(offsetof(struct tmp, target) > 3)]; a[0]=0; return 0; }
-----------
Command line: `/usr/local/lib/android/sdk/ndk/29.0.14206865/toolchains/llvm/prebuilt/linux-x86_64/bin/aarch64-linux-android26-clang /tmp/tmp.UgJ7zjghg8/glib/_build-arm64-v8a/meson-private/tmpozqvadrq/testfile.c -o /tmp/tmp.UgJ7zjghg8/glib/_build-arm64-v8a/meson-private/tmpozqvadrq/output.obj -c -D_FILE_OFFSET_BITS=64 -O0 -U_FORTIFY_SOURCE -Werror=implicit-function-declaration -Werror=unknown-warning-option -Werror=unused-command-line-argument -Werror=ignored-optimization-argument` -> 0
Running compile:
Working directory:  /tmp/tmp.UgJ7zjghg8/glib/_build-arm64-v8a/meson-private/tmpceh6etsr
Code:

        #include <stddef.h>
        struct tmp {
            char c;
            void* target;
        };
        #include <stddef.h>
        int main(void) { static int a[1-2*!(offsetof(struct tmp, target) > 7)]; a[0]=0; return 0; }
-----------
Command line: `/usr/local/lib/android/sdk/ndk/29.0.14206865/toolchains/llvm/prebuilt/linux-x86_64/bin/aarch64-linux-android26-clang /tmp/tmp.UgJ7zjghg8/glib/_build-arm64-v8a/meson-private/tmpceh6etsr/testfile.c -o /tmp/tmp.UgJ7zjghg8/glib/_build-arm64-v8a/meson-private/tmpceh6etsr/output.obj -c -D_FILE_OFFSET_BITS=64 -O0 -U_FORTIFY_SOURCE -Werror=implicit-function-declaration -Werror=unknown-warning-option -Werror=unused-command-line-argument -Werror=ignored-optimization-argument` -> 0
Running compile:
Working directory:  /tmp/tmp.UgJ7zjghg8/glib/_build-arm64-v8a/meson-private/tmpr8ir_z3q
Code:

        #include <stddef.h>
        struct tmp {
            char c;
            void* target;
        };
        #include <stddef.h>
        int main(void) { static int a[1-2*!(offsetof(struct tmp, target) > 15)]; a[0]=0; return 0; }
-----------
Command line: `/usr/local/lib/android/sdk/ndk/29.0.14206865/toolchains/llvm/prebuilt/linux-x86_64/bin/aarch64-linux-android26-clang /tmp/tmp.UgJ7zjghg8/glib/_build-arm64-v8a/meson-private/tmpr8ir_z3q/testfile.c -o /tmp/tmp.UgJ7zjghg8/glib/_build-arm64-v8a/meson-private/tmpr8ir_z3q/output.obj -c -D_FILE_OFFSET_BITS=64 -O0 -U_FORTIFY_SOURCE -Werror=implicit-function-declaration -Werror=unknown-warning-option -Werror=unused-command-line-argument -Werror=ignored-optimization-argument` -> 1
stderr:
/tmp/tmp.UgJ7zjghg8/glib/_build-arm64-v8a/meson-private/tmpr8ir_z3q/testfile.c:8:39: error: 'a' declared as an array with a negative size
    8 |         int main(void) { static int a[1-2*!(offsetof(struct tmp, target) > 15)]; a[0]=0; return 0; }
      |                                       ^~~~~~~~~~~~~~~~~~~~~~~~~~~~~~~~~~~~~~~~
1 error generated.
-----------
Running compile:
Working directory:  /tmp/tmp.UgJ7zjghg8/glib/_build-arm64-v8a/meson-private/tmp4c58gt9c
Code:

        #include <stddef.h>
        struct tmp {
            char c;
            void* target;
        };
        #include <stddef.h>
        int main(void) { static int a[1-2*!(offsetof(struct tmp, target) <= 11)]; a[0]=0; return 0; }
-----------
Command line: `/usr/local/lib/android/sdk/ndk/29.0.14206865/toolchains/llvm/prebuilt/linux-x86_64/bin/aarch64-linux-android26-clang /tmp/tmp.UgJ7zjghg8/glib/_build-arm64-v8a/meson-private/tmp4c58gt9c/testfile.c -o /tmp/tmp.UgJ7zjghg8/glib/_build-arm64-v8a/meson-private/tmp4c58gt9c/output.obj -c -D_FILE_OFFSET_BITS=64 -O0 -U_FORTIFY_SOURCE -Werror=implicit-function-declaration -Werror=unknown-warning-option -Werror=unused-command-line-argument -Werror=ignored-optimization-argument` -> 0
Running compile:
Working directory:  /tmp/tmp.UgJ7zjghg8/glib/_build-arm64-v8a/meson-private/tmpig2ynbix
Code:

        #include <stddef.h>
        struct tmp {
            char c;
            void* target;
        };
        #include <stddef.h>
        int main(void) { static int a[1-2*!(offsetof(struct tmp, target) <= 9)]; a[0]=0; return 0; }
-----------
Command line: `/usr/local/lib/android/sdk/ndk/29.0.14206865/toolchains/llvm/prebuilt/linux-x86_64/bin/aarch64-linux-android26-clang /tmp/tmp.UgJ7zjghg8/glib/_build-arm64-v8a/meson-private/tmpig2ynbix/testfile.c -o /tmp/tmp.UgJ7zjghg8/glib/_build-arm64-v8a/meson-private/tmpig2ynbix/output.obj -c -D_FILE_OFFSET_BITS=64 -O0 -U_FORTIFY_SOURCE -Werror=implicit-function-declaration -Werror=unknown-warning-option -Werror=unused-command-line-argument -Werror=ignored-optimization-argument` -> 0
Running compile:
Working directory:  /tmp/tmp.UgJ7zjghg8/glib/_build-arm64-v8a/meson-private/tmpn2db8swr
Code:

        #include <stddef.h>
        struct tmp {
            char c;
            void* target;
        };
        #include <stddef.h>
        int main(void) { static int a[1-2*!(offsetof(struct tmp, target) <= 8)]; a[0]=0; return 0; }
-----------
Command line: `/usr/local/lib/android/sdk/ndk/29.0.14206865/toolchains/llvm/prebuilt/linux-x86_64/bin/aarch64-linux-android26-clang /tmp/tmp.UgJ7zjghg8/glib/_build-arm64-v8a/meson-private/tmpn2db8swr/testfile.c -o /tmp/tmp.UgJ7zjghg8/glib/_build-arm64-v8a/meson-private/tmpn2db8swr/output.obj -c -D_FILE_OFFSET_BITS=64 -O0 -U_FORTIFY_SOURCE -Werror=implicit-function-declaration -Werror=unknown-warning-option -Werror=unused-command-line-argument -Werror=ignored-optimization-argument` -> 0
Checking for alignment of "void*" : 8 
Running compile:
Working directory:  /tmp/tmp.UgJ7zjghg8/glib/_build-arm64-v8a/meson-private/tmpz43vv2og
Code:

        #include <stddef.h>
        int main(void) {
            long something;
            return 0;
        }
-----------
Command line: `/usr/local/lib/android/sdk/ndk/29.0.14206865/toolchains/llvm/prebuilt/linux-x86_64/bin/aarch64-linux-android26-clang /tmp/tmp.UgJ7zjghg8/glib/_build-arm64-v8a/meson-private/tmpz43vv2og/testfile.c -o /tmp/tmp.UgJ7zjghg8/glib/_build-arm64-v8a/meson-private/tmpz43vv2og/output.obj -c -D_FILE_OFFSET_BITS=64 -O0 -U_FORTIFY_SOURCE -Werror=implicit-function-declaration -Werror=unknown-warning-option -Werror=unused-command-line-argument -Werror=ignored-optimization-argument` -> 0
Running compile:
Working directory:  /tmp/tmpc2dcxc6a
Code:

        
        #include <stddef.h>
        struct tmp {
            char c;
            long target;
        };
        #ifndef offsetof(struct tmp, target)
        # define offsetof(struct tmp, target) "MESON_GET_DEFINE_UNDEFINED_SENTINEL"
        #endif
        "MESON_GET_DEFINE_DELIMITER_START"
offsetof(struct tmp, target)
"MESON_GET_DEFINE_DELIMITER_END"
-----------
Command line: `/usr/local/lib/android/sdk/ndk/29.0.14206865/toolchains/llvm/prebuilt/linux-x86_64/bin/aarch64-linux-android26-clang /tmp/tmpc2dcxc6a/testfile.c -E -P -D_FILE_OFFSET_BITS=64 -P -O0 -U_FORTIFY_SOURCE -Werror=implicit-function-declaration` -> 0
stdout:
typedef long int ptrdiff_t;
typedef long unsigned int size_t;
typedef unsigned int wchar_t;
typedef struct {
  long long __clang_max_align_nonce1
      __attribute__((__aligned__(__alignof__(long long))));
  long double __clang_max_align_nonce2
      __attribute__((__aligned__(__alignof__(long double))));
} max_align_t;
 struct tmp {
            char c;
            long target;
        };
        "MESON_GET_DEFINE_DELIMITER_START"
__builtin_offsetof(struct tmp, target)
"MESON_GET_DEFINE_DELIMITER_END"
-----------
stderr:
/tmp/tmpc2dcxc6a/testfile.c:8:25: warning: extra tokens at end of #ifndef directive [-Wextra-tokens]
    8 |         #ifndef offsetof(struct tmp, target)
      |                         ^
      |                         //
1 warning generated.
-----------
Running compile:
Working directory:  /tmp/tmp.UgJ7zjghg8/glib/_build-arm64-v8a/meson-private/tmpktjsny9h
Code:

                #include <stdio.h>
                #include <stdint.h>
                int main(void) { int expression = __builtin_offsetof(struct tmp, target); printf("%d", expression); return 0; }
-----------
Command line: `cc /tmp/tmp.UgJ7zjghg8/glib/_build-arm64-v8a/meson-private/tmpktjsny9h/testfile.c -o /tmp/tmp.UgJ7zjghg8/glib/_build-arm64-v8a/meson-private/tmpktjsny9h/output.exe -D_FILE_OFFSET_BITS=64 -O0 -U_FORTIFY_SOURCE` -> 1
stderr:
/tmp/tmp.UgJ7zjghg8/glib/_build-arm64-v8a/meson-private/tmpktjsny9h/testfile.c: In function 'main':
/tmp/tmp.UgJ7zjghg8/glib/_build-arm64-v8a/meson-private/tmpktjsny9h/testfile.c:4:51: error: invalid use of undefined type 'struct tmp'
    4 |                 int main(void) { int expression = __builtin_offsetof(struct tmp, target); printf("%d", expression); return 0; }
      |                                                   ^~~~~~~~~~~~~~~~~~
-----------
Could not compile test file /tmp/tmp.UgJ7zjghg8/glib/_build-arm64-v8a/meson-private/tmpktjsny9h/testfile.c: 1

Running compile:
Working directory:  /tmp/tmp.UgJ7zjghg8/glib/_build-arm64-v8a/meson-private/tmp1m9xlzha
Code:

        #include <stddef.h>
        struct tmp {
            char c;
            long target;
        };
        #include <stddef.h>
        int main(void) { static int a[1-2*!(offsetof(struct tmp, target) >= 0)]; a[0]=0; return 0; }
-----------
Command line: `/usr/local/lib/android/sdk/ndk/29.0.14206865/toolchains/llvm/prebuilt/linux-x86_64/bin/aarch64-linux-android26-clang /tmp/tmp.UgJ7zjghg8/glib/_build-arm64-v8a/meson-private/tmp1m9xlzha/testfile.c -o /tmp/tmp.UgJ7zjghg8/glib/_build-arm64-v8a/meson-private/tmp1m9xlzha/output.obj -c -D_FILE_OFFSET_BITS=64 -O0 -U_FORTIFY_SOURCE -Werror=implicit-function-declaration -Werror=unknown-warning-option -Werror=unused-command-line-argument -Werror=ignored-optimization-argument` -> 0
Running compile:
Working directory:  /tmp/tmp.UgJ7zjghg8/glib/_build-arm64-v8a/meson-private/tmpeq_v9rsv
Code:

        #include <stddef.h>
        struct tmp {
            char c;
            long target;
        };
        #include <stddef.h>
        int main(void) { static int a[1-2*!(offsetof(struct tmp, target) > 0)]; a[0]=0; return 0; }
-----------
Command line: `/usr/local/lib/android/sdk/ndk/29.0.14206865/toolchains/llvm/prebuilt/linux-x86_64/bin/aarch64-linux-android26-clang /tmp/tmp.UgJ7zjghg8/glib/_build-arm64-v8a/meson-private/tmpeq_v9rsv/testfile.c -o /tmp/tmp.UgJ7zjghg8/glib/_build-arm64-v8a/meson-private/tmpeq_v9rsv/output.obj -c -D_FILE_OFFSET_BITS=64 -O0 -U_FORTIFY_SOURCE -Werror=implicit-function-declaration -Werror=unknown-warning-option -Werror=unused-command-line-argument -Werror=ignored-optimization-argument` -> 0
Running compile:
Working directory:  /tmp/tmp.UgJ7zjghg8/glib/_build-arm64-v8a/meson-private/tmpbzvgnoij
Code:

        #include <stddef.h>
        struct tmp {
            char c;
            long target;
        };
        #include <stddef.h>
        int main(void) { static int a[1-2*!(offsetof(struct tmp, target) > 1)]; a[0]=0; return 0; }
-----------
Command line: `/usr/local/lib/android/sdk/ndk/29.0.14206865/toolchains/llvm/prebuilt/linux-x86_64/bin/aarch64-linux-android26-clang /tmp/tmp.UgJ7zjghg8/glib/_build-arm64-v8a/meson-private/tmpbzvgnoij/testfile.c -o /tmp/tmp.UgJ7zjghg8/glib/_build-arm64-v8a/meson-private/tmpbzvgnoij/output.obj -c -D_FILE_OFFSET_BITS=64 -O0 -U_FORTIFY_SOURCE -Werror=implicit-function-declaration -Werror=unknown-warning-option -Werror=unused-command-line-argument -Werror=ignored-optimization-argument` -> 0
Running compile:
Working directory:  /tmp/tmp.UgJ7zjghg8/glib/_build-arm64-v8a/meson-private/tmprkbkm5ya
Code:

        #include <stddef.h>
        struct tmp {
            char c;
            long target;
        };
        #include <stddef.h>
        int main(void) { static int a[1-2*!(offsetof(struct tmp, target) > 3)]; a[0]=0; return 0; }
-----------
Command line: `/usr/local/lib/android/sdk/ndk/29.0.14206865/toolchains/llvm/prebuilt/linux-x86_64/bin/aarch64-linux-android26-clang /tmp/tmp.UgJ7zjghg8/glib/_build-arm64-v8a/meson-private/tmprkbkm5ya/testfile.c -o /tmp/tmp.UgJ7zjghg8/glib/_build-arm64-v8a/meson-private/tmprkbkm5ya/output.obj -c -D_FILE_OFFSET_BITS=64 -O0 -U_FORTIFY_SOURCE -Werror=implicit-function-declaration -Werror=unknown-warning-option -Werror=unused-command-line-argument -Werror=ignored-optimization-argument` -> 0
Running compile:
Working directory:  /tmp/tmp.UgJ7zjghg8/glib/_build-arm64-v8a/meson-private/tmp91jpv467
Code:

        #include <stddef.h>
        struct tmp {
            char c;
            long target;
        };
        #include <stddef.h>
        int main(void) { static int a[1-2*!(offsetof(struct tmp, target) > 7)]; a[0]=0; return 0; }
-----------
Command line: `/usr/local/lib/android/sdk/ndk/29.0.14206865/toolchains/llvm/prebuilt/linux-x86_64/bin/aarch64-linux-android26-clang /tmp/tmp.UgJ7zjghg8/glib/_build-arm64-v8a/meson-private/tmp91jpv467/testfile.c -o /tmp/tmp.UgJ7zjghg8/glib/_build-arm64-v8a/meson-private/tmp91jpv467/output.obj -c -D_FILE_OFFSET_BITS=64 -O0 -U_FORTIFY_SOURCE -Werror=implicit-function-declaration -Werror=unknown-warning-option -Werror=unused-command-line-argument -Werror=ignored-optimization-argument` -> 0
Running compile:
Working directory:  /tmp/tmp.UgJ7zjghg8/glib/_build-arm64-v8a/meson-private/tmp93g8r058
Code:

        #include <stddef.h>
        struct tmp {
            char c;
            long target;
        };
        #include <stddef.h>
        int main(void) { static int a[1-2*!(offsetof(struct tmp, target) > 15)]; a[0]=0; return 0; }
-----------
Command line: `/usr/local/lib/android/sdk/ndk/29.0.14206865/toolchains/llvm/prebuilt/linux-x86_64/bin/aarch64-linux-android26-clang /tmp/tmp.UgJ7zjghg8/glib/_build-arm64-v8a/meson-private/tmp93g8r058/testfile.c -o /tmp/tmp.UgJ7zjghg8/glib/_build-arm64-v8a/meson-private/tmp93g8r058/output.obj -c -D_FILE_OFFSET_BITS=64 -O0 -U_FORTIFY_SOURCE -Werror=implicit-function-declaration -Werror=unknown-warning-option -Werror=unused-command-line-argument -Werror=ignored-optimization-argument` -> 1
stderr:
/tmp/tmp.UgJ7zjghg8/glib/_build-arm64-v8a/meson-private/tmp93g8r058/testfile.c:8:39: error: 'a' declared as an array with a negative size
    8 |         int main(void) { static int a[1-2*!(offsetof(struct tmp, target) > 15)]; a[0]=0; return 0; }
      |                                       ^~~~~~~~~~~~~~~~~~~~~~~~~~~~~~~~~~~~~~~~
1 error generated.
-----------
Running compile:
Working directory:  /tmp/tmp.UgJ7zjghg8/glib/_build-arm64-v8a/meson-private/tmpkhvbnv41
Code:

        #include <stddef.h>
        struct tmp {
            char c;
            long target;
        };
        #include <stddef.h>
        int main(void) { static int a[1-2*!(offsetof(struct tmp, target) <= 11)]; a[0]=0; return 0; }
-----------
Command line: `/usr/local/lib/android/sdk/ndk/29.0.14206865/toolchains/llvm/prebuilt/linux-x86_64/bin/aarch64-linux-android26-clang /tmp/tmp.UgJ7zjghg8/glib/_build-arm64-v8a/meson-private/tmpkhvbnv41/testfile.c -o /tmp/tmp.UgJ7zjghg8/glib/_build-arm64-v8a/meson-private/tmpkhvbnv41/output.obj -c -D_FILE_OFFSET_BITS=64 -O0 -U_FORTIFY_SOURCE -Werror=implicit-function-declaration -Werror=unknown-warning-option -Werror=unused-command-line-argument -Werror=ignored-optimization-argument` -> 0
Running compile:
Working directory:  /tmp/tmp.UgJ7zjghg8/glib/_build-arm64-v8a/meson-private/tmpfs3ucuko
Code:

        #include <stddef.h>
        struct tmp {
            char c;
            long target;
        };
        #include <stddef.h>
        int main(void) { static int a[1-2*!(offsetof(struct tmp, target) <= 9)]; a[0]=0; return 0; }
-----------
Command line: `/usr/local/lib/android/sdk/ndk/29.0.14206865/toolchains/llvm/prebuilt/linux-x86_64/bin/aarch64-linux-android26-clang /tmp/tmp.UgJ7zjghg8/glib/_build-arm64-v8a/meson-private/tmpfs3ucuko/testfile.c -o /tmp/tmp.UgJ7zjghg8/glib/_build-arm64-v8a/meson-private/tmpfs3ucuko/output.obj -c -D_FILE_OFFSET_BITS=64 -O0 -U_FORTIFY_SOURCE -Werror=implicit-function-declaration -Werror=unknown-warning-option -Werror=unused-command-line-argument -Werror=ignored-optimization-argument` -> 0
Running compile:
Working directory:  /tmp/tmp.UgJ7zjghg8/glib/_build-arm64-v8a/meson-private/tmpobs9uvjz
Code:

        #include <stddef.h>
        struct tmp {
            char c;
            long target;
        };
        #include <stddef.h>
        int main(void) { static int a[1-2*!(offsetof(struct tmp, target) <= 8)]; a[0]=0; return 0; }
-----------
Command line: `/usr/local/lib/android/sdk/ndk/29.0.14206865/toolchains/llvm/prebuilt/linux-x86_64/bin/aarch64-linux-android26-clang /tmp/tmp.UgJ7zjghg8/glib/_build-arm64-v8a/meson-private/tmpobs9uvjz/testfile.c -o /tmp/tmp.UgJ7zjghg8/glib/_build-arm64-v8a/meson-private/tmpobs9uvjz/output.obj -c -D_FILE_OFFSET_BITS=64 -O0 -U_FORTIFY_SOURCE -Werror=implicit-function-declaration -Werror=unknown-warning-option -Werror=unused-command-line-argument -Werror=ignored-optimization-argument` -> 0
Checking for alignment of "long" : 8 
Running compile:
Working directory:  /tmp/tmp.UgJ7zjghg8/glib/_build-arm64-v8a/meson-private/tmpbe7pn5gr
Code:

        #include <stddef.h>
        int main(void) {
            long long something;
            return 0;
        }
-----------
Command line: `/usr/local/lib/android/sdk/ndk/29.0.14206865/toolchains/llvm/prebuilt/linux-x86_64/bin/aarch64-linux-android26-clang /tmp/tmp.UgJ7zjghg8/glib/_build-arm64-v8a/meson-private/tmpbe7pn5gr/testfile.c -o /tmp/tmp.UgJ7zjghg8/glib/_build-arm64-v8a/meson-private/tmpbe7pn5gr/output.obj -c -D_FILE_OFFSET_BITS=64 -O0 -U_FORTIFY_SOURCE -Werror=implicit-function-declaration -Werror=unknown-warning-option -Werror=unused-command-line-argument -Werror=ignored-optimization-argument` -> 0
Running compile:
Working directory:  /tmp/tmpuzy3w7eb
Code:

        
        #include <stddef.h>
        struct tmp {
            char c;
            long long target;
        };
        #ifndef offsetof(struct tmp, target)
        # define offsetof(struct tmp, target) "MESON_GET_DEFINE_UNDEFINED_SENTINEL"
        #endif
        "MESON_GET_DEFINE_DELIMITER_START"
offsetof(struct tmp, target)
"MESON_GET_DEFINE_DELIMITER_END"
-----------
Command line: `/usr/local/lib/android/sdk/ndk/29.0.14206865/toolchains/llvm/prebuilt/linux-x86_64/bin/aarch64-linux-android26-clang /tmp/tmpuzy3w7eb/testfile.c -E -P -D_FILE_OFFSET_BITS=64 -P -O0 -U_FORTIFY_SOURCE -Werror=implicit-function-declaration` -> 0
stdout:
typedef long int ptrdiff_t;
typedef long unsigned int size_t;
typedef unsigned int wchar_t;
typedef struct {
  long long __clang_max_align_nonce1
      __attribute__((__aligned__(__alignof__(long long))));
  long double __clang_max_align_nonce2
      __attribute__((__aligned__(__alignof__(long double))));
} max_align_t;
 struct tmp {
            char c;
            long long target;
        };
        "MESON_GET_DEFINE_DELIMITER_START"
__builtin_offsetof(struct tmp, target)
"MESON_GET_DEFINE_DELIMITER_END"
-----------
stderr:
/tmp/tmpuzy3w7eb/testfile.c:8:25: warning: extra tokens at end of #ifndef directive [-Wextra-tokens]
    8 |         #ifndef offsetof(struct tmp, target)
      |                         ^
      |                         //
1 warning generated.
-----------
Running compile:
Working directory:  /tmp/tmp.UgJ7zjghg8/glib/_build-arm64-v8a/meson-private/tmpi80tyc1_
Code:

                #include <stdio.h>
                #include <stdint.h>
                int main(void) { int expression = __builtin_offsetof(struct tmp, target); printf("%d", expression); return 0; }
-----------
Command line: `cc /tmp/tmp.UgJ7zjghg8/glib/_build-arm64-v8a/meson-private/tmpi80tyc1_/testfile.c -o /tmp/tmp.UgJ7zjghg8/glib/_build-arm64-v8a/meson-private/tmpi80tyc1_/output.exe -D_FILE_OFFSET_BITS=64 -O0 -U_FORTIFY_SOURCE` -> 1
stderr:
/tmp/tmp.UgJ7zjghg8/glib/_build-arm64-v8a/meson-private/tmpi80tyc1_/testfile.c: In function 'main':
/tmp/tmp.UgJ7zjghg8/glib/_build-arm64-v8a/meson-private/tmpi80tyc1_/testfile.c:4:51: error: invalid use of undefined type 'struct tmp'
    4 |                 int main(void) { int expression = __builtin_offsetof(struct tmp, target); printf("%d", expression); return 0; }
      |                                                   ^~~~~~~~~~~~~~~~~~
-----------
Could not compile test file /tmp/tmp.UgJ7zjghg8/glib/_build-arm64-v8a/meson-private/tmpi80tyc1_/testfile.c: 1

Running compile:
Working directory:  /tmp/tmp.UgJ7zjghg8/glib/_build-arm64-v8a/meson-private/tmpacecnn56
Code:

        #include <stddef.h>
        struct tmp {
            char c;
            long long target;
        };
        #include <stddef.h>
        int main(void) { static int a[1-2*!(offsetof(struct tmp, target) >= 0)]; a[0]=0; return 0; }
-----------
Command line: `/usr/local/lib/android/sdk/ndk/29.0.14206865/toolchains/llvm/prebuilt/linux-x86_64/bin/aarch64-linux-android26-clang /tmp/tmp.UgJ7zjghg8/glib/_build-arm64-v8a/meson-private/tmpacecnn56/testfile.c -o /tmp/tmp.UgJ7zjghg8/glib/_build-arm64-v8a/meson-private/tmpacecnn56/output.obj -c -D_FILE_OFFSET_BITS=64 -O0 -U_FORTIFY_SOURCE -Werror=implicit-function-declaration -Werror=unknown-warning-option -Werror=unused-command-line-argument -Werror=ignored-optimization-argument` -> 0
Running compile:
Working directory:  /tmp/tmp.UgJ7zjghg8/glib/_build-arm64-v8a/meson-private/tmpqrykybwh
Code:

        #include <stddef.h>
        struct tmp {
            char c;
            long long target;
        };
        #include <stddef.h>
        int main(void) { static int a[1-2*!(offsetof(struct tmp, target) > 0)]; a[0]=0; return 0; }
-----------
Command line: `/usr/local/lib/android/sdk/ndk/29.0.14206865/toolchains/llvm/prebuilt/linux-x86_64/bin/aarch64-linux-android26-clang /tmp/tmp.UgJ7zjghg8/glib/_build-arm64-v8a/meson-private/tmpqrykybwh/testfile.c -o /tmp/tmp.UgJ7zjghg8/glib/_build-arm64-v8a/meson-private/tmpqrykybwh/output.obj -c -D_FILE_OFFSET_BITS=64 -O0 -U_FORTIFY_SOURCE -Werror=implicit-function-declaration -Werror=unknown-warning-option -Werror=unused-command-line-argument -Werror=ignored-optimization-argument` -> 0
Running compile:
Working directory:  /tmp/tmp.UgJ7zjghg8/glib/_build-arm64-v8a/meson-private/tmpyqta5h3v
Code:

        #include <stddef.h>
        struct tmp {
            char c;
            long long target;
        };
        #include <stddef.h>
        int main(void) { static int a[1-2*!(offsetof(struct tmp, target) > 1)]; a[0]=0; return 0; }
-----------
Command line: `/usr/local/lib/android/sdk/ndk/29.0.14206865/toolchains/llvm/prebuilt/linux-x86_64/bin/aarch64-linux-android26-clang /tmp/tmp.UgJ7zjghg8/glib/_build-arm64-v8a/meson-private/tmpyqta5h3v/testfile.c -o /tmp/tmp.UgJ7zjghg8/glib/_build-arm64-v8a/meson-private/tmpyqta5h3v/output.obj -c -D_FILE_OFFSET_BITS=64 -O0 -U_FORTIFY_SOURCE -Werror=implicit-function-declaration -Werror=unknown-warning-option -Werror=unused-command-line-argument -Werror=ignored-optimization-argument` -> 0
Running compile:
Working directory:  /tmp/tmp.UgJ7zjghg8/glib/_build-arm64-v8a/meson-private/tmpc3wuq56h
Code:

        #include <stddef.h>
        struct tmp {
            char c;
            long long target;
        };
        #include <stddef.h>
        int main(void) { static int a[1-2*!(offsetof(struct tmp, target) > 3)]; a[0]=0; return 0; }
-----------
Command line: `/usr/local/lib/android/sdk/ndk/29.0.14206865/toolchains/llvm/prebuilt/linux-x86_64/bin/aarch64-linux-android26-clang /tmp/tmp.UgJ7zjghg8/glib/_build-arm64-v8a/meson-private/tmpc3wuq56h/testfile.c -o /tmp/tmp.UgJ7zjghg8/glib/_build-arm64-v8a/meson-private/tmpc3wuq56h/output.obj -c -D_FILE_OFFSET_BITS=64 -O0 -U_FORTIFY_SOURCE -Werror=implicit-function-declaration -Werror=unknown-warning-option -Werror=unused-command-line-argument -Werror=ignored-optimization-argument` -> 0
Running compile:
Working directory:  /tmp/tmp.UgJ7zjghg8/glib/_build-arm64-v8a/meson-private/tmpr2yc2pxr
Code:

        #include <stddef.h>
        struct tmp {
            char c;
            long long target;
        };
        #include <stddef.h>
        int main(void) { static int a[1-2*!(offsetof(struct tmp, target) > 7)]; a[0]=0; return 0; }
-----------
Command line: `/usr/local/lib/android/sdk/ndk/29.0.14206865/toolchains/llvm/prebuilt/linux-x86_64/bin/aarch64-linux-android26-clang /tmp/tmp.UgJ7zjghg8/glib/_build-arm64-v8a/meson-private/tmpr2yc2pxr/testfile.c -o /tmp/tmp.UgJ7zjghg8/glib/_build-arm64-v8a/meson-private/tmpr2yc2pxr/output.obj -c -D_FILE_OFFSET_BITS=64 -O0 -U_FORTIFY_SOURCE -Werror=implicit-function-declaration -Werror=unknown-warning-option -Werror=unused-command-line-argument -Werror=ignored-optimization-argument` -> 0
Running compile:
Working directory:  /tmp/tmp.UgJ7zjghg8/glib/_build-arm64-v8a/meson-private/tmp3j3vusep
Code:

        #include <stddef.h>
        struct tmp {
            char c;
            long long target;
        };
        #include <stddef.h>
        int main(void) { static int a[1-2*!(offsetof(struct tmp, target) > 15)]; a[0]=0; return 0; }
-----------
Command line: `/usr/local/lib/android/sdk/ndk/29.0.14206865/toolchains/llvm/prebuilt/linux-x86_64/bin/aarch64-linux-android26-clang /tmp/tmp.UgJ7zjghg8/glib/_build-arm64-v8a/meson-private/tmp3j3vusep/testfile.c -o /tmp/tmp.UgJ7zjghg8/glib/_build-arm64-v8a/meson-private/tmp3j3vusep/output.obj -c -D_FILE_OFFSET_BITS=64 -O0 -U_FORTIFY_SOURCE -Werror=implicit-function-declaration -Werror=unknown-warning-option -Werror=unused-command-line-argument -Werror=ignored-optimization-argument` -> 1
stderr:
/tmp/tmp.UgJ7zjghg8/glib/_build-arm64-v8a/meson-private/tmp3j3vusep/testfile.c:8:39: error: 'a' declared as an array with a negative size
    8 |         int main(void) { static int a[1-2*!(offsetof(struct tmp, target) > 15)]; a[0]=0; return 0; }
      |                                       ^~~~~~~~~~~~~~~~~~~~~~~~~~~~~~~~~~~~~~~~
1 error generated.
-----------
Running compile:
Working directory:  /tmp/tmp.UgJ7zjghg8/glib/_build-arm64-v8a/meson-private/tmpmhkewk85
Code:

        #include <stddef.h>
        struct tmp {
            char c;
            long long target;
        };
        #include <stddef.h>
        int main(void) { static int a[1-2*!(offsetof(struct tmp, target) <= 11)]; a[0]=0; return 0; }
-----------
Command line: `/usr/local/lib/android/sdk/ndk/29.0.14206865/toolchains/llvm/prebuilt/linux-x86_64/bin/aarch64-linux-android26-clang /tmp/tmp.UgJ7zjghg8/glib/_build-arm64-v8a/meson-private/tmpmhkewk85/testfile.c -o /tmp/tmp.UgJ7zjghg8/glib/_build-arm64-v8a/meson-private/tmpmhkewk85/output.obj -c -D_FILE_OFFSET_BITS=64 -O0 -U_FORTIFY_SOURCE -Werror=implicit-function-declaration -Werror=unknown-warning-option -Werror=unused-command-line-argument -Werror=ignored-optimization-argument` -> 0
Running compile:
Working directory:  /tmp/tmp.UgJ7zjghg8/glib/_build-arm64-v8a/meson-private/tmpb8o3j54a
Code:

        #include <stddef.h>
        struct tmp {
            char c;
            long long target;
        };
        #include <stddef.h>
        int main(void) { static int a[1-2*!(offsetof(struct tmp, target) <= 9)]; a[0]=0; return 0; }
-----------
Command line: `/usr/local/lib/android/sdk/ndk/29.0.14206865/toolchains/llvm/prebuilt/linux-x86_64/bin/aarch64-linux-android26-clang /tmp/tmp.UgJ7zjghg8/glib/_build-arm64-v8a/meson-private/tmpb8o3j54a/testfile.c -o /tmp/tmp.UgJ7zjghg8/glib/_build-arm64-v8a/meson-private/tmpb8o3j54a/output.obj -c -D_FILE_OFFSET_BITS=64 -O0 -U_FORTIFY_SOURCE -Werror=implicit-function-declaration -Werror=unknown-warning-option -Werror=unused-command-line-argument -Werror=ignored-optimization-argument` -> 0
Running compile:
Working directory:  /tmp/tmp.UgJ7zjghg8/glib/_build-arm64-v8a/meson-private/tmphab12ohd
Code:

        #include <stddef.h>
        struct tmp {
            char c;
            long long target;
        };
        #include <stddef.h>
        int main(void) { static int a[1-2*!(offsetof(struct tmp, target) <= 8)]; a[0]=0; return 0; }
-----------
Command line: `/usr/local/lib/android/sdk/ndk/29.0.14206865/toolchains/llvm/prebuilt/linux-x86_64/bin/aarch64-linux-android26-clang /tmp/tmp.UgJ7zjghg8/glib/_build-arm64-v8a/meson-private/tmphab12ohd/testfile.c -o /tmp/tmp.UgJ7zjghg8/glib/_build-arm64-v8a/meson-private/tmphab12ohd/output.obj -c -D_FILE_OFFSET_BITS=64 -O0 -U_FORTIFY_SOURCE -Werror=implicit-function-declaration -Werror=unknown-warning-option -Werror=unused-command-line-argument -Werror=ignored-optimization-argument` -> 0
Checking for alignment of "long long" : 8 
Running compile:
Working directory:  /tmp/tmp.UgJ7zjghg8/glib/_build-arm64-v8a/meson-private/tmpsaxxjxx_
Code:

        #include <stddef.h>
        int main(void) {
            size_t something;
            return 0;
        }
-----------
Command line: `/usr/local/lib/android/sdk/ndk/29.0.14206865/toolchains/llvm/prebuilt/linux-x86_64/bin/aarch64-linux-android26-clang /tmp/tmp.UgJ7zjghg8/glib/_build-arm64-v8a/meson-private/tmpsaxxjxx_/testfile.c -o /tmp/tmp.UgJ7zjghg8/glib/_build-arm64-v8a/meson-private/tmpsaxxjxx_/output.obj -c -D_FILE_OFFSET_BITS=64 -O0 -U_FORTIFY_SOURCE -Werror=implicit-function-declaration -Werror=unknown-warning-option -Werror=unused-command-line-argument -Werror=ignored-optimization-argument` -> 0
Running compile:
Working directory:  /tmp/tmpkomp_4yr
Code:

        
        #include <stddef.h>
        struct tmp {
            char c;
            size_t target;
        };
        #ifndef offsetof(struct tmp, target)
        # define offsetof(struct tmp, target) "MESON_GET_DEFINE_UNDEFINED_SENTINEL"
        #endif
        "MESON_GET_DEFINE_DELIMITER_START"
offsetof(struct tmp, target)
"MESON_GET_DEFINE_DELIMITER_END"
-----------
Command line: `/usr/local/lib/android/sdk/ndk/29.0.14206865/toolchains/llvm/prebuilt/linux-x86_64/bin/aarch64-linux-android26-clang /tmp/tmpkomp_4yr/testfile.c -E -P -D_FILE_OFFSET_BITS=64 -P -O0 -U_FORTIFY_SOURCE -Werror=implicit-function-declaration` -> 0
stdout:
typedef long int ptrdiff_t;
typedef long unsigned int size_t;
typedef unsigned int wchar_t;
typedef struct {
  long long __clang_max_align_nonce1
      __attribute__((__aligned__(__alignof__(long long))));
  long double __clang_max_align_nonce2
      __attribute__((__aligned__(__alignof__(long double))));
} max_align_t;
 struct tmp {
            char c;
            size_t target;
        };
        "MESON_GET_DEFINE_DELIMITER_START"
__builtin_offsetof(struct tmp, target)
"MESON_GET_DEFINE_DELIMITER_END"
-----------
stderr:
/tmp/tmpkomp_4yr/testfile.c:8:25: warning: extra tokens at end of #ifndef directive [-Wextra-tokens]
    8 |         #ifndef offsetof(struct tmp, target)
      |                         ^
      |                         //
1 warning generated.
-----------
Running compile:
Working directory:  /tmp/tmp.UgJ7zjghg8/glib/_build-arm64-v8a/meson-private/tmpls6l8ncl
Code:

                #include <stdio.h>
                #include <stdint.h>
                int main(void) { int expression = __builtin_offsetof(struct tmp, target); printf("%d", expression); return 0; }
-----------
Command line: `cc /tmp/tmp.UgJ7zjghg8/glib/_build-arm64-v8a/meson-private/tmpls6l8ncl/testfile.c -o /tmp/tmp.UgJ7zjghg8/glib/_build-arm64-v8a/meson-private/tmpls6l8ncl/output.exe -D_FILE_OFFSET_BITS=64 -O0 -U_FORTIFY_SOURCE` -> 1
stderr:
/tmp/tmp.UgJ7zjghg8/glib/_build-arm64-v8a/meson-private/tmpls6l8ncl/testfile.c: In function 'main':
/tmp/tmp.UgJ7zjghg8/glib/_build-arm64-v8a/meson-private/tmpls6l8ncl/testfile.c:4:51: error: invalid use of undefined type 'struct tmp'
    4 |                 int main(void) { int expression = __builtin_offsetof(struct tmp, target); printf("%d", expression); return 0; }
      |                                                   ^~~~~~~~~~~~~~~~~~
-----------
Could not compile test file /tmp/tmp.UgJ7zjghg8/glib/_build-arm64-v8a/meson-private/tmpls6l8ncl/testfile.c: 1

Running compile:
Working directory:  /tmp/tmp.UgJ7zjghg8/glib/_build-arm64-v8a/meson-private/tmp4x6vyino
Code:

        #include <stddef.h>
        struct tmp {
            char c;
            size_t target;
        };
        #include <stddef.h>
        int main(void) { static int a[1-2*!(offsetof(struct tmp, target) >= 0)]; a[0]=0; return 0; }
-----------
Command line: `/usr/local/lib/android/sdk/ndk/29.0.14206865/toolchains/llvm/prebuilt/linux-x86_64/bin/aarch64-linux-android26-clang /tmp/tmp.UgJ7zjghg8/glib/_build-arm64-v8a/meson-private/tmp4x6vyino/testfile.c -o /tmp/tmp.UgJ7zjghg8/glib/_build-arm64-v8a/meson-private/tmp4x6vyino/output.obj -c -D_FILE_OFFSET_BITS=64 -O0 -U_FORTIFY_SOURCE -Werror=implicit-function-declaration -Werror=unknown-warning-option -Werror=unused-command-line-argument -Werror=ignored-optimization-argument` -> 0
Running compile:
Working directory:  /tmp/tmp.UgJ7zjghg8/glib/_build-arm64-v8a/meson-private/tmp60vmc40f
Code:

        #include <stddef.h>
        struct tmp {
            char c;
            size_t target;
        };
        #include <stddef.h>
        int main(void) { static int a[1-2*!(offsetof(struct tmp, target) > 0)]; a[0]=0; return 0; }
-----------
Command line: `/usr/local/lib/android/sdk/ndk/29.0.14206865/toolchains/llvm/prebuilt/linux-x86_64/bin/aarch64-linux-android26-clang /tmp/tmp.UgJ7zjghg8/glib/_build-arm64-v8a/meson-private/tmp60vmc40f/testfile.c -o /tmp/tmp.UgJ7zjghg8/glib/_build-arm64-v8a/meson-private/tmp60vmc40f/output.obj -c -D_FILE_OFFSET_BITS=64 -O0 -U_FORTIFY_SOURCE -Werror=implicit-function-declaration -Werror=unknown-warning-option -Werror=unused-command-line-argument -Werror=ignored-optimization-argument` -> 0
Running compile:
Working directory:  /tmp/tmp.UgJ7zjghg8/glib/_build-arm64-v8a/meson-private/tmpm_zlblsi
Code:

        #include <stddef.h>
        struct tmp {
            char c;
            size_t target;
        };
        #include <stddef.h>
        int main(void) { static int a[1-2*!(offsetof(struct tmp, target) > 1)]; a[0]=0; return 0; }
-----------
Command line: `/usr/local/lib/android/sdk/ndk/29.0.14206865/toolchains/llvm/prebuilt/linux-x86_64/bin/aarch64-linux-android26-clang /tmp/tmp.UgJ7zjghg8/glib/_build-arm64-v8a/meson-private/tmpm_zlblsi/testfile.c -o /tmp/tmp.UgJ7zjghg8/glib/_build-arm64-v8a/meson-private/tmpm_zlblsi/output.obj -c -D_FILE_OFFSET_BITS=64 -O0 -U_FORTIFY_SOURCE -Werror=implicit-function-declaration -Werror=unknown-warning-option -Werror=unused-command-line-argument -Werror=ignored-optimization-argument` -> 0
Running compile:
Working directory:  /tmp/tmp.UgJ7zjghg8/glib/_build-arm64-v8a/meson-private/tmpiyf5gt91
Code:

        #include <stddef.h>
        struct tmp {
            char c;
            size_t target;
        };
        #include <stddef.h>
        int main(void) { static int a[1-2*!(offsetof(struct tmp, target) > 3)]; a[0]=0; return 0; }
-----------
Command line: `/usr/local/lib/android/sdk/ndk/29.0.14206865/toolchains/llvm/prebuilt/linux-x86_64/bin/aarch64-linux-android26-clang /tmp/tmp.UgJ7zjghg8/glib/_build-arm64-v8a/meson-private/tmpiyf5gt91/testfile.c -o /tmp/tmp.UgJ7zjghg8/glib/_build-arm64-v8a/meson-private/tmpiyf5gt91/output.obj -c -D_FILE_OFFSET_BITS=64 -O0 -U_FORTIFY_SOURCE -Werror=implicit-function-declaration -Werror=unknown-warning-option -Werror=unused-command-line-argument -Werror=ignored-optimization-argument` -> 0
Running compile:
Working directory:  /tmp/tmp.UgJ7zjghg8/glib/_build-arm64-v8a/meson-private/tmpqvtlo8wz
Code:

        #include <stddef.h>
        struct tmp {
            char c;
            size_t target;
        };
        #include <stddef.h>
        int main(void) { static int a[1-2*!(offsetof(struct tmp, target) > 7)]; a[0]=0; return 0; }
-----------
Command line: `/usr/local/lib/android/sdk/ndk/29.0.14206865/toolchains/llvm/prebuilt/linux-x86_64/bin/aarch64-linux-android26-clang /tmp/tmp.UgJ7zjghg8/glib/_build-arm64-v8a/meson-private/tmpqvtlo8wz/testfile.c -o /tmp/tmp.UgJ7zjghg8/glib/_build-arm64-v8a/meson-private/tmpqvtlo8wz/output.obj -c -D_FILE_OFFSET_BITS=64 -O0 -U_FORTIFY_SOURCE -Werror=implicit-function-declaration -Werror=unknown-warning-option -Werror=unused-command-line-argument -Werror=ignored-optimization-argument` -> 0
Running compile:
Working directory:  /tmp/tmp.UgJ7zjghg8/glib/_build-arm64-v8a/meson-private/tmp3nrfogfb
Code:

        #include <stddef.h>
        struct tmp {
            char c;
            size_t target;
        };
        #include <stddef.h>
        int main(void) { static int a[1-2*!(offsetof(struct tmp, target) > 15)]; a[0]=0; return 0; }
-----------
Command line: `/usr/local/lib/android/sdk/ndk/29.0.14206865/toolchains/llvm/prebuilt/linux-x86_64/bin/aarch64-linux-android26-clang /tmp/tmp.UgJ7zjghg8/glib/_build-arm64-v8a/meson-private/tmp3nrfogfb/testfile.c -o /tmp/tmp.UgJ7zjghg8/glib/_build-arm64-v8a/meson-private/tmp3nrfogfb/output.obj -c -D_FILE_OFFSET_BITS=64 -O0 -U_FORTIFY_SOURCE -Werror=implicit-function-declaration -Werror=unknown-warning-option -Werror=unused-command-line-argument -Werror=ignored-optimization-argument` -> 1
stderr:
/tmp/tmp.UgJ7zjghg8/glib/_build-arm64-v8a/meson-private/tmp3nrfogfb/testfile.c:8:39: error: 'a' declared as an array with a negative size
    8 |         int main(void) { static int a[1-2*!(offsetof(struct tmp, target) > 15)]; a[0]=0; return 0; }
      |                                       ^~~~~~~~~~~~~~~~~~~~~~~~~~~~~~~~~~~~~~~~
1 error generated.
-----------
Running compile:
Working directory:  /tmp/tmp.UgJ7zjghg8/glib/_build-arm64-v8a/meson-private/tmpul38et0a
Code:

        #include <stddef.h>
        struct tmp {
            char c;
            size_t target;
        };
        #include <stddef.h>
        int main(void) { static int a[1-2*!(offsetof(struct tmp, target) <= 11)]; a[0]=0; return 0; }
-----------
Command line: `/usr/local/lib/android/sdk/ndk/29.0.14206865/toolchains/llvm/prebuilt/linux-x86_64/bin/aarch64-linux-android26-clang /tmp/tmp.UgJ7zjghg8/glib/_build-arm64-v8a/meson-private/tmpul38et0a/testfile.c -o /tmp/tmp.UgJ7zjghg8/glib/_build-arm64-v8a/meson-private/tmpul38et0a/output.obj -c -D_FILE_OFFSET_BITS=64 -O0 -U_FORTIFY_SOURCE -Werror=implicit-function-declaration -Werror=unknown-warning-option -Werror=unused-command-line-argument -Werror=ignored-optimization-argument` -> 0
Running compile:
Working directory:  /tmp/tmp.UgJ7zjghg8/glib/_build-arm64-v8a/meson-private/tmpmjhe18cj
Code:

        #include <stddef.h>
        struct tmp {
            char c;
            size_t target;
        };
        #include <stddef.h>
        int main(void) { static int a[1-2*!(offsetof(struct tmp, target) <= 9)]; a[0]=0; return 0; }
-----------
Command line: `/usr/local/lib/android/sdk/ndk/29.0.14206865/toolchains/llvm/prebuilt/linux-x86_64/bin/aarch64-linux-android26-clang /tmp/tmp.UgJ7zjghg8/glib/_build-arm64-v8a/meson-private/tmpmjhe18cj/testfile.c -o /tmp/tmp.UgJ7zjghg8/glib/_build-arm64-v8a/meson-private/tmpmjhe18cj/output.obj -c -D_FILE_OFFSET_BITS=64 -O0 -U_FORTIFY_SOURCE -Werror=implicit-function-declaration -Werror=unknown-warning-option -Werror=unused-command-line-argument -Werror=ignored-optimization-argument` -> 0
Running compile:
Working directory:  /tmp/tmp.UgJ7zjghg8/glib/_build-arm64-v8a/meson-private/tmpl73ourg3
Code:

        #include <stddef.h>
        struct tmp {
            char c;
            size_t target;
        };
        #include <stddef.h>
        int main(void) { static int a[1-2*!(offsetof(struct tmp, target) <= 8)]; a[0]=0; return 0; }
-----------
Command line: `/usr/local/lib/android/sdk/ndk/29.0.14206865/toolchains/llvm/prebuilt/linux-x86_64/bin/aarch64-linux-android26-clang /tmp/tmp.UgJ7zjghg8/glib/_build-arm64-v8a/meson-private/tmpl73ourg3/testfile.c -o /tmp/tmp.UgJ7zjghg8/glib/_build-arm64-v8a/meson-private/tmpl73ourg3/output.obj -c -D_FILE_OFFSET_BITS=64 -O0 -U_FORTIFY_SOURCE -Werror=implicit-function-declaration -Werror=unknown-warning-option -Werror=unused-command-line-argument -Werror=ignored-optimization-argument` -> 0
Checking for alignment of "size_t" : 8 
Running compile:
Working directory:  /tmp/tmp.UgJ7zjghg8/glib/_build-arm64-v8a/meson-private/tmpfvzpevbe
Code:
#include <stddef.h>
        #include <stddef.h>
        int main(void) {
            wchar_t something;
            return 0;
        }
-----------
Command line: `/usr/local/lib/android/sdk/ndk/29.0.14206865/toolchains/llvm/prebuilt/linux-x86_64/bin/aarch64-linux-android26-clang /tmp/tmp.UgJ7zjghg8/glib/_build-arm64-v8a/meson-private/tmpfvzpevbe/testfile.c -o /tmp/tmp.UgJ7zjghg8/glib/_build-arm64-v8a/meson-private/tmpfvzpevbe/output.obj -c -D_FILE_OFFSET_BITS=64 -O0 -U_FORTIFY_SOURCE -Werror=implicit-function-declaration -Werror=unknown-warning-option -Werror=unused-command-line-argument -Werror=ignored-optimization-argument -std=gnu11` -> 0
Running compile:
Working directory:  /tmp/tmplustezis
Code:

        #include <stddef.h>
        #ifndef sizeof(wchar_t)
        # define sizeof(wchar_t) "MESON_GET_DEFINE_UNDEFINED_SENTINEL"
        #endif
        "MESON_GET_DEFINE_DELIMITER_START"
sizeof(wchar_t)
"MESON_GET_DEFINE_DELIMITER_END"
-----------
Command line: `/usr/local/lib/android/sdk/ndk/29.0.14206865/toolchains/llvm/prebuilt/linux-x86_64/bin/aarch64-linux-android26-clang /tmp/tmplustezis/testfile.c -E -P -D_FILE_OFFSET_BITS=64 -P -O0 -U_FORTIFY_SOURCE -Werror=implicit-function-declaration -std=gnu11` -> 0
stdout:
typedef long int ptrdiff_t;
typedef long unsigned int size_t;
typedef unsigned int wchar_t;
typedef struct {
  long long __clang_max_align_nonce1
      __attribute__((__aligned__(__alignof__(long long))));
  long double __clang_max_align_nonce2
      __attribute__((__aligned__(__alignof__(long double))));
} max_align_t;
 "MESON_GET_DEFINE_DELIMITER_START"
"MESON_GET_DEFINE_UNDEFINED_SENTINEL"
"MESON_GET_DEFINE_DELIMITER_END"
-----------
stderr:
/tmp/tmplustezis/testfile.c:3:23: warning: extra tokens at end of #ifndef directive [-Wextra-tokens]
    3 |         #ifndef sizeof(wchar_t)
      |                       ^
      |                       //
1 warning generated.
-----------
Running compile:
Working directory:  /tmp/tmp.UgJ7zjghg8/glib/_build-arm64-v8a/meson-private/tmptgifbsyt
Code:

                #include <stdio.h>
                #include <stdint.h>
                int main(void) { int expression = None; printf("%d", expression); return 0; }
-----------
Command line: `cc /tmp/tmp.UgJ7zjghg8/glib/_build-arm64-v8a/meson-private/tmptgifbsyt/testfile.c -o /tmp/tmp.UgJ7zjghg8/glib/_build-arm64-v8a/meson-private/tmptgifbsyt/output.exe -D_FILE_OFFSET_BITS=64 -O0 -U_FORTIFY_SOURCE` -> 1
stderr:
/tmp/tmp.UgJ7zjghg8/glib/_build-arm64-v8a/meson-private/tmptgifbsyt/testfile.c: In function 'main':
/tmp/tmp.UgJ7zjghg8/glib/_build-arm64-v8a/meson-private/tmptgifbsyt/testfile.c:4:51: error: 'None' undeclared (first use in this function)
    4 |                 int main(void) { int expression = None; printf("%d", expression); return 0; }
      |                                                   ^~~~
/tmp/tmp.UgJ7zjghg8/glib/_build-arm64-v8a/meson-private/tmptgifbsyt/testfile.c:4:51: note: each undeclared identifier is reported only once for each function it appears in
-----------
Could not compile test file /tmp/tmp.UgJ7zjghg8/glib/_build-arm64-v8a/meson-private/tmptgifbsyt/testfile.c: 1

Running compile:
Working directory:  /tmp/tmp.UgJ7zjghg8/glib/_build-arm64-v8a/meson-private/tmp02z65kw1
Code:
#include <stddef.h>
        #include <stddef.h>
        int main(void) { static int a[1-2*!(sizeof(wchar_t) >= 0)]; a[0]=0; return 0; }
-----------
Command line: `/usr/local/lib/android/sdk/ndk/29.0.14206865/toolchains/llvm/prebuilt/linux-x86_64/bin/aarch64-linux-android26-clang /tmp/tmp.UgJ7zjghg8/glib/_build-arm64-v8a/meson-private/tmp02z65kw1/testfile.c -o /tmp/tmp.UgJ7zjghg8/glib/_build-arm64-v8a/meson-private/tmp02z65kw1/output.obj -c -D_FILE_OFFSET_BITS=64 -O0 -U_FORTIFY_SOURCE -Werror=implicit-function-declaration -Werror=unknown-warning-option -Werror=unused-command-line-argument -Werror=ignored-optimization-argument -std=gnu11` -> 0
Running compile:
Working directory:  /tmp/tmp.UgJ7zjghg8/glib/_build-arm64-v8a/meson-private/tmpkn73hafq
Code:
#include <stddef.h>
        #include <stddef.h>
        int main(void) { static int a[1-2*!(sizeof(wchar_t) > 0)]; a[0]=0; return 0; }
-----------
Command line: `/usr/local/lib/android/sdk/ndk/29.0.14206865/toolchains/llvm/prebuilt/linux-x86_64/bin/aarch64-linux-android26-clang /tmp/tmp.UgJ7zjghg8/glib/_build-arm64-v8a/meson-private/tmpkn73hafq/testfile.c -o /tmp/tmp.UgJ7zjghg8/glib/_build-arm64-v8a/meson-private/tmpkn73hafq/output.obj -c -D_FILE_OFFSET_BITS=64 -O0 -U_FORTIFY_SOURCE -Werror=implicit-function-declaration -Werror=unknown-warning-option -Werror=unused-command-line-argument -Werror=ignored-optimization-argument -std=gnu11` -> 0
Running compile:
Working directory:  /tmp/tmp.UgJ7zjghg8/glib/_build-arm64-v8a/meson-private/tmprkt9chld
Code:
#include <stddef.h>
        #include <stddef.h>
        int main(void) { static int a[1-2*!(sizeof(wchar_t) > 1)]; a[0]=0; return 0; }
-----------
Command line: `/usr/local/lib/android/sdk/ndk/29.0.14206865/toolchains/llvm/prebuilt/linux-x86_64/bin/aarch64-linux-android26-clang /tmp/tmp.UgJ7zjghg8/glib/_build-arm64-v8a/meson-private/tmprkt9chld/testfile.c -o /tmp/tmp.UgJ7zjghg8/glib/_build-arm64-v8a/meson-private/tmprkt9chld/output.obj -c -D_FILE_OFFSET_BITS=64 -O0 -U_FORTIFY_SOURCE -Werror=implicit-function-declaration -Werror=unknown-warning-option -Werror=unused-command-line-argument -Werror=ignored-optimization-argument -std=gnu11` -> 0
Running compile:
Working directory:  /tmp/tmp.UgJ7zjghg8/glib/_build-arm64-v8a/meson-private/tmpzvagmj06
Code:
#include <stddef.h>
        #include <stddef.h>
        int main(void) { static int a[1-2*!(sizeof(wchar_t) > 3)]; a[0]=0; return 0; }
-----------
Command line: `/usr/local/lib/android/sdk/ndk/29.0.14206865/toolchains/llvm/prebuilt/linux-x86_64/bin/aarch64-linux-android26-clang /tmp/tmp.UgJ7zjghg8/glib/_build-arm64-v8a/meson-private/tmpzvagmj06/testfile.c -o /tmp/tmp.UgJ7zjghg8/glib/_build-arm64-v8a/meson-private/tmpzvagmj06/output.obj -c -D_FILE_OFFSET_BITS=64 -O0 -U_FORTIFY_SOURCE -Werror=implicit-function-declaration -Werror=unknown-warning-option -Werror=unused-command-line-argument -Werror=ignored-optimization-argument -std=gnu11` -> 0
Running compile:
Working directory:  /tmp/tmp.UgJ7zjghg8/glib/_build-arm64-v8a/meson-private/tmp2iltthb9
Code:
#include <stddef.h>
        #include <stddef.h>
        int main(void) { static int a[1-2*!(sizeof(wchar_t) > 7)]; a[0]=0; return 0; }
-----------
Command line: `/usr/local/lib/android/sdk/ndk/29.0.14206865/toolchains/llvm/prebuilt/linux-x86_64/bin/aarch64-linux-android26-clang /tmp/tmp.UgJ7zjghg8/glib/_build-arm64-v8a/meson-private/tmp2iltthb9/testfile.c -o /tmp/tmp.UgJ7zjghg8/glib/_build-arm64-v8a/meson-private/tmp2iltthb9/output.obj -c -D_FILE_OFFSET_BITS=64 -O0 -U_FORTIFY_SOURCE -Werror=implicit-function-declaration -Werror=unknown-warning-option -Werror=unused-command-line-argument -Werror=ignored-optimization-argument -std=gnu11` -> 1
stderr:
/tmp/tmp.UgJ7zjghg8/glib/_build-arm64-v8a/meson-private/tmp2iltthb9/testfile.c:3:39: error: 'a' declared as an array with a negative size
    3 |         int main(void) { static int a[1-2*!(sizeof(wchar_t) > 7)]; a[0]=0; return 0; }
      |                                       ^~~~~~~~~~~~~~~~~~~~~~~~~~
1 error generated.
-----------
Running compile:
Working directory:  /tmp/tmp.UgJ7zjghg8/glib/_build-arm64-v8a/meson-private/tmpl2wakkyr
Code:
#include <stddef.h>
        #include <stddef.h>
        int main(void) { static int a[1-2*!(sizeof(wchar_t) <= 5)]; a[0]=0; return 0; }
-----------
Command line: `/usr/local/lib/android/sdk/ndk/29.0.14206865/toolchains/llvm/prebuilt/linux-x86_64/bin/aarch64-linux-android26-clang /tmp/tmp.UgJ7zjghg8/glib/_build-arm64-v8a/meson-private/tmpl2wakkyr/testfile.c -o /tmp/tmp.UgJ7zjghg8/glib/_build-arm64-v8a/meson-private/tmpl2wakkyr/output.obj -c -D_FILE_OFFSET_BITS=64 -O0 -U_FORTIFY_SOURCE -Werror=implicit-function-declaration -Werror=unknown-warning-option -Werror=unused-command-line-argument -Werror=ignored-optimization-argument -std=gnu11` -> 0
Running compile:
Working directory:  /tmp/tmp.UgJ7zjghg8/glib/_build-arm64-v8a/meson-private/tmp8s7s6tne
Code:
#include <stddef.h>
        #include <stddef.h>
        int main(void) { static int a[1-2*!(sizeof(wchar_t) <= 4)]; a[0]=0; return 0; }
-----------
Command line: `/usr/local/lib/android/sdk/ndk/29.0.14206865/toolchains/llvm/prebuilt/linux-x86_64/bin/aarch64-linux-android26-clang /tmp/tmp.UgJ7zjghg8/glib/_build-arm64-v8a/meson-private/tmp8s7s6tne/testfile.c -o /tmp/tmp.UgJ7zjghg8/glib/_build-arm64-v8a/meson-private/tmp8s7s6tne/output.obj -c -D_FILE_OFFSET_BITS=64 -O0 -U_FORTIFY_SOURCE -Werror=implicit-function-declaration -Werror=unknown-warning-option -Werror=unused-command-line-argument -Werror=ignored-optimization-argument -std=gnu11` -> 0
Checking for size of "wchar_t" : 4 
Running compile:
Working directory:  /tmp/tmp.UgJ7zjghg8/glib/_build-arm64-v8a/meson-private/tmp34300j7l
Code:
#include <stddef.h>
        static size_t f (size_t *i) { return *i + 1; }
        int main (void) {
          unsigned long i = 0;
          f (&i);
          return 0;
        }
-----------
Command line: `/usr/local/lib/android/sdk/ndk/29.0.14206865/toolchains/llvm/prebuilt/linux-x86_64/bin/aarch64-linux-android26-clang /tmp/tmp.UgJ7zjghg8/glib/_build-arm64-v8a/meson-private/tmp34300j7l/testfile.c -o /tmp/tmp.UgJ7zjghg8/glib/_build-arm64-v8a/meson-private/tmp34300j7l/output.obj -c -D_FILE_OFFSET_BITS=64 -O0 -U_FORTIFY_SOURCE -Werror=implicit-function-declaration -Werror=unknown-warning-option -Werror=unused-command-line-argument -Werror=ignored-optimization-argument -std=gnu11 -Werror` -> 0
Checking if "GCC size_t typedef is long" compiles: YES 
Running compile:
Working directory:  /tmp/tmp.UgJ7zjghg8/glib/_build-arm64-v8a/meson-private/tmp3p4evxwl
Code:
#include <stddef.h>
        static size_t f (size_t *i) { return *i + 1; }
        int main (void) {
          unsigned long long i = 0;
          f (&i);
          return 0;
        }
-----------
Command line: `/usr/local/lib/android/sdk/ndk/29.0.14206865/toolchains/llvm/prebuilt/linux-x86_64/bin/aarch64-linux-android26-clang /tmp/tmp.UgJ7zjghg8/glib/_build-arm64-v8a/meson-private/tmp3p4evxwl/testfile.c -o /tmp/tmp.UgJ7zjghg8/glib/_build-arm64-v8a/meson-private/tmp3p4evxwl/output.obj -c -D_FILE_OFFSET_BITS=64 -O0 -U_FORTIFY_SOURCE -Werror=implicit-function-declaration -Werror=unknown-warning-option -Werror=unused-command-line-argument -Werror=ignored-optimization-argument -std=gnu11 -Werror` -> 1
stderr:
/tmp/tmp.UgJ7zjghg8/glib/_build-arm64-v8a/meson-private/tmp3p4evxwl/testfile.c:5:14: error: incompatible pointer types passing 'unsigned long long *' to parameter of type 'size_t *' (aka 'unsigned long *') [-Werror,-Wincompatible-pointer-types]
    5 |           f (&i);
      |              ^~
/tmp/tmp.UgJ7zjghg8/glib/_build-arm64-v8a/meson-private/tmp3p4evxwl/testfile.c:2:34: note: passing argument to parameter 'i' here
    2 |         static size_t f (size_t *i) { return *i + 1; }
      |                                  ^
1 error generated.
-----------
Checking if "GCC size_t typedef is long long" compiles: NO 
Running compile:
Working directory:  /tmp/tmp.UgJ7zjghg8/glib/_build-arm64-v8a/meson-private/tmpx794fawy
Code:

  void some_func (void) {
    int a(int p1, int p2, int p3);
    #define call_a(...) a(1,__VA_ARGS__)
    call_a(2,3);
  }
-----------
Command line: `/usr/local/lib/android/sdk/ndk/29.0.14206865/toolchains/llvm/prebuilt/linux-x86_64/bin/aarch64-linux-android26-clang /tmp/tmp.UgJ7zjghg8/glib/_build-arm64-v8a/meson-private/tmpx794fawy/testfile.c -o /tmp/tmp.UgJ7zjghg8/glib/_build-arm64-v8a/meson-private/tmpx794fawy/output.obj -c -D_FILE_OFFSET_BITS=64 -O0 -U_FORTIFY_SOURCE -Werror=implicit-function-declaration -Werror=unknown-warning-option -Werror=unused-command-line-argument -Werror=ignored-optimization-argument -std=gnu11` -> 0
Checking if "ISO C99 varargs macros in C" compiles: YES 
Running compile:
Working directory:  /tmp/tmp.UgJ7zjghg8/glib/_build-arm64-v8a/meson-private/tmpub1fcqz_
Code:

    void some_func (void) {
      int a(int p1, int p2, int p3);
      #define call_a(...) a(1,__VA_ARGS__)
      call_a(2,3);
    }
-----------
Command line: `/usr/local/lib/android/sdk/ndk/29.0.14206865/toolchains/llvm/prebuilt/linux-x86_64/bin/aarch64-linux-android26-clang++ /tmp/tmp.UgJ7zjghg8/glib/_build-arm64-v8a/meson-private/tmpub1fcqz_/testfile.cpp -o /tmp/tmp.UgJ7zjghg8/glib/_build-arm64-v8a/meson-private/tmpub1fcqz_/output.obj -c -D_FILE_OFFSET_BITS=64 -O0 -U_FORTIFY_SOURCE -fpermissive -Werror=implicit-function-declaration -Werror=unknown-warning-option -Werror=unused-command-line-argument -Werror=ignored-optimization-argument` -> 0
Checking if "ISO C99 varargs macros in C++" compiles: YES 
Running compile:
Working directory:  /tmp/tmp.UgJ7zjghg8/glib/_build-arm64-v8a/meson-private/tmpt11f_v1g
Code:

  void some_func (void) {
    int a(int p1, int p2, int p3);
    #define call_a(params...) a(1,params)
    call_a(2,3);
  }
-----------
Command line: `/usr/local/lib/android/sdk/ndk/29.0.14206865/toolchains/llvm/prebuilt/linux-x86_64/bin/aarch64-linux-android26-clang /tmp/tmp.UgJ7zjghg8/glib/_build-arm64-v8a/meson-private/tmpt11f_v1g/testfile.c -o /tmp/tmp.UgJ7zjghg8/glib/_build-arm64-v8a/meson-private/tmpt11f_v1g/output.obj -c -D_FILE_OFFSET_BITS=64 -O0 -U_FORTIFY_SOURCE -Werror=implicit-function-declaration -Werror=unknown-warning-option -Werror=unused-command-line-argument -Werror=ignored-optimization-argument -std=gnu11` -> 0
Checking if "GNUC varargs macros" compiles: YES 
Using cached compile:
Cached command line:  /usr/local/lib/android/sdk/ndk/29.0.14206865/toolchains/llvm/prebuilt/linux-x86_64/bin/aarch64-linux-android26-clang /tmp/tmp.UgJ7zjghg8/glib/_build-arm64-v8a/meson-private/tmpsbmrznxt/testfile.c -E -P -D_FILE_OFFSET_BITS=64 -P -O0 -U_FORTIFY_SOURCE -Werror=implicit-function-declaration -std=gnu11 

Code:
 
        #ifdef __has_include
         #if !__has_include("alloca.h")
          #error "Header 'alloca.h' could not be found"
         #endif
        #else
         #include <alloca.h>
        #endif
Cached compiler stdout:
 

Cached compiler stderr:
 
Has header "alloca.h" : YES (cached)
Running compile:
Working directory:  /tmp/tmp.UgJ7zjghg8/glib/_build-arm64-v8a/meson-private/tmptm8322or
Code:

        #ifdef __has_include
         #if !__has_include("sys/poll.h")
          #error "Header 'sys/poll.h' could not be found"
         #endif
        #else
         #include <sys/poll.h>
        #endif
-----------
Command line: `/usr/local/lib/android/sdk/ndk/29.0.14206865/toolchains/llvm/prebuilt/linux-x86_64/bin/aarch64-linux-android26-clang /tmp/tmp.UgJ7zjghg8/glib/_build-arm64-v8a/meson-private/tmptm8322or/testfile.c -E -P -D_FILE_OFFSET_BITS=64 -P -O0 -U_FORTIFY_SOURCE -Werror=implicit-function-declaration -std=gnu11` -> 0
Has header "sys/poll.h" : YES 
Using cached compile:
Cached command line:  /usr/local/lib/android/sdk/ndk/29.0.14206865/toolchains/llvm/prebuilt/linux-x86_64/bin/aarch64-linux-android26-clang /tmp/tmp.UgJ7zjghg8/glib/_build-arm64-v8a/meson-private/tmpwmy8l9sa/testfile.c -E -P -D_FILE_OFFSET_BITS=64 -P -O0 -U_FORTIFY_SOURCE -Werror=implicit-function-declaration -std=gnu11 

Code:
 
        #ifdef __has_include
         #if !__has_include("sys/types.h")
          #error "Header 'sys/types.h' could not be found"
         #endif
        #else
         #include <sys/types.h>
        #endif
Cached compiler stdout:
 

Cached compiler stderr:
 
Has header "sys/types.h" : YES (cached)
Running compile:
Working directory:  /tmp/tmp.UgJ7zjghg8/glib/_build-arm64-v8a/meson-private/tmpv45uw0wk
Code:

        #ifdef __has_include
         #if !__has_include("winsock2.h")
          #error "Header 'winsock2.h' could not be found"
         #endif
        #else
         #include <winsock2.h>
        #endif
-----------
Command line: `/usr/local/lib/android/sdk/ndk/29.0.14206865/toolchains/llvm/prebuilt/linux-x86_64/bin/aarch64-linux-android26-clang /tmp/tmp.UgJ7zjghg8/glib/_build-arm64-v8a/meson-private/tmpv45uw0wk/testfile.c -E -P -D_FILE_OFFSET_BITS=64 -P -O0 -U_FORTIFY_SOURCE -Werror=implicit-function-declaration -std=gnu11` -> 1
stderr:
/tmp/tmp.UgJ7zjghg8/glib/_build-arm64-v8a/meson-private/tmpv45uw0wk/testfile.c:4:12: error: "Header 'winsock2.h' could not be found"
    4 |           #error "Header 'winsock2.h' could not be found"
      |            ^
1 error generated.
-----------
Has header "winsock2.h" : NO 
Running compile:
Working directory:  /tmp/tmp.UgJ7zjghg8/glib/_build-arm64-v8a/meson-private/tmp1ddbw6d0
Code:

      #include<sys/poll.h>
      #include<sys/types.h>
        #include <stddef.h>
        int main(void) { static int a[1-2*!(POLLIN == 1)]; a[0]=0; return 0; }
-----------
Command line: `/usr/local/lib/android/sdk/ndk/29.0.14206865/toolchains/llvm/prebuilt/linux-x86_64/bin/aarch64-linux-android26-clang /tmp/tmp.UgJ7zjghg8/glib/_build-arm64-v8a/meson-private/tmp1ddbw6d0/testfile.c -o /tmp/tmp.UgJ7zjghg8/glib/_build-arm64-v8a/meson-private/tmp1ddbw6d0/output.obj -c -D_FILE_OFFSET_BITS=64 -O0 -U_FORTIFY_SOURCE -Werror=implicit-function-declaration -Werror=unknown-warning-option -Werror=unused-command-line-argument -Werror=ignored-optimization-argument -std=gnu11` -> 0
Computing int of "POLLIN" : 1
Running compile:
Working directory:  /tmp/tmp.UgJ7zjghg8/glib/_build-arm64-v8a/meson-private/tmpd3rhzn87
Code:

      #include<sys/poll.h>
      #include<sys/types.h>
        #include <stddef.h>
        int main(void) { static int a[1-2*!(POLLOUT == 4)]; a[0]=0; return 0; }
-----------
Command line: `/usr/local/lib/android/sdk/ndk/29.0.14206865/toolchains/llvm/prebuilt/linux-x86_64/bin/aarch64-linux-android26-clang /tmp/tmp.UgJ7zjghg8/glib/_build-arm64-v8a/meson-private/tmpd3rhzn87/testfile.c -o /tmp/tmp.UgJ7zjghg8/glib/_build-arm64-v8a/meson-private/tmpd3rhzn87/output.obj -c -D_FILE_OFFSET_BITS=64 -O0 -U_FORTIFY_SOURCE -Werror=implicit-function-declaration -Werror=unknown-warning-option -Werror=unused-command-line-argument -Werror=ignored-optimization-argument -std=gnu11` -> 0
Computing int of "POLLOUT" : 4
Running compile:
Working directory:  /tmp/tmp.UgJ7zjghg8/glib/_build-arm64-v8a/meson-private/tmphikcbt44
Code:

      #include<sys/poll.h>
      #include<sys/types.h>
        #include <stddef.h>
        int main(void) { static int a[1-2*!(POLLPRI == 2)]; a[0]=0; return 0; }
-----------
Command line: `/usr/local/lib/android/sdk/ndk/29.0.14206865/toolchains/llvm/prebuilt/linux-x86_64/bin/aarch64-linux-android26-clang /tmp/tmp.UgJ7zjghg8/glib/_build-arm64-v8a/meson-private/tmphikcbt44/testfile.c -o /tmp/tmp.UgJ7zjghg8/glib/_build-arm64-v8a/meson-private/tmphikcbt44/output.obj -c -D_FILE_OFFSET_BITS=64 -O0 -U_FORTIFY_SOURCE -Werror=implicit-function-declaration -Werror=unknown-warning-option -Werror=unused-command-line-argument -Werror=ignored-optimization-argument -std=gnu11` -> 0
Computing int of "POLLPRI" : 2
Running compile:
Working directory:  /tmp/tmp.UgJ7zjghg8/glib/_build-arm64-v8a/meson-private/tmp4td86799
Code:

      #include<sys/poll.h>
      #include<sys/types.h>
        #include <stddef.h>
        int main(void) { static int a[1-2*!(POLLERR == 8)]; a[0]=0; return 0; }
-----------
Command line: `/usr/local/lib/android/sdk/ndk/29.0.14206865/toolchains/llvm/prebuilt/linux-x86_64/bin/aarch64-linux-android26-clang /tmp/tmp.UgJ7zjghg8/glib/_build-arm64-v8a/meson-private/tmp4td86799/testfile.c -o /tmp/tmp.UgJ7zjghg8/glib/_build-arm64-v8a/meson-private/tmp4td86799/output.obj -c -D_FILE_OFFSET_BITS=64 -O0 -U_FORTIFY_SOURCE -Werror=implicit-function-declaration -Werror=unknown-warning-option -Werror=unused-command-line-argument -Werror=ignored-optimization-argument -std=gnu11` -> 0
Computing int of "POLLERR" : 8
Running compile:
Working directory:  /tmp/tmp.UgJ7zjghg8/glib/_build-arm64-v8a/meson-private/tmp48teldm0
Code:

      #include<sys/poll.h>
      #include<sys/types.h>
        #include <stddef.h>
        int main(void) { static int a[1-2*!(POLLHUP == 16)]; a[0]=0; return 0; }
-----------
Command line: `/usr/local/lib/android/sdk/ndk/29.0.14206865/toolchains/llvm/prebuilt/linux-x86_64/bin/aarch64-linux-android26-clang /tmp/tmp.UgJ7zjghg8/glib/_build-arm64-v8a/meson-private/tmp48teldm0/testfile.c -o /tmp/tmp.UgJ7zjghg8/glib/_build-arm64-v8a/meson-private/tmp48teldm0/output.obj -c -D_FILE_OFFSET_BITS=64 -O0 -U_FORTIFY_SOURCE -Werror=implicit-function-declaration -Werror=unknown-warning-option -Werror=unused-command-line-argument -Werror=ignored-optimization-argument -std=gnu11` -> 0
Computing int of "POLLHUP" : 16
Running compile:
Working directory:  /tmp/tmp.UgJ7zjghg8/glib/_build-arm64-v8a/meson-private/tmpjyuf_jan
Code:

      #include<sys/poll.h>
      #include<sys/types.h>
        #include <stddef.h>
        int main(void) { static int a[1-2*!(POLLNVAL == 32)]; a[0]=0; return 0; }
-----------
Command line: `/usr/local/lib/android/sdk/ndk/29.0.14206865/toolchains/llvm/prebuilt/linux-x86_64/bin/aarch64-linux-android26-clang /tmp/tmp.UgJ7zjghg8/glib/_build-arm64-v8a/meson-private/tmpjyuf_jan/testfile.c -o /tmp/tmp.UgJ7zjghg8/glib/_build-arm64-v8a/meson-private/tmpjyuf_jan/output.obj -c -D_FILE_OFFSET_BITS=64 -O0 -U_FORTIFY_SOURCE -Werror=implicit-function-declaration -Werror=unknown-warning-option -Werror=unused-command-line-argument -Werror=ignored-optimization-argument -std=gnu11` -> 0
Computing int of "POLLNVAL" : 32
Running compile:
Working directory:  /tmp/tmp.UgJ7zjghg8/glib/_build-arm64-v8a/meson-private/tmpndqogxev
Code:

      #include <sys/types.h>
      #include <sys/socket.h>
        #include <stddef.h>
        int main(void) { static int a[1-2*!(AF_UNIX == 1)]; a[0]=0; return 0; }
-----------
Command line: `/usr/local/lib/android/sdk/ndk/29.0.14206865/toolchains/llvm/prebuilt/linux-x86_64/bin/aarch64-linux-android26-clang /tmp/tmp.UgJ7zjghg8/glib/_build-arm64-v8a/meson-private/tmpndqogxev/testfile.c -o /tmp/tmp.UgJ7zjghg8/glib/_build-arm64-v8a/meson-private/tmpndqogxev/output.obj -c -D_FILE_OFFSET_BITS=64 -O0 -U_FORTIFY_SOURCE -Werror=implicit-function-declaration -Werror=unknown-warning-option -Werror=unused-command-line-argument -Werror=ignored-optimization-argument -std=gnu11` -> 0
Computing int of "AF_UNIX" : 1
Running compile:
Working directory:  /tmp/tmp.UgJ7zjghg8/glib/_build-arm64-v8a/meson-private/tmpl8rq4fi7
Code:

      #include <sys/types.h>
      #include <sys/socket.h>
        #include <stddef.h>
        int main(void) { static int a[1-2*!(AF_INET == 2)]; a[0]=0; return 0; }
-----------
Command line: `/usr/local/lib/android/sdk/ndk/29.0.14206865/toolchains/llvm/prebuilt/linux-x86_64/bin/aarch64-linux-android26-clang /tmp/tmp.UgJ7zjghg8/glib/_build-arm64-v8a/meson-private/tmpl8rq4fi7/testfile.c -o /tmp/tmp.UgJ7zjghg8/glib/_build-arm64-v8a/meson-private/tmpl8rq4fi7/output.obj -c -D_FILE_OFFSET_BITS=64 -O0 -U_FORTIFY_SOURCE -Werror=implicit-function-declaration -Werror=unknown-warning-option -Werror=unused-command-line-argument -Werror=ignored-optimization-argument -std=gnu11` -> 0
Computing int of "AF_INET" : 2
Running compile:
Working directory:  /tmp/tmp.UgJ7zjghg8/glib/_build-arm64-v8a/meson-private/tmpimnsmd3v
Code:

      #include <sys/types.h>
      #include <sys/socket.h>
        #include <stddef.h>
        int main(void) { static int a[1-2*!(AF_INET6 == 30)]; a[0]=0; return 0; }
-----------
Command line: `/usr/local/lib/android/sdk/ndk/29.0.14206865/toolchains/llvm/prebuilt/linux-x86_64/bin/aarch64-linux-android26-clang /tmp/tmp.UgJ7zjghg8/glib/_build-arm64-v8a/meson-private/tmpimnsmd3v/testfile.c -o /tmp/tmp.UgJ7zjghg8/glib/_build-arm64-v8a/meson-private/tmpimnsmd3v/output.obj -c -D_FILE_OFFSET_BITS=64 -O0 -U_FORTIFY_SOURCE -Werror=implicit-function-declaration -Werror=unknown-warning-option -Werror=unused-command-line-argument -Werror=ignored-optimization-argument -std=gnu11` -> 1
stderr:
/tmp/tmp.UgJ7zjghg8/glib/_build-arm64-v8a/meson-private/tmpimnsmd3v/testfile.c:5:39: error: 'a' declared as an array with a negative size
    5 |         int main(void) { static int a[1-2*!(AF_INET6 == 30)]; a[0]=0; return 0; }
      |                                       ^~~~~~~~~~~~~~~~~~~~~
1 error generated.
-----------
Running compile:
Working directory:  /tmp/tmp8lu_o2ff
Code:

        
      #include <sys/types.h>
      #include <sys/socket.h>
        #ifndef AF_INET6
        # define AF_INET6 "MESON_GET_DEFINE_UNDEFINED_SENTINEL"
        #endif
        "MESON_GET_DEFINE_DELIMITER_START"
AF_INET6
"MESON_GET_DEFINE_DELIMITER_END"
-----------
Command line: `/usr/local/lib/android/sdk/ndk/29.0.14206865/toolchains/llvm/prebuilt/linux-x86_64/bin/aarch64-linux-android26-clang /tmp/tmp8lu_o2ff/testfile.c -E -P -D_FILE_OFFSET_BITS=64 -P -O0 -U_FORTIFY_SOURCE -Werror=implicit-function-declaration -std=gnu11` -> 0
stdout:
#pragma clang diagnostic push
#pragma clang diagnostic ignored "-Wc23-extensions"
#pragma clang diagnostic pop
int android_get_application_target_sdk_version() __attribute__((__availability__(android,strict,introduced=24 )));
int __system_property_get(const char* _Nonnull __name, char* _Nonnull __value);
int atoi(const char* _Nonnull __s) __attribute__((__pure__));
static __inline__ int android_get_device_api_level() {
  char value[92] = { 0 };
  if (__system_property_get("ro.build.version.sdk", value) < 1) return -1;
  int api_level = atoi(value);
  return (api_level > 0) ? api_level : -1;
}


typedef long int ptrdiff_t;
typedef long unsigned int size_t;
typedef unsigned int wchar_t;
typedef struct {
  long long __clang_max_align_nonce1
      __attribute__((__aligned__(__alignof__(long long))));
  long double __clang_max_align_nonce2
      __attribute__((__aligned__(__alignof__(long double))));
} max_align_t;

typedef signed char __int8_t;
typedef unsigned char __uint8_t;
typedef short __int16_t;
typedef unsigned short __uint16_t;
typedef int __int32_t;
typedef unsigned int __uint32_t;
typedef long __int64_t;
typedef unsigned long __uint64_t;
typedef long __intptr_t;
typedef unsigned long __uintptr_t;
typedef __int8_t int8_t;
typedef __uint8_t uint8_t;
typedef __int16_t int16_t;
typedef __uint16_t uint16_t;
typedef __int32_t int32_t;
typedef __uint32_t uint32_t;
typedef __int64_t int64_t;
typedef __uint64_t uint64_t;
typedef __intptr_t intptr_t;
typedef __uintptr_t uintptr_t;
typedef int8_t int_least8_t;
typedef uint8_t uint_least8_t;
typedef int16_t int_least16_t;
typedef uint16_t uint_least16_t;
typedef int32_t int_least32_t;
typedef uint32_t uint_least32_t;
typedef int64_t int_least64_t;
typedef uint64_t uint_least64_t;
typedef int8_t int_fast8_t;
typedef uint8_t uint_fast8_t;
typedef int64_t int_fast64_t;
typedef uint64_t uint_fast64_t;
typedef int64_t int_fast16_t;
typedef uint64_t uint_fast16_t;
typedef int64_t int_fast32_t;
typedef uint64_t uint_fast32_t;
typedef uint64_t uintmax_t;
typedef int64_t intmax_t;


typedef __signed__ char __s8;
typedef unsigned char __u8;
typedef __signed__ short __s16;
typedef unsigned short __u16;
typedef __signed__ int __s32;
typedef unsigned int __u32;
__extension__ typedef __signed__ long long __s64;
__extension__ typedef unsigned long long __u64;

typedef struct {
  unsigned long fds_bits[1024 / (8 * sizeof(long))];
} __kernel_fd_set;
typedef void(* __kernel_sighandler_t) (int);
typedef int __kernel_key_t;
typedef int __kernel_mqd_t;
typedef unsigned short __kernel_old_uid_t;
typedef unsigned short __kernel_old_gid_t;
typedef long __kernel_long_t;
typedef unsigned long __kernel_ulong_t;
typedef __kernel_ulong_t __kernel_ino_t;
typedef unsigned int __kernel_mode_t;
typedef int __kernel_pid_t;
typedef int __kernel_ipc_pid_t;
typedef unsigned int __kernel_uid_t;
typedef unsigned int __kernel_gid_t;
typedef __kernel_long_t __kernel_suseconds_t;
typedef int __kernel_daddr_t;
typedef unsigned int __kernel_uid32_t;
typedef unsigned int __kernel_gid32_t;
typedef unsigned int __kernel_old_dev_t;
typedef __kernel_ulong_t __kernel_size_t;
typedef __kernel_long_t __kernel_ssize_t;
typedef __kernel_long_t __kernel_ptrdiff_t;
typedef struct {
  int val[2];
} __kernel_fsid_t;
typedef __kernel_long_t __kernel_off_t;
typedef long long __kernel_loff_t;
typedef __kernel_long_t __kernel_old_time_t;
typedef __kernel_long_t __kernel_time_t;
typedef long long __kernel_time64_t;
typedef __kernel_long_t __kernel_clock_t;
typedef int __kernel_timer_t;
typedef int __kernel_clockid_t;
typedef char * __kernel_caddr_t;
typedef unsigned short __kernel_uid16_t;
typedef unsigned short __kernel_gid16_t;

typedef __signed__ __int128 __s128 __attribute__((aligned(16)));
typedef unsigned __int128 __u128 __attribute__((aligned(16)));
typedef __u16 __le16;
typedef __u16 __be16;
typedef __u32 __le32;
typedef __u32 __be32;
typedef __u64 __le64;
typedef __u64 __be64;
typedef __u16 __sum16;
typedef __u32 __wsum;
typedef unsigned __poll_t;

typedef struct {
  uint32_t flags;
  void* stack_base;
  size_t stack_size;
  size_t guard_size;
  int32_t sched_policy;
  int32_t sched_priority;
  char __reserved[16];
} pthread_attr_t;
typedef struct {
  int64_t __private[4];
} pthread_barrier_t;
typedef int pthread_barrierattr_t;
typedef struct {
  int32_t __private[12];
} pthread_cond_t;
typedef long pthread_condattr_t;
typedef int pthread_key_t;
typedef struct {
  int32_t __private[10];
} pthread_mutex_t;
typedef long pthread_mutexattr_t;
typedef int pthread_once_t;
typedef struct {
  int32_t __private[14];
} pthread_rwlock_t;
typedef long pthread_rwlockattr_t;
typedef struct {
  int64_t __private;
} pthread_spinlock_t;
typedef long pthread_t;
typedef __kernel_gid32_t __gid_t;
typedef __gid_t gid_t;
typedef __kernel_uid32_t __uid_t;
typedef __uid_t uid_t;
typedef __kernel_pid_t __pid_t;
typedef __pid_t pid_t;
typedef uint32_t __id_t;
typedef __id_t id_t;
typedef unsigned long blkcnt_t;
typedef unsigned long blksize_t;
typedef __kernel_caddr_t caddr_t;
typedef __kernel_clock_t clock_t;
typedef __kernel_clockid_t __clockid_t;
typedef __clockid_t clockid_t;
typedef __kernel_daddr_t daddr_t;
typedef unsigned long fsblkcnt_t;
typedef unsigned long fsfilcnt_t;
typedef __kernel_mode_t __mode_t;
typedef __mode_t mode_t;
typedef __kernel_key_t __key_t;
typedef __key_t key_t;
typedef __kernel_ino_t __ino_t;
typedef __ino_t ino_t;
typedef uint64_t ino64_t;
typedef uint32_t __nlink_t;
typedef __nlink_t nlink_t;
typedef void* __timer_t;
typedef __timer_t timer_t;
typedef __kernel_suseconds_t __suseconds_t;
typedef __suseconds_t suseconds_t;
typedef uint32_t __useconds_t;
typedef __useconds_t useconds_t;
typedef uint64_t dev_t;
typedef __kernel_time_t __time_t;
typedef __time_t time_t;
typedef int64_t off_t;
typedef off_t loff_t;
typedef loff_t off64_t;
typedef uint32_t __socklen_t;
typedef __socklen_t socklen_t;
typedef __builtin_va_list __va_list;
typedef __kernel_ssize_t ssize_t;
typedef unsigned int uint_t;
typedef unsigned int uint;
typedef unsigned char u_char;
typedef unsigned short u_short;
typedef unsigned int u_int;
typedef unsigned long u_long;
typedef uint32_t u_int32_t;
typedef uint16_t u_int16_t;
typedef uint8_t u_int8_t;
typedef uint64_t u_int64_t;
struct flock { short l_type; short l_whence; off64_t l_start; off64_t l_len; pid_t l_pid; };
struct flock64 { short l_type; short l_whence; off64_t l_start; off64_t l_len; pid_t l_pid; };
struct f_owner_ex {
  int type;
  __kernel_pid_t pid;
};
struct iovec {
  void * iov_base;
  __kernel_size_t iov_len;
};
struct dmabuf_cmsg {
  __u64 frag_offset;
  __u32 frag_size;
  __u32 frag_token;
  __u32 dmabuf_id;
  __u32 flags;
};
struct dmabuf_token {
  __u32 token_start;
  __u32 token_count;
};
typedef unsigned short sa_family_t;

#pragma clang diagnostic push
#pragma clang diagnostic ignored "-Wnullability-completeness"
struct sockaddr_storage {
  union {
    struct {
      sa_family_t ss_family;
      char __data[128 - sizeof(sa_family_t)];
    };
    void* __align;
  };
};
#pragma clang diagnostic pop
struct timespec;
enum {
  SHUT_RD = 0,
  SHUT_WR,
  SHUT_RDWR
};
struct sockaddr {
  sa_family_t sa_family;
  char sa_data[14];
};
#pragma clang diagnostic push
#pragma clang diagnostic ignored "-Wnullability-completeness"
struct linger {
  int l_onoff;
  int l_linger;
};
struct msghdr {
  void* msg_name;
  socklen_t msg_namelen;
  struct iovec* msg_iov;
  size_t msg_iovlen;
  void* msg_control;
  size_t msg_controllen;
  int msg_flags;
};
struct mmsghdr {
  struct msghdr msg_hdr;
  unsigned int msg_len;
};
struct cmsghdr {
  size_t cmsg_len;
  int cmsg_level;
  int cmsg_type;
};
#pragma clang diagnostic pop
struct cmsghdr* _Nullable __cmsg_nxthdr(struct msghdr* _Nonnull __msg, struct cmsghdr* _Nonnull __cmsg);
struct ucred {
  pid_t pid;
  uid_t uid;
  gid_t gid;
};
int accept(int __fd, struct sockaddr* _Nullable __addr, socklen_t* _Nullable __addr_length);
int accept4(int __fd, struct sockaddr* _Nullable __addr, socklen_t* _Nullable __addr_length, int __flags);
int bind(int __fd, const struct sockaddr* _Nonnull __addr, socklen_t __addr_length);
int connect(int __fd, const struct sockaddr* _Nonnull __addr, socklen_t __addr_length);
int getpeername(int __fd, struct sockaddr* _Nonnull __addr, socklen_t* _Nonnull __addr_length);
int getsockname(int __fd, struct sockaddr* _Nonnull __addr, socklen_t* _Nonnull __addr_length);
int getsockopt(int __fd, int __level, int __option, void* _Nullable __value, socklen_t* _Nonnull __value_length);
int listen(int __fd, int __backlog);
int recvmmsg(int __fd, struct mmsghdr* _Nonnull __msgs, unsigned int __msg_count, int __flags, const struct timespec* _Nullable __timeout);
ssize_t recvmsg(int __fd, struct msghdr* _Nonnull __msg, int __flags);
int sendmmsg(int __fd, const struct mmsghdr* _Nonnull __msgs, unsigned int __msg_count, int __flags);
ssize_t sendmsg(int __fd, const struct msghdr* _Nonnull __msg, int __flags);
int setsockopt(int __fd, int __level, int __option, const void* _Nullable __value, socklen_t __value_length);
int shutdown(int __fd, int __how);
int socket(int __af, int __type, int __protocol);
int socketpair(int __af, int __type, int __protocol, int __fds[_Nonnull 2]);
ssize_t recv(int __fd, void* _Nullable __buf, size_t __n, int __flags);
ssize_t send(int __fd, const void* _Nonnull __buf, size_t __n, int __flags);
ssize_t sendto(int __fd, const void* _Nonnull __buf, size_t __n, int __flags, const struct sockaddr* _Nullable __dst_addr, socklen_t __dst_addr_length);
ssize_t recvfrom(int __fd, void* _Nullable __buf, size_t __n, int __flags, struct sockaddr* _Nullable __src_addr, socklen_t* _Nullable __src_addr_length);
 "MESON_GET_DEFINE_DELIMITER_START"
10
"MESON_GET_DEFINE_DELIMITER_END"
-----------
Running compile:
Working directory:  /tmp/tmp.UgJ7zjghg8/glib/_build-arm64-v8a/meson-private/tmpspg2m7wg
Code:

                #include <stdio.h>
                #include <stdint.h>
                int main(void) { int expression = 10; printf("%d", expression); return 0; }
-----------
Command line: `cc /tmp/tmp.UgJ7zjghg8/glib/_build-arm64-v8a/meson-private/tmpspg2m7wg/testfile.c -o /tmp/tmp.UgJ7zjghg8/glib/_build-arm64-v8a/meson-private/tmpspg2m7wg/output.exe -D_FILE_OFFSET_BITS=64 -O0 -U_FORTIFY_SOURCE` -> 0
Program stdout:

10
Program stderr:


Running compile:
Working directory:  /tmp/tmp.UgJ7zjghg8/glib/_build-arm64-v8a/meson-private/tmpy4r11iic
Code:

      #include <sys/types.h>
      #include <sys/socket.h>
        #include <stddef.h>
        int main(void) { static int a[1-2*!(AF_INET6 == 10)]; a[0]=0; return 0; }
-----------
Command line: `/usr/local/lib/android/sdk/ndk/29.0.14206865/toolchains/llvm/prebuilt/linux-x86_64/bin/aarch64-linux-android26-clang /tmp/tmp.UgJ7zjghg8/glib/_build-arm64-v8a/meson-private/tmpy4r11iic/testfile.c -o /tmp/tmp.UgJ7zjghg8/glib/_build-arm64-v8a/meson-private/tmpy4r11iic/output.obj -c -D_FILE_OFFSET_BITS=64 -O0 -U_FORTIFY_SOURCE -Werror=implicit-function-declaration -Werror=unknown-warning-option -Werror=unused-command-line-argument -Werror=ignored-optimization-argument -std=gnu11` -> 0
Computing int of "AF_INET6" : 10
Running compile:
Working directory:  /tmp/tmp.UgJ7zjghg8/glib/_build-arm64-v8a/meson-private/tmpmffhfhbg
Code:

      #include <sys/types.h>
      #include <sys/socket.h>
        #include <stddef.h>
        int main(void) { static int a[1-2*!(MSG_OOB == 1)]; a[0]=0; return 0; }
-----------
Command line: `/usr/local/lib/android/sdk/ndk/29.0.14206865/toolchains/llvm/prebuilt/linux-x86_64/bin/aarch64-linux-android26-clang /tmp/tmp.UgJ7zjghg8/glib/_build-arm64-v8a/meson-private/tmpmffhfhbg/testfile.c -o /tmp/tmp.UgJ7zjghg8/glib/_build-arm64-v8a/meson-private/tmpmffhfhbg/output.obj -c -D_FILE_OFFSET_BITS=64 -O0 -U_FORTIFY_SOURCE -Werror=implicit-function-declaration -Werror=unknown-warning-option -Werror=unused-command-line-argument -Werror=ignored-optimization-argument -std=gnu11` -> 0
Computing int of "MSG_OOB" : 1
Running compile:
Working directory:  /tmp/tmp.UgJ7zjghg8/glib/_build-arm64-v8a/meson-private/tmpm2xzas08
Code:

      #include <sys/types.h>
      #include <sys/socket.h>
        #include <stddef.h>
        int main(void) { static int a[1-2*!(MSG_PEEK == 2)]; a[0]=0; return 0; }
-----------
Command line: `/usr/local/lib/android/sdk/ndk/29.0.14206865/toolchains/llvm/prebuilt/linux-x86_64/bin/aarch64-linux-android26-clang /tmp/tmp.UgJ7zjghg8/glib/_build-arm64-v8a/meson-private/tmpm2xzas08/testfile.c -o /tmp/tmp.UgJ7zjghg8/glib/_build-arm64-v8a/meson-private/tmpm2xzas08/output.obj -c -D_FILE_OFFSET_BITS=64 -O0 -U_FORTIFY_SOURCE -Werror=implicit-function-declaration -Werror=unknown-warning-option -Werror=unused-command-line-argument -Werror=ignored-optimization-argument -std=gnu11` -> 0
Computing int of "MSG_PEEK" : 2
Running compile:
Working directory:  /tmp/tmp.UgJ7zjghg8/glib/_build-arm64-v8a/meson-private/tmpuauirdb_
Code:

      #include <sys/types.h>
      #include <sys/socket.h>
        #include <stddef.h>
        int main(void) { static int a[1-2*!(MSG_DONTROUTE == 4)]; a[0]=0; return 0; }
-----------
Command line: `/usr/local/lib/android/sdk/ndk/29.0.14206865/toolchains/llvm/prebuilt/linux-x86_64/bin/aarch64-linux-android26-clang /tmp/tmp.UgJ7zjghg8/glib/_build-arm64-v8a/meson-private/tmpuauirdb_/testfile.c -o /tmp/tmp.UgJ7zjghg8/glib/_build-arm64-v8a/meson-private/tmpuauirdb_/output.obj -c -D_FILE_OFFSET_BITS=64 -O0 -U_FORTIFY_SOURCE -Werror=implicit-function-declaration -Werror=unknown-warning-option -Werror=unused-command-line-argument -Werror=ignored-optimization-argument -std=gnu11` -> 0
Computing int of "MSG_DONTROUTE" : 4
Running compile:
Working directory:  /tmp/tmp.UgJ7zjghg8/glib/_build-arm64-v8a/meson-private/tmpf8lw9bnz
Code:
#include <netinet/in.h>
        void bar(void) {
            (void) sizeof(struct in6_addr);
        }
-----------
Command line: `/usr/local/lib/android/sdk/ndk/29.0.14206865/toolchains/llvm/prebuilt/linux-x86_64/bin/aarch64-linux-android26-clang /tmp/tmp.UgJ7zjghg8/glib/_build-arm64-v8a/meson-private/tmpf8lw9bnz/testfile.c -o /tmp/tmp.UgJ7zjghg8/glib/_build-arm64-v8a/meson-private/tmpf8lw9bnz/output.obj -c -D_FILE_OFFSET_BITS=64 -O0 -U_FORTIFY_SOURCE -Werror=implicit-function-declaration -Werror=unknown-warning-option -Werror=unused-command-line-argument -Werror=ignored-optimization-argument -std=gnu11` -> 0
Checking for type "struct in6_addr" : YES 
Running compile:
Working directory:  /tmp/tmp.UgJ7zjghg8/glib/_build-arm64-v8a/meson-private/tmp9g2kuqmh
Code:
int main() {
  int atomic = 2;
  __sync_bool_compare_and_swap (&atomic, 2, 3);
  return 0;
}

-----------
Command line: `/usr/local/lib/android/sdk/ndk/29.0.14206865/toolchains/llvm/prebuilt/linux-x86_64/bin/aarch64-linux-android26-clang /tmp/tmp.UgJ7zjghg8/glib/_build-arm64-v8a/meson-private/tmp9g2kuqmh/testfile.c -o /tmp/tmp.UgJ7zjghg8/glib/_build-arm64-v8a/meson-private/tmp9g2kuqmh/output.exe -D_FILE_OFFSET_BITS=64 -O0 -U_FORTIFY_SOURCE -Werror=implicit-function-declaration -std=gnu11` -> 0
Checking if "atomic ops" links: YES 
Running compile:
Working directory:  /tmp/tmp.UgJ7zjghg8/glib/_build-arm64-v8a/meson-private/tmpp3_tlc_0
Code:

      int main() {
        int atomic = 2;
        __sync_swap (&atomic, 2);
        return 0;
      }
    
-----------
Command line: `/usr/local/lib/android/sdk/ndk/29.0.14206865/toolchains/llvm/prebuilt/linux-x86_64/bin/aarch64-linux-android26-clang /tmp/tmp.UgJ7zjghg8/glib/_build-arm64-v8a/meson-private/tmpp3_tlc_0/testfile.c -o /tmp/tmp.UgJ7zjghg8/glib/_build-arm64-v8a/meson-private/tmpp3_tlc_0/output.exe -D_FILE_OFFSET_BITS=64 -O0 -U_FORTIFY_SOURCE -Werror=implicit-function-declaration -std=gnu11` -> 0
Checking if "sync swap" links: YES 
Run-time dependency threads found: YES
Running compile:
Working directory:  /tmp/tmp.UgJ7zjghg8/glib/_build-arm64-v8a/meson-private/tmpdj8dovrl
Code:

        #include <pthread.h>
        int main(void) {
            /* If it's not defined as a macro, try to use as a symbol */
            #ifndef pthread_attr_setstacksize
                pthread_attr_setstacksize;
            #endif
            return 0;
        }
-----------
Command line: `/usr/local/lib/android/sdk/ndk/29.0.14206865/toolchains/llvm/prebuilt/linux-x86_64/bin/aarch64-linux-android26-clang /tmp/tmp.UgJ7zjghg8/glib/_build-arm64-v8a/meson-private/tmpdj8dovrl/testfile.c -o /tmp/tmp.UgJ7zjghg8/glib/_build-arm64-v8a/meson-private/tmpdj8dovrl/output.obj -c -D_FILE_OFFSET_BITS=64 -O0 -U_FORTIFY_SOURCE -Werror=implicit-function-declaration -Werror=unknown-warning-option -Werror=unused-command-line-argument -Werror=ignored-optimization-argument -std=gnu11` -> 0
stderr:
/tmp/tmp.UgJ7zjghg8/glib/_build-arm64-v8a/meson-private/tmpdj8dovrl/testfile.c:6:17: warning: expression result unused [-Wunused-value]
    6 |                 pthread_attr_setstacksize;
      |                 ^~~~~~~~~~~~~~~~~~~~~~~~~
1 warning generated.
-----------
Header "pthread.h" has symbol "pthread_attr_setstacksize" : YES 
Running compile:
Working directory:  /tmp/tmp.UgJ7zjghg8/glib/_build-arm64-v8a/meson-private/tmprrq0skb0
Code:

        #include <pthread.h>
        int main(void) {
            /* If it's not defined as a macro, try to use as a symbol */
            #ifndef pthread_attr_setinheritsched
                pthread_attr_setinheritsched;
            #endif
            return 0;
        }
-----------
Command line: `/usr/local/lib/android/sdk/ndk/29.0.14206865/toolchains/llvm/prebuilt/linux-x86_64/bin/aarch64-linux-android26-clang /tmp/tmp.UgJ7zjghg8/glib/_build-arm64-v8a/meson-private/tmprrq0skb0/testfile.c -o /tmp/tmp.UgJ7zjghg8/glib/_build-arm64-v8a/meson-private/tmprrq0skb0/output.obj -c -D_FILE_OFFSET_BITS=64 -O0 -U_FORTIFY_SOURCE -Werror=implicit-function-declaration -Werror=unknown-warning-option -Werror=unused-command-line-argument -Werror=ignored-optimization-argument -std=gnu11` -> 1
stderr:
/tmp/tmp.UgJ7zjghg8/glib/_build-arm64-v8a/meson-private/tmprrq0skb0/testfile.c:6:17: error: use of undeclared identifier 'pthread_attr_setinheritsched'; did you mean 'pthread_attr_setguardsize'?
    6 |                 pthread_attr_setinheritsched;
      |                 ^~~~~~~~~~~~~~~~~~~~~~~~~~~~
      |                 pthread_attr_setguardsize
/usr/local/lib/android/sdk/ndk/29.0.14206865/toolchains/llvm/prebuilt/linux-x86_64/bin/../sysroot/usr/include/pthread.h:114:5: note: 'pthread_attr_setguardsize' declared here
  114 | int pthread_attr_setguardsize(pthread_attr_t* _Nonnull __attr, size_t __size);
      |     ^
/tmp/tmp.UgJ7zjghg8/glib/_build-arm64-v8a/meson-private/tmprrq0skb0/testfile.c:6:17: warning: expression result unused [-Wunused-value]
    6 |                 pthread_attr_setinheritsched;
      |                 ^~~~~~~~~~~~~~~~~~~~~~~~~~~~
1 warning and 1 error generated.
-----------
Header "pthread.h" has symbol "pthread_attr_setinheritsched" : NO 
Running compile:
Working directory:  /tmp/tmp.UgJ7zjghg8/glib/_build-arm64-v8a/meson-private/tmp3uatjbrj
Code:

        #include <pthread.h>
        int main(void) {
            /* If it's not defined as a macro, try to use as a symbol */
            #ifndef pthread_condattr_setclock
                pthread_condattr_setclock;
            #endif
            return 0;
        }
-----------
Command line: `/usr/local/lib/android/sdk/ndk/29.0.14206865/toolchains/llvm/prebuilt/linux-x86_64/bin/aarch64-linux-android26-clang /tmp/tmp.UgJ7zjghg8/glib/_build-arm64-v8a/meson-private/tmp3uatjbrj/testfile.c -o /tmp/tmp.UgJ7zjghg8/glib/_build-arm64-v8a/meson-private/tmp3uatjbrj/output.obj -c -D_FILE_OFFSET_BITS=64 -O0 -U_FORTIFY_SOURCE -Werror=implicit-function-declaration -Werror=unknown-warning-option -Werror=unused-command-line-argument -Werror=ignored-optimization-argument -std=gnu11` -> 0
stderr:
/tmp/tmp.UgJ7zjghg8/glib/_build-arm64-v8a/meson-private/tmp3uatjbrj/testfile.c:6:17: warning: expression result unused [-Wunused-value]
    6 |                 pthread_condattr_setclock;
      |                 ^~~~~~~~~~~~~~~~~~~~~~~~~
1 warning generated.
-----------
Header "pthread.h" has symbol "pthread_condattr_setclock" : YES 
Running compile:
Working directory:  /tmp/tmp.UgJ7zjghg8/glib/_build-arm64-v8a/meson-private/tmpctu1z_fl
Code:

        #include <pthread.h>
        int main(void) {
            /* If it's not defined as a macro, try to use as a symbol */
            #ifndef pthread_cond_timedwait_relative_np
                pthread_cond_timedwait_relative_np;
            #endif
            return 0;
        }
-----------
Command line: `/usr/local/lib/android/sdk/ndk/29.0.14206865/toolchains/llvm/prebuilt/linux-x86_64/bin/aarch64-linux-android26-clang /tmp/tmp.UgJ7zjghg8/glib/_build-arm64-v8a/meson-private/tmpctu1z_fl/testfile.c -o /tmp/tmp.UgJ7zjghg8/glib/_build-arm64-v8a/meson-private/tmpctu1z_fl/output.obj -c -D_FILE_OFFSET_BITS=64 -O0 -U_FORTIFY_SOURCE -Werror=implicit-function-declaration -Werror=unknown-warning-option -Werror=unused-command-line-argument -Werror=ignored-optimization-argument -std=gnu11` -> 1
stderr:
/tmp/tmp.UgJ7zjghg8/glib/_build-arm64-v8a/meson-private/tmpctu1z_fl/testfile.c:6:17: error: use of undeclared identifier 'pthread_cond_timedwait_relative_np'
    6 |                 pthread_cond_timedwait_relative_np;
      |                 ^
1 error generated.
-----------
Header "pthread.h" has symbol "pthread_cond_timedwait_relative_np" : NO 
Running compile:
Working directory:  /tmp/tmp.UgJ7zjghg8/glib/_build-arm64-v8a/meson-private/tmpdzu19czw
Code:

      #ifndef _GNU_SOURCE
      # define _GNU_SOURCE
      #endif
      #include <pthread.h>
        #include <pthread.h>
        int main(void) {
            /* If it's not defined as a macro, try to use as a symbol */
            #ifndef pthread_getname_np
                pthread_getname_np;
            #endif
            return 0;
        }
-----------
Command line: `/usr/local/lib/android/sdk/ndk/29.0.14206865/toolchains/llvm/prebuilt/linux-x86_64/bin/aarch64-linux-android26-clang /tmp/tmp.UgJ7zjghg8/glib/_build-arm64-v8a/meson-private/tmpdzu19czw/testfile.c -o /tmp/tmp.UgJ7zjghg8/glib/_build-arm64-v8a/meson-private/tmpdzu19czw/output.obj -c -D_FILE_OFFSET_BITS=64 -O0 -U_FORTIFY_SOURCE -Werror=implicit-function-declaration -Werror=unknown-warning-option -Werror=unused-command-line-argument -Werror=ignored-optimization-argument -std=gnu11` -> 0
stderr:
/tmp/tmp.UgJ7zjghg8/glib/_build-arm64-v8a/meson-private/tmpdzu19czw/testfile.c:10:17: warning: expression result unused [-Wunused-value]
   10 |                 pthread_getname_np;
      |                 ^~~~~~~~~~~~~~~~~~
1 warning generated.
-----------
Header "pthread.h" has symbol "pthread_getname_np" : YES 
Running compile:
Working directory:  /tmp/tmp.UgJ7zjghg8/glib/_build-arm64-v8a/meson-private/tmp_ebfgx2a
Code:

      #ifndef _GNU_SOURCE
      # define _GNU_SOURCE
      #endif
      #include <pthread.h>
        #include <pthread.h>
        int main(void) {
            /* If it's not defined as a macro, try to use as a symbol */
            #ifndef pthread_getaffinity_np
                pthread_getaffinity_np;
            #endif
            return 0;
        }
-----------
Command line: `/usr/local/lib/android/sdk/ndk/29.0.14206865/toolchains/llvm/prebuilt/linux-x86_64/bin/aarch64-linux-android26-clang /tmp/tmp.UgJ7zjghg8/glib/_build-arm64-v8a/meson-private/tmp_ebfgx2a/testfile.c -o /tmp/tmp.UgJ7zjghg8/glib/_build-arm64-v8a/meson-private/tmp_ebfgx2a/output.obj -c -D_FILE_OFFSET_BITS=64 -O0 -U_FORTIFY_SOURCE -Werror=implicit-function-declaration -Werror=unknown-warning-option -Werror=unused-command-line-argument -Werror=ignored-optimization-argument -std=gnu11` -> 1
stderr:
/tmp/tmp.UgJ7zjghg8/glib/_build-arm64-v8a/meson-private/tmp_ebfgx2a/testfile.c:10:17: error: use of undeclared identifier 'pthread_getaffinity_np'; did you mean 'pthread_getattr_np'?
   10 |                 pthread_getaffinity_np;
      |                 ^~~~~~~~~~~~~~~~~~~~~~
      |                 pthread_getattr_np
/usr/local/lib/android/sdk/ndk/29.0.14206865/toolchains/llvm/prebuilt/linux-x86_64/bin/../sysroot/usr/include/pthread.h:169:5: note: 'pthread_getattr_np' declared here
  169 | int pthread_getattr_np(pthread_t __pthread, pthread_attr_t* _Nonnull __attr);
      |     ^
/tmp/tmp.UgJ7zjghg8/glib/_build-arm64-v8a/meson-private/tmp_ebfgx2a/testfile.c:10:17: warning: expression result unused [-Wunused-value]
   10 |                 pthread_getaffinity_np;
      |                 ^~~~~~~~~~~~~~~~~~~~~~
1 warning and 1 error generated.
-----------
Header "pthread.h" has symbol "pthread_getaffinity_np" : NO 
Running compile:
Working directory:  /tmp/tmp.UgJ7zjghg8/glib/_build-arm64-v8a/meson-private/tmpk82isv9p
Code:

      #ifndef _GNU_SOURCE
      # define _GNU_SOURCE
      #endif
      #include <pthread.h>
              int main() {
                pthread_setname_np("example");
                return 0;
              }
-----------
Command line: `/usr/local/lib/android/sdk/ndk/29.0.14206865/toolchains/llvm/prebuilt/linux-x86_64/bin/aarch64-linux-android26-clang /tmp/tmp.UgJ7zjghg8/glib/_build-arm64-v8a/meson-private/tmpk82isv9p/testfile.c -o /tmp/tmp.UgJ7zjghg8/glib/_build-arm64-v8a/meson-private/tmpk82isv9p/output.exe -pthread -D_FILE_OFFSET_BITS=64 -O0 -U_FORTIFY_SOURCE -Werror=implicit-function-declaration -std=gnu11` -> 1
stderr:
/tmp/tmp.UgJ7zjghg8/glib/_build-arm64-v8a/meson-private/tmpk82isv9p/testfile.c:7:45: error: too few arguments to function call, expected 2, have 1
    7 |                 pthread_setname_np("example");
      |                 ~~~~~~~~~~~~~~~~~~          ^
/usr/local/lib/android/sdk/ndk/29.0.14206865/toolchains/llvm/prebuilt/linux-x86_64/bin/../sysroot/usr/include/pthread.h:342:5: note: 'pthread_setname_np' declared here
  342 | int pthread_setname_np(pthread_t __pthread, const char* _Nonnull __name);
      |     ^                  ~~~~~~~~~~~~~~~~~~~~~~~~~~~~~~~~~~~~~~~~~~~~~~~~
1 error generated.
-----------
Checking if "pthread_setname_np(const char*)" with dependency threads links: NO 
Running compile:
Working directory:  /tmp/tmp.UgJ7zjghg8/glib/_build-arm64-v8a/meson-private/tmpdj9fkpar
Code:

      #ifndef _GNU_SOURCE
      # define _GNU_SOURCE
      #endif
      #include <pthread.h>
                int main() {
                  pthread_setname_np(pthread_self(), "example");
                  return 0;
                }
-----------
Command line: `/usr/local/lib/android/sdk/ndk/29.0.14206865/toolchains/llvm/prebuilt/linux-x86_64/bin/aarch64-linux-android26-clang /tmp/tmp.UgJ7zjghg8/glib/_build-arm64-v8a/meson-private/tmpdj9fkpar/testfile.c -o /tmp/tmp.UgJ7zjghg8/glib/_build-arm64-v8a/meson-private/tmpdj9fkpar/output.exe -pthread -D_FILE_OFFSET_BITS=64 -O0 -U_FORTIFY_SOURCE -Werror=implicit-function-declaration -std=gnu11` -> 0
Checking if "pthread_setname_np(pthread_t, const char*)" with dependency threads links: YES 
Running compile:
Working directory:  /tmp/tmp.UgJ7zjghg8/glib/_build-arm64-v8a/meson-private/tmpl1lfj58p
Code:
#include <iconv.h>

int main() {
    iconv_open("","");
}
-----------
Command line: `/usr/local/lib/android/sdk/ndk/29.0.14206865/toolchains/llvm/prebuilt/linux-x86_64/bin/aarch64-linux-android26-clang++ /tmp/tmp.UgJ7zjghg8/glib/_build-arm64-v8a/meson-private/tmpl1lfj58p/testfile.cpp -o /tmp/tmp.UgJ7zjghg8/glib/_build-arm64-v8a/meson-private/tmpl1lfj58p/output.exe -D_FILE_OFFSET_BITS=64 -O0 -U_FORTIFY_SOURCE -fpermissive -Werror=implicit-function-declaration` -> 1
stderr:
/tmp/tmp.UgJ7zjghg8/glib/_build-arm64-v8a/meson-private/tmpl1lfj58p/testfile.cpp:4:5: error: use of undeclared identifier 'iconv_open'
    4 |     iconv_open("","");
      |     ^
1 error generated.
-----------
Running compile:
Working directory:  /tmp/tmp.UgJ7zjghg8/glib/_build-arm64-v8a/meson-private/tmp4d9o9fu1
Code:

        #ifdef __has_include
         #if !__has_include("iconv.h")
          #error "Header 'iconv.h' could not be found"
         #endif
        #else
         #include <iconv.h>
        #endif
-----------
Command line: `/usr/local/lib/android/sdk/ndk/29.0.14206865/toolchains/llvm/prebuilt/linux-x86_64/bin/aarch64-linux-android26-clang++ /tmp/tmp.UgJ7zjghg8/glib/_build-arm64-v8a/meson-private/tmp4d9o9fu1/testfile.cpp -E -P -D_FILE_OFFSET_BITS=64 -P -O0 -U_FORTIFY_SOURCE -fpermissive -Werror=implicit-function-declaration` -> 0
Running compile:
Working directory:  /tmp/tmp.UgJ7zjghg8/glib/_build-arm64-v8a/meson-private/tmp_nms0eoc
Code:
int main(void) { return 0; }

-----------
Command line: `/usr/local/lib/android/sdk/ndk/29.0.14206865/toolchains/llvm/prebuilt/linux-x86_64/bin/aarch64-linux-android26-clang++ /tmp/tmp.UgJ7zjghg8/glib/_build-arm64-v8a/meson-private/tmp_nms0eoc/testfile.cpp -o /tmp/tmp.UgJ7zjghg8/glib/_build-arm64-v8a/meson-private/tmp_nms0eoc/output.exe -D_FILE_OFFSET_BITS=64 -O0 -U_FORTIFY_SOURCE -fpermissive -Werror=implicit-function-declaration -liconv -Wl,--allow-shlib-undefined` -> 1
stderr:
ld.lld: error: unable to find library -liconv
clang++: error: linker command failed with exit code 1 (use -v to see invocation)
-----------
Running compile:
Working directory:  /tmp/tmp.UgJ7zjghg8/glib/_build-arm64-v8a/meson-private/tmpzi0fmfh0
Code:

        #include <stddef.h>
        int main(void) {
            void * something;
            return 0;
        }
-----------
Command line: `/usr/local/lib/android/sdk/ndk/29.0.14206865/toolchains/llvm/prebuilt/linux-x86_64/bin/aarch64-linux-android26-clang++ /tmp/tmp.UgJ7zjghg8/glib/_build-arm64-v8a/meson-private/tmpzi0fmfh0/testfile.cpp -o /tmp/tmp.UgJ7zjghg8/glib/_build-arm64-v8a/meson-private/tmpzi0fmfh0/output.obj -c -D_FILE_OFFSET_BITS=64 -O0 -U_FORTIFY_SOURCE -fpermissive -Werror=implicit-function-declaration -Werror=unknown-warning-option -Werror=unused-command-line-argument -Werror=ignored-optimization-argument` -> 0
Running compile:
Working directory:  /tmp/tmp.UgJ7zjghg8/glib/_build-arm64-v8a/meson-private/tmpbtxh08di
Code:

        #include <stddef.h>
        int main(void) { static int a[1-2*!(sizeof(void *) >= 0)]; a[0]=0; return 0; }
-----------
Command line: `/usr/local/lib/android/sdk/ndk/29.0.14206865/toolchains/llvm/prebuilt/linux-x86_64/bin/aarch64-linux-android26-clang++ /tmp/tmp.UgJ7zjghg8/glib/_build-arm64-v8a/meson-private/tmpbtxh08di/testfile.cpp -o /tmp/tmp.UgJ7zjghg8/glib/_build-arm64-v8a/meson-private/tmpbtxh08di/output.obj -c -D_FILE_OFFSET_BITS=64 -O0 -U_FORTIFY_SOURCE -fpermissive -Werror=implicit-function-declaration -Werror=unknown-warning-option -Werror=unused-command-line-argument -Werror=ignored-optimization-argument` -> 0
Running compile:
Working directory:  /tmp/tmp.UgJ7zjghg8/glib/_build-arm64-v8a/meson-private/tmp0amdm615
Code:

        #include <stddef.h>
        int main(void) { static int a[1-2*!(sizeof(void *) > 0)]; a[0]=0; return 0; }
-----------
Command line: `/usr/local/lib/android/sdk/ndk/29.0.14206865/toolchains/llvm/prebuilt/linux-x86_64/bin/aarch64-linux-android26-clang++ /tmp/tmp.UgJ7zjghg8/glib/_build-arm64-v8a/meson-private/tmp0amdm615/testfile.cpp -o /tmp/tmp.UgJ7zjghg8/glib/_build-arm64-v8a/meson-private/tmp0amdm615/output.obj -c -D_FILE_OFFSET_BITS=64 -O0 -U_FORTIFY_SOURCE -fpermissive -Werror=implicit-function-declaration -Werror=unknown-warning-option -Werror=unused-command-line-argument -Werror=ignored-optimization-argument` -> 0
Running compile:
Working directory:  /tmp/tmp.UgJ7zjghg8/glib/_build-arm64-v8a/meson-private/tmpw2mpt7im
Code:

        #include <stddef.h>
        int main(void) { static int a[1-2*!(sizeof(void *) > 1)]; a[0]=0; return 0; }
-----------
Command line: `/usr/local/lib/android/sdk/ndk/29.0.14206865/toolchains/llvm/prebuilt/linux-x86_64/bin/aarch64-linux-android26-clang++ /tmp/tmp.UgJ7zjghg8/glib/_build-arm64-v8a/meson-private/tmpw2mpt7im/testfile.cpp -o /tmp/tmp.UgJ7zjghg8/glib/_build-arm64-v8a/meson-private/tmpw2mpt7im/output.obj -c -D_FILE_OFFSET_BITS=64 -O0 -U_FORTIFY_SOURCE -fpermissive -Werror=implicit-function-declaration -Werror=unknown-warning-option -Werror=unused-command-line-argument -Werror=ignored-optimization-argument` -> 0
Running compile:
Working directory:  /tmp/tmp.UgJ7zjghg8/glib/_build-arm64-v8a/meson-private/tmpxohknv24
Code:

        #include <stddef.h>
        int main(void) { static int a[1-2*!(sizeof(void *) > 3)]; a[0]=0; return 0; }
-----------
Command line: `/usr/local/lib/android/sdk/ndk/29.0.14206865/toolchains/llvm/prebuilt/linux-x86_64/bin/aarch64-linux-android26-clang++ /tmp/tmp.UgJ7zjghg8/glib/_build-arm64-v8a/meson-private/tmpxohknv24/testfile.cpp -o /tmp/tmp.UgJ7zjghg8/glib/_build-arm64-v8a/meson-private/tmpxohknv24/output.obj -c -D_FILE_OFFSET_BITS=64 -O0 -U_FORTIFY_SOURCE -fpermissive -Werror=implicit-function-declaration -Werror=unknown-warning-option -Werror=unused-command-line-argument -Werror=ignored-optimization-argument` -> 0
Running compile:
Working directory:  /tmp/tmp.UgJ7zjghg8/glib/_build-arm64-v8a/meson-private/tmpgp_xl6do
Code:

        #include <stddef.h>
        int main(void) { static int a[1-2*!(sizeof(void *) > 7)]; a[0]=0; return 0; }
-----------
Command line: `/usr/local/lib/android/sdk/ndk/29.0.14206865/toolchains/llvm/prebuilt/linux-x86_64/bin/aarch64-linux-android26-clang++ /tmp/tmp.UgJ7zjghg8/glib/_build-arm64-v8a/meson-private/tmpgp_xl6do/testfile.cpp -o /tmp/tmp.UgJ7zjghg8/glib/_build-arm64-v8a/meson-private/tmpgp_xl6do/output.obj -c -D_FILE_OFFSET_BITS=64 -O0 -U_FORTIFY_SOURCE -fpermissive -Werror=implicit-function-declaration -Werror=unknown-warning-option -Werror=unused-command-line-argument -Werror=ignored-optimization-argument` -> 0
Running compile:
Working directory:  /tmp/tmp.UgJ7zjghg8/glib/_build-arm64-v8a/meson-private/tmp242wmi99
Code:

        #include <stddef.h>
        int main(void) { static int a[1-2*!(sizeof(void *) > 15)]; a[0]=0; return 0; }
-----------
Command line: `/usr/local/lib/android/sdk/ndk/29.0.14206865/toolchains/llvm/prebuilt/linux-x86_64/bin/aarch64-linux-android26-clang++ /tmp/tmp.UgJ7zjghg8/glib/_build-arm64-v8a/meson-private/tmp242wmi99/testfile.cpp -o /tmp/tmp.UgJ7zjghg8/glib/_build-arm64-v8a/meson-private/tmp242wmi99/output.obj -c -D_FILE_OFFSET_BITS=64 -O0 -U_FORTIFY_SOURCE -fpermissive -Werror=implicit-function-declaration -Werror=unknown-warning-option -Werror=unused-command-line-argument -Werror=ignored-optimization-argument` -> 1
stderr:
/tmp/tmp.UgJ7zjghg8/glib/_build-arm64-v8a/meson-private/tmp242wmi99/testfile.cpp:3:39: error: 'a' declared as an array with a negative size
    3 |         int main(void) { static int a[1-2*!(sizeof(void *) > 15)]; a[0]=0; return 0; }
      |                                       ^~~~~~~~~~~~~~~~~~~~~~~~~~
1 error generated.
-----------
Running compile:
Working directory:  /tmp/tmp.UgJ7zjghg8/glib/_build-arm64-v8a/meson-private/tmpi6a74bx7
Code:

        #include <stddef.h>
        int main(void) { static int a[1-2*!(sizeof(void *) <= 11)]; a[0]=0; return 0; }
-----------
Command line: `/usr/local/lib/android/sdk/ndk/29.0.14206865/toolchains/llvm/prebuilt/linux-x86_64/bin/aarch64-linux-android26-clang++ /tmp/tmp.UgJ7zjghg8/glib/_build-arm64-v8a/meson-private/tmpi6a74bx7/testfile.cpp -o /tmp/tmp.UgJ7zjghg8/glib/_build-arm64-v8a/meson-private/tmpi6a74bx7/output.obj -c -D_FILE_OFFSET_BITS=64 -O0 -U_FORTIFY_SOURCE -fpermissive -Werror=implicit-function-declaration -Werror=unknown-warning-option -Werror=unused-command-line-argument -Werror=ignored-optimization-argument` -> 0
Running compile:
Working directory:  /tmp/tmp.UgJ7zjghg8/glib/_build-arm64-v8a/meson-private/tmprc4sgar0
Code:

        #include <stddef.h>
        int main(void) { static int a[1-2*!(sizeof(void *) <= 9)]; a[0]=0; return 0; }
-----------
Command line: `/usr/local/lib/android/sdk/ndk/29.0.14206865/toolchains/llvm/prebuilt/linux-x86_64/bin/aarch64-linux-android26-clang++ /tmp/tmp.UgJ7zjghg8/glib/_build-arm64-v8a/meson-private/tmprc4sgar0/testfile.cpp -o /tmp/tmp.UgJ7zjghg8/glib/_build-arm64-v8a/meson-private/tmprc4sgar0/output.obj -c -D_FILE_OFFSET_BITS=64 -O0 -U_FORTIFY_SOURCE -fpermissive -Werror=implicit-function-declaration -Werror=unknown-warning-option -Werror=unused-command-line-argument -Werror=ignored-optimization-argument` -> 0
Running compile:
Working directory:  /tmp/tmp.UgJ7zjghg8/glib/_build-arm64-v8a/meson-private/tmp3f0j2we4
Code:

        #include <stddef.h>
        int main(void) { static int a[1-2*!(sizeof(void *) <= 8)]; a[0]=0; return 0; }
-----------
Command line: `/usr/local/lib/android/sdk/ndk/29.0.14206865/toolchains/llvm/prebuilt/linux-x86_64/bin/aarch64-linux-android26-clang++ /tmp/tmp.UgJ7zjghg8/glib/_build-arm64-v8a/meson-private/tmp3f0j2we4/testfile.cpp -o /tmp/tmp.UgJ7zjghg8/glib/_build-arm64-v8a/meson-private/tmp3f0j2we4/output.obj -c -D_FILE_OFFSET_BITS=64 -O0 -U_FORTIFY_SOURCE -fpermissive -Werror=implicit-function-declaration -Werror=unknown-warning-option -Werror=unused-command-line-argument -Werror=ignored-optimization-argument` -> 0
Running compile:
Working directory:  /tmp/tmp.UgJ7zjghg8/glib/_build-arm64-v8a/meson-private/tmpaaglxx6a
Code:

-----------
Command line: `/usr/local/lib/android/sdk/ndk/29.0.14206865/toolchains/llvm/prebuilt/linux-x86_64/bin/aarch64-linux-android26-clang++ /tmp/tmp.UgJ7zjghg8/glib/_build-arm64-v8a/meson-private/tmpaaglxx6a/testfile.cpp -o /tmp/tmp.UgJ7zjghg8/glib/_build-arm64-v8a/meson-private/tmpaaglxx6a/output.obj -c -D_FILE_OFFSET_BITS=64 -O0 -U_FORTIFY_SOURCE -fpermissive -Werror=implicit-function-declaration -Werror=unknown-warning-option -Werror=unused-command-line-argument -Werror=ignored-optimization-argument --print-search-dirs` -> 0
stdout:
programs: =/usr/local/lib/android/sdk/ndk/29.0.14206865/toolchains/llvm/prebuilt/linux-x86_64/bin
libraries: =/usr/local/lib/android/sdk/ndk/29.0.14206865/toolchains/llvm/prebuilt/linux-x86_64/lib/clang/21:/usr/local/lib/android/sdk/ndk/29.0.14206865/toolchains/llvm/prebuilt/linux-x86_64/lib/clang/21/lib/linux/aarch64:/usr/local/lib/android/sdk/ndk/29.0.14206865/toolchains/llvm/prebuilt/linux-x86_64/bin/../sysroot/usr/lib/aarch64-linux-android/26:/usr/local/lib/android/sdk/ndk/29.0.14206865/toolchains/llvm/prebuilt/linux-x86_64/bin/../sysroot/usr/lib/aarch64-linux-android:/usr/local/lib/android/sdk/ndk/29.0.14206865/toolchains/llvm/prebuilt/linux-x86_64/bin/../sysroot/usr/lib
-----------
Run-time dependency iconv found: NO  (tried builtin and system)

../../../../../tmp/tmp.UgJ7zjghg8/glib/meson.build:2248:13: ERROR: Dependency "iconv" not found (tried builtin and system)

::endgroup::

