Wrote cross-file: /tmp/tmp.h3JAIj8PRr/android-arm64-v8a.ini
== [1/7] glib ==
Cloning into '/tmp/tmp.h3JAIj8PRr/glib'...
DEPRECATION: "pkgconfig" entry is deprecated and should be replaced by "pkg-config"
The Meson build system
Version: 1.12.0
Source dir: /tmp/tmp.h3JAIj8PRr/glib
Build dir: /tmp/tmp.h3JAIj8PRr/glib/_build-arm64-v8a
Build type: cross build
Project name: glib
Project version: 2.89.4
C compiler for the host machine: /usr/local/lib/android/sdk/ndk/29.0.14206865/toolchains/llvm/prebuilt/linux-x86_64/bin/aarch64-linux-android28-clang (clang 21.0.0 "Android (13989888, +pgo, +bolt, +lto, +mlgo, based on r563880c) clang version 21.0.0 (https://android.googlesource.com/toolchain/llvm-project 5e96669f06077099aa41290cdb4c5e6fa0f59349)")
C linker for the host machine: /usr/local/lib/android/sdk/ndk/29.0.14206865/toolchains/llvm/prebuilt/linux-x86_64/bin/aarch64-linux-android28-clang ld.lld 21.0.0
C compiler for the build machine: cc (gcc 13.3.0 "cc (Ubuntu 13.3.0-6ubuntu2~24.04.1) 13.3.0")
C linker for the build machine: cc ld.bfd 2.42
Build machine cpu family: x86_64
Build machine cpu: x86_64
Host machine cpu family: aarch64
Host machine cpu: aarch64
Target machine cpu family: aarch64
Target machine cpu: aarch64
Compiler for C supports arguments -std=c89: YES 
Compiler for C supports arguments -std=c99: YES 
Compiler for C supports arguments -std=c11: YES 
Compiler for C supports arguments -std=c17: YES 
Compiler for C supports arguments -std=c23: YES 
C++ compiler for the host machine: /usr/local/lib/android/sdk/ndk/29.0.14206865/toolchains/llvm/prebuilt/linux-x86_64/bin/aarch64-linux-android28-clang++ (clang 21.0.0 "Android (13989888, +pgo, +bolt, +lto, +mlgo, based on r563880c) clang version 21.0.0 (https://android.googlesource.com/toolchain/llvm-project 5e96669f06077099aa41290cdb4c5e6fa0f59349)")
C++ linker for the host machine: /usr/local/lib/android/sdk/ndk/29.0.14206865/toolchains/llvm/prebuilt/linux-x86_64/bin/aarch64-linux-android28-clang++ ld.lld 21.0.0
Compiler for C++ supports arguments -std=c++98: YES 
Compiler for C++ supports arguments -std=c++03: YES 
Compiler for C++ supports arguments -std=c++11: YES 
Compiler for C++ supports arguments -std=c++14: YES 
Compiler for C++ supports arguments -std=c++17: YES 
Compiler for C++ supports arguments -std=c++20: YES 
Compiler for C++ supports arguments -std=c++23: YES 
Compiler for C++ supports arguments -std=c++2c: YES 
Compiler for C++ supports arguments -std=c++latest: NO 
Program ./.gitlab-ci/thorough-test-wrapper.sh found: YES (/bin/bash /tmp/tmp.h3JAIj8PRr/glib/./.gitlab-ci/thorough-test-wrapper.sh)
Program valgrind found: NO
Compiler for C supports arguments -fno-strict-aliasing: YES 
Message: Enabling various debug infrastructure
Has header "alloca.h" : YES 
Has header "afunix.h" : NO 
Has header "crt_externs.h" : NO 
Has header "dirent.h" : YES 
Has header "float.h" : YES 
Has header "fstab.h" : NO 
Has header "ftw.h" : YES 
Has header "grp.h" : YES 
Has header "intsafe.h" : NO 
Has header "inttypes.h" : YES 
Has header "libproc.h" : NO 
Has header "limits.h" : YES 
Has header "linux/netlink.h" : YES 
Has header "locale.h" : YES 
Has header "mach/mach_time.h" : NO 
Has header "memory.h" : YES 
Has header "mntent.h" : YES 
Has header "netlink/netlink.h" : NO 
Has header "netlink/netlink_route.h" : NO 
Has header "poll.h" : YES 
Has header "pwd.h" : YES 
Has header "sched.h" : YES 
Has header "spawn.h" : YES 
Has header "stdatomic.h" : YES 
Has header "stdckdint.h" : YES 
Has header "stdint.h" : YES 
Has header "stdlib.h" : YES 
Has header "string.h" : YES 
Has header "strings.h" : YES 
Has header "sys/auxv.h" : YES 
Has header "sys/event.h" : NO 
Has header "sys/uio.h" : YES 
Has header "sys/filio.h" : NO 
Has header "sys/inotify.h" : YES 
Has header "sys/mkdev.h" : NO 
Has header "sys/mntctl.h" : NO 
Has header "sys/mnttab.h" : NO 
Has header "sys/mount.h" : YES 
Has header "sys/param.h" : YES 
Has header "sys/prctl.h" : YES 
Has header "sys/resource.h" : YES 
Has header "sys/select.h" : YES 
Has header "sys/statfs.h" : YES 
Has header "sys/stat.h" : YES 
Has header "sys/statvfs.h" : YES 
Has header "sys/sysctl.h" : NO 
Has header "sys/time.h" : YES 
Has header "sys/times.h" : YES 
Has header "sys/types.h" : YES 
Has header "sys/ucred.h" : NO 
Has header "sys/uio.h" : YES (cached)
Has header "sys/vfs.h" : YES 
Has header "sys/vfstab.h" : NO 
Has header "sys/vmount.h" : NO 
Has header "sys/wait.h" : YES 
Has header "syslog.h" : YES 
Has header "termios.h" : YES 
Has header "unistd.h" : YES 
Has header "values.h" : NO 
Has header "vcruntime.h" : NO 
Has header "wchar.h" : YES 
Has header "xlocale.h" : YES 
Check usable header "malloc.h" : YES 
Header "locale.h" has symbol "LC_MESSAGES" : YES 
Checking if "type "struct stat" has member "st_mtimensec"" compiles: YES 
Checking if "type "struct stat" has member "st_mtim.tv_nsec"" compiles: YES 
Checking if "type "struct stat" has member "st_atimensec"" compiles: YES 
Checking if "type "struct stat" has member "st_atim.tv_nsec"" compiles: YES 
Checking if "type "struct stat" has member "st_ctimensec"" compiles: YES 
Checking if "type "struct stat" has member "st_ctim.tv_nsec"" compiles: YES 
Checking if "type "struct stat" has member "st_birthtime"" compiles: NO 
Checking if "type "struct stat" has member "st_birthtimensec"" compiles: NO 
Checking if "type "struct stat" has member "st_birthtim"" compiles: NO 
Checking if "type "struct stat" has member "st_birthtim.tv_nsec"" compiles: NO 
Checking if "type "struct stat" has member "st_blksize"" compiles: YES 
Checking if "type "struct stat" has member "st_blocks"" compiles: YES 
Checking if "type "struct statfs" has member "f_fstypename"" compiles: NO 
Checking if "type "struct statfs" has member "f_bavail"" compiles: YES 
Checking if "type "struct dirent" has member "d_type"" compiles: YES 
Checking if "type "struct statvfs" has member "f_basetype"" compiles: NO 
Checking if "type "struct statvfs" has member "f_fstypename"" compiles: NO 
Checking if "type "struct statvfs" has member "f_type"" compiles: NO 
Checking if "type "struct tm" has member "tm_gmtoff"" compiles: YES 
Checking if "type "struct tm" has member "__tm_gmtoff"" compiles: NO 
Compiler for C supports arguments -Wduplicated-branches: NO 
Compiler for C supports arguments -Wfloat-conversion: YES 
Compiler for C supports arguments -Wimplicit-fallthrough: YES 
Compiler for C supports arguments -Wmisleading-indentation: YES 
Compiler for C supports arguments -Wmissing-field-initializers: YES 
Compiler for C supports arguments -Wnonnull: YES 
Compiler for C supports arguments -Wnull-dereference: YES 
Compiler for C supports arguments -Wunused: YES 
Compiler for C supports arguments -Wno-unused-parameter: YES 
Compiler for C supports arguments -Wno-cast-function-type: YES 
Compiler for C supports arguments -Wno-pedantic: YES 
Compiler for C supports arguments -Wno-format-zero-length: YES 
Compiler for C supports arguments -Wno-variadic-macros: YES 
Compiler for C supports arguments -Werror=format=2: YES 
Compiler for C supports arguments -Werror=init-self: YES 
Compiler for C supports arguments -Werror=missing-include-dirs: YES 
Compiler for C supports arguments -Werror=pointer-arith: YES 
Compiler for C supports arguments -Werror=unused-result: YES 
Compiler for C supports arguments -Wstrict-prototypes: YES 
Compiler for C supports arguments -Wno-bad-function-cast: YES 
Compiler for C supports arguments -Werror=implicit-function-declaration: YES 
Compiler for C supports arguments -Werror=missing-prototypes: YES 
Compiler for C supports arguments -Werror=pointer-sign: YES 
Compiler for C supports arguments -Wno-string-plus-int: YES 
Compiler for C++ supports arguments -Wduplicated-branches: NO 
Compiler for C++ supports arguments -Wfloat-conversion: YES 
Compiler for C++ supports arguments -Wimplicit-fallthrough: YES 
Compiler for C++ supports arguments -Wmisleading-indentation: YES 
Compiler for C++ supports arguments -Wmissing-field-initializers: YES 
Compiler for C++ supports arguments -Wnonnull: YES 
Compiler for C++ supports arguments -Wnull-dereference: YES 
Compiler for C++ supports arguments -Wunused: YES 
Compiler for C++ supports arguments -Wno-unused-parameter: YES 
Compiler for C++ supports arguments -Wno-cast-function-type: YES 
Compiler for C++ supports arguments -Wno-pedantic: YES 
Compiler for C++ supports arguments -Wno-format-zero-length: YES 
Compiler for C++ supports arguments -Wno-variadic-macros: YES 
Compiler for C++ supports arguments -Werror=format=2: YES 
Compiler for C++ supports arguments -Werror=init-self: YES 
Compiler for C++ supports arguments -Werror=missing-include-dirs: YES 
Compiler for C++ supports arguments -Werror=pointer-arith: YES 
Compiler for C++ supports arguments -Werror=unused-result: YES 
Compiler for C supports arguments -Wsign-conversion: YES 
Compiler for C supports arguments -Wshorten-64-to-32: YES 
Compiler for C supports link arguments -Wl,-z,nodelete: YES 
Compiler for C supports link arguments -Wl,-Bsymbolic-functions: YES 
Checking for function "accept4" : YES 
Checking for function "close_range" : NO 
Checking for function "copy_file_range" : NO 
Checking for function "endmntent" : YES 
Checking for function "endservent" : YES 
Checking for function "epoll_create1" : YES 
Checking for function "faccessat" : YES 
Checking for function "fallocate" : YES 
Checking for function "fchmod" : YES 
Checking for function "fchown" : YES 
Checking for function "fdwalk" : NO 
Checking for function "free_aligned_sized" : NO 
Checking for function "free_sized" : NO 
Checking for function "fsync" : YES 
Checking for function "ftruncate64" : YES 
Checking for function "getauxval" : YES 
Checking for function "getc_unlocked" : YES 
Checking for function "getfsent" : NO 
Checking for function "getfsstat" : NO 
Checking for function "getgrgid_r" : YES 
Checking for function "getifaddrs" : YES 
Checking for function "getmntent_r" : YES 
Checking for function "getpwnam_r" : YES 
Checking for function "getpwuid_r" : YES 
Checking for function "getresuid" : YES 
Checking for function "getvfsstat" : NO 
Checking for function "gmtime_r" : YES 
Checking for function "hasmntopt" : YES 
Checking for function "inotify_init1" : YES 
Checking for function "issetugid" : NO 
Checking for function "kevent" : NO 
Checking for function "kqueue" : NO 
Checking for function "lchmod" : NO 
Checking for function "lchown" : YES 
Checking for function "link" : YES 
Checking for function "localtime_r" : YES 
Checking for function "lstat" : YES 
Checking for function "mbrtowc" : YES 
Checking for function "memalign" : YES 
Checking for function "memmem" : YES 
Checking for function "mmap" : YES 
Checking for function "newlocale" : YES 
Checking for function "pipe2" : YES 
Checking for function "poll" : YES 
Checking for function "prlimit" : YES 
Checking for function "readlink" : YES 
Checking for function "recvmmsg" : YES 
Checking for function "sendmmsg" : YES 
Checking for function "setenv" : YES 
Checking for function "setmntent" : YES 
Checking for function "strerror_r" : YES 
Checking for function "strnlen" : YES 
Checking for function "strsignal" : YES 
Checking for function "strtod_l" : YES 
Checking for function "strtoll_l" : YES 
Checking for function "strtoull_l" : YES 
Checking for function "symlink" : YES 
Checking for function "timegm" : YES 
Checking for function "unsetenv" : YES 
Checking for function "uselocale" : YES 
Checking for function "utimes" : YES 
Checking for function "utimensat" : YES 
Checking for function "valloc" : NO 
Checking for function "vasprintf" : YES 
Checking for function "vsnprintf" : YES 
Checking for function "wcrtomb" : YES 
Checking for function "wcslen" : YES 
Checking for function "wcsnlen" : YES 
Checking for function "sysctlbyname" : NO 
Checking for function "statvfs" : YES 
Checking for function "statfs" : YES 
Checking for function "prctl" : YES 
Checking for function "if_indextoname" : YES 
Checking for function "if_nametoindex" : YES 
Checking for function "splice" : YES 
Checking for function "sysinfo" : YES 
Checking for function "stpcpy" : YES 
Checking for function "memalign" : YES 
Checking if "getservbyname_r()" compiles: NO 
Checking for function "_aligned_malloc" : NO 
Checking for function "aligned_alloc" : YES 
Checking for function "posix_memalign" : YES 
Checking for function "posix_spawn" : YES 
Checking if "strerror_r() returns char *" compiles: YES 
Checking for function "snprintf" : YES 
Checking for function "strcasecmp" : YES 
Checking for function "strncasecmp" : YES 
Header "sys/sysmacros.h" has symbol "major" : YES 
Header "dlfcn.h" has symbol "RTLD_LAZY" : YES 
Header "dlfcn.h" has symbol "RTLD_NOW" : YES 
Header "dlfcn.h" has symbol "RTLD_GLOBAL" : YES 
Header "dlfcn.h" has symbol "RTLD_NEXT" : YES 
Checking for type "loff_t" : YES 
Checking for function "unshare" : YES 
Message: Checking whether to use statfs or statvfs .. statfs
Checking if "futex(2) system call" compiles: YES 
Checking if "futex_time64(2) system call" compiles: NO 
Checking if "eventfd(2) system call" links: YES 
Checking if "ppoll(2) system call" links: YES 
Checking if "pidfd_open(2) system call" links: YES 
Checking if "__uint128_t available" compiles: YES 
Checking if "clock_gettime" links: YES 
Checking for function "clock_nanosleep" : YES 
Checking if "dlopen() and dlsym() in system libraries" links: YES 
Checking if "number of arguments to statfs() (n=2)" compiles: YES 
Checking if "open() option O_DIRECTORY" compiles: YES 
Checking if "fcntl() option F_FULLFSYNC" compiles: NO 
Checking if "nl_langinfo and CODESET" links: YES 
Checking if "nl_langinfo (PM_STR)" links: YES 
Checking if "nl_langinfo (ERA)" links: NO 
Checking if "nl_langinfo (_NL_CTYPE_OUTDIGITn_MB)" links: NO 
Checking if "nl_langinfo (ALTMON_n)" links: NO 
Checking if "nl_langinfo (_NL_ABALTMON_n)" links: NO 
Checking if "nl_langinfo and _NL_TIME_CODESET" links: NO 
Checking if "signed" compiles: YES 
Header "stddef.h" has symbol "ptrdiff_t" : YES 
Checking if "sig_atomic_t" links: YES 
Checking if "long long" compiles: YES 
Checking if "long double" compiles: YES 
Header "stddef.h" has symbol "wchar_t" : YES 
Header "wchar.h" has symbol "wint_t" : YES 
Checking if "uintmax_t in inttypes.h" compiles: YES 
Checking if "uintmax_t in stdint.h" compiles: YES 
Checking for size of "char" : 1 
Checking for size of "short" : 2 
Checking for size of "int" : 4 
Checking for size of "void*" : 8 
Checking for size of "long" : 8 
Checking for size of "long long" : 8 
Checking for size of "size_t" : 8 
Checking for size of "ssize_t" : 8 
Checking if "int64_t is long" compiles: YES 
Checking for alignment of "char" : 1 
Checking for alignment of "short" : 2 
Checking for alignment of "int" : 4 
Checking for alignment of "void*" : 8 
Checking for alignment of "long" : 8 
Checking for alignment of "long long" : 8 
Checking for alignment of "size_t" : 8 
Checking for size of "wchar_t" : 4 
Checking if "GCC size_t typedef is long" compiles: YES 
Checking if "GCC size_t typedef is long long" compiles: NO 
Checking if "ISO C99 varargs macros in C" compiles: YES 
Checking if "ISO C99 varargs macros in C++" compiles: YES 
Checking if "GNUC varargs macros" compiles: YES 
Has header "alloca.h" : YES (cached)
Has header "sys/poll.h" : YES 
Has header "sys/types.h" : YES (cached)
Has header "winsock2.h" : NO 
Computing int of "POLLIN" : 1
Computing int of "POLLOUT" : 4
Computing int of "POLLPRI" : 2
Computing int of "POLLERR" : 8
Computing int of "POLLHUP" : 16
Computing int of "POLLNVAL" : 32
Computing int of "AF_UNIX" : 1
Computing int of "AF_INET" : 2
Computing int of "AF_INET6" : 10
Computing int of "MSG_OOB" : 1
Computing int of "MSG_PEEK" : 2
Computing int of "MSG_DONTROUTE" : 4
Checking for type "struct in6_addr" : YES 
Checking if "atomic ops" links: YES 
Checking if "sync swap" links: YES 
Run-time dependency threads found: YES
Header "pthread.h" has symbol "pthread_attr_setstacksize" : YES 
Header "pthread.h" has symbol "pthread_attr_setinheritsched" : YES 
Header "pthread.h" has symbol "pthread_condattr_setclock" : YES 
Header "pthread.h" has symbol "pthread_cond_timedwait_relative_np" : NO 
Header "pthread.h" has symbol "pthread_getname_np" : YES 
Header "pthread.h" has symbol "pthread_getaffinity_np" : NO 
Checking if "pthread_setname_np(const char*)" with dependency threads links: NO 
Checking if "pthread_setname_np(pthread_t, const char*)" with dependency threads links: YES 
Run-time dependency iconv found: YES
Found pkg-config: YES (/usr/bin/pkg-config) 1.8.1
Found CMake: NO
Run-time dependency libpcre2-8 found: NO  (tried pkg-config and cmake)
Run-time dependency libpcre2-8 found: NO  (tried pkg-config and cmake)
Looking for a fallback subproject for the dependency libpcre2-8
Downloading pcre2 source from https://github.com/PCRE2Project/pcre2/releases/download/pcre2-10.46/pcre2-10.46.tar.bz2
Downloading pcre2 patch from https://wrapdb.mesonbuild.com/v2/pcre2_10.46-1/get_patch
Submodule 'subprojects/gvdb' (https://github.com/GNOME/gvdb.git) registered for path './'
Cloning into '/tmp/tmp.h3JAIj8PRr/glib/subprojects/gvdb'...
From https://github.com/GNOME/gvdb
 * branch            2b42fc75f09dbe1cd1057580b5782b08f2dcb400 -> FETCH_HEAD
Submodule path './': checked out '2b42fc75f09dbe1cd1057580b5782b08f2dcb400'
Applying diff file "pcre2/fix-build-on-apple-platforms.patch"

Executing subproject pcre2 for machine: host 

pcre2| Project name: pcre2
pcre2| Project version: 10.46
pcre2| C compiler for the host machine: /usr/local/lib/android/sdk/ndk/29.0.14206865/toolchains/llvm/prebuilt/linux-x86_64/bin/aarch64-linux-android28-clang (clang 21.0.0 "Android (13989888, +pgo, +bolt, +lto, +mlgo, based on r563880c) clang version 21.0.0 (https://android.googlesource.com/toolchain/llvm-project 5e96669f06077099aa41290cdb4c5e6fa0f59349)")
pcre2| C linker for the host machine: /usr/local/lib/android/sdk/ndk/29.0.14206865/toolchains/llvm/prebuilt/linux-x86_64/bin/aarch64-linux-android28-clang ld.lld 21.0.0
pcre2| C compiler for the build machine: cc (gcc 13.3.0 "cc (Ubuntu 13.3.0-6ubuntu2~24.04.1) 13.3.0")
pcre2| C linker for the build machine: cc ld.bfd 2.42
pcre2| Compiler for C supports function attribute visibility:default: YES
pcre2| Dependency threads for host machine found: YES unknown (cached)
pcre2| Has header "sys/stat.h" : YES (cached)
pcre2| Has header "sys/types.h" : YES (cached)
pcre2| Has header "assert.h" : YES
pcre2| Has header "dirent.h" : YES (cached)
pcre2| Has header "windows.h" : NO
pcre2| Has header "unistd.h" : YES (cached)
pcre2| Checking for function "bcopy" : YES
pcre2| Checking for function "memmove" : YES
pcre2| Checking for function "realpath" : YES
pcre2| Checking for function "strerror" : YES
pcre2| Checking if "__builtin_unreachable" links: YES
pcre2| Checking if "__builtin_mul_overflow" links: YES
pcre2| Checking if "__assume" links: NO
pcre2| Checking if "__attribute__((uninitialized))" compiles: YES
pcre2| Configuring pcre2.h using configuration
pcre2| Configuring config.h using configuration
pcre2| Found pkg-config: YES (/usr/bin/pkg-config) 1.8.1
pcre2| Build targets in project: 5
pcre2| Subproject pcre2 finished.

Dependency libpcre2-8 for host machine from subproject subprojects/pcre2-10.46 found: YES 10.46

Executing subproject gvdb for machine: host 

gvdb| Project name: gvdb
gvdb| Project version: 0.0
gvdb| C compiler for the host machine: /usr/local/lib/android/sdk/ndk/29.0.14206865/toolchains/llvm/prebuilt/linux-x86_64/bin/aarch64-linux-android28-clang (clang 21.0.0 "Android (13989888, +pgo, +bolt, +lto, +mlgo, based on r563880c) clang version 21.0.0 (https://android.googlesource.com/toolchain/llvm-project 5e96669f06077099aa41290cdb4c5e6fa0f59349)")
gvdb| C linker for the host machine: /usr/local/lib/android/sdk/ndk/29.0.14206865/toolchains/llvm/prebuilt/linux-x86_64/bin/aarch64-linux-android28-clang ld.lld 21.0.0
gvdb| C compiler for the build machine: cc (gcc 13.3.0 "cc (Ubuntu 13.3.0-6ubuntu2~24.04.1) 13.3.0")
gvdb| C linker for the build machine: cc ld.bfd 2.42
gvdb| Build targets in project: 5
gvdb| Subproject gvdb finished.

Dependency gvdb for host machine found: YES 0.0 (overridden)
Library m found: YES
Run-time dependency libffi found: NO  (tried pkg-config and cmake)
Looking for a fallback subproject for the dependency libffi
Downloading libffi source from https://github.com/libffi/libffi/releases/download/v3.5.2/libffi-3.5.2.tar.gz
Downloading libffi patch from https://wrapdb.mesonbuild.com/v2/libffi_3.5.2-1/get_patch

Executing subproject libffi for machine: host 

libffi| Project name: libffi
libffi| Project version: 3.5.2
libffi| C compiler for the host machine: /usr/local/lib/android/sdk/ndk/29.0.14206865/toolchains/llvm/prebuilt/linux-x86_64/bin/aarch64-linux-android28-clang (clang 21.0.0 "Android (13989888, +pgo, +bolt, +lto, +mlgo, based on r563880c) clang version 21.0.0 (https://android.googlesource.com/toolchain/llvm-project 5e96669f06077099aa41290cdb4c5e6fa0f59349)")
libffi| C linker for the host machine: /usr/local/lib/android/sdk/ndk/29.0.14206865/toolchains/llvm/prebuilt/linux-x86_64/bin/aarch64-linux-android28-clang ld.lld 21.0.0
libffi| C compiler for the build machine: cc (gcc 13.3.0 "cc (Ubuntu 13.3.0-6ubuntu2~24.04.1) 13.3.0")
libffi| C linker for the build machine: cc ld.bfd 2.42
libffi| Checking for size of "size_t" : 8
libffi| Has header "stdlib.h" : YES (cached)
libffi| Has header "string.h" : YES (cached)
libffi| Has header "sys/memfd.h" : NO
libffi| Has header "alloca.h" : YES (cached)
libffi| Has header "inttypes.h" : YES (cached)
libffi| Has header "stdint.h" : YES (cached)
libffi| Has header "stdio.h" : YES
libffi| Has header "stdlib.h" : YES (cached)
libffi| Has header "strings.h" : YES (cached)
libffi| Has header "string.h" : YES (cached)
libffi| Has header "sys/stat.h" : YES (cached)
libffi| Has header "sys/types.h" : YES (cached)
libffi| Has header "unistd.h" : YES (cached)
libffi| Has header "dlfcn.h" : YES
libffi| Checking for function "memfd_create" : NO
libffi| Checking for function "memcpy" : YES
libffi| Checking for size of "long double" : 16
libffi| Checking for size of "double" : 8
libffi| Checking if "ASM .cfi" compiles: YES
libffi| Message: Cannot use malloc on this target, using fallback
libffi| Compiler for C supports arguments -fno-lto: YES
libffi| Compiler for C supports function attribute visibility: YES
libffi| Message: .hidden pseudo-op is available
libffi| Configuring fficonfig.h using configuration
libffi| Configuring ffi.h using configuration
libffi| Compiler for C supports link arguments -shared -Wl,--version-script=/tmp/tmp.h3JAIj8PRr/glib/subprojects/libffi-3.5.2/libffi.map.in: NO
libffi| Build targets in project: 6
libffi| Subproject libffi finished.

Dependency libffi for host machine found: YES 3.5.2 (overridden)
Run-time dependency zlib found: YES 1.3.0.1-motley
Checking if "check for -latomic" links: YES 
Library atomic found: YES
Run-time dependency intl found: NO  (tried builtin and system)
Run-time dependency intl found: NO  (tried builtin and system)
Looking for a fallback subproject for the dependency intl
Downloading proxy-libintl source from https://github.com/frida/proxy-libintl/archive/refs/tags/0.5.tar.gz
Initialized empty Git repository in /tmp/tmp.h3JAIj8PRr/glib/subprojects/sysprof/.git/
From https://gitlab.gnome.org/GNOME/sysprof
 * branch            02e50efa49885a5a20a84a8cd7feda10ae7e7e98 -> FETCH_HEAD
HEAD is now at 02e50ef Merge branch 'build-cleanup' into 'master'

Executing subproject proxy-libintl for machine: host 

proxy-libintl| Project name: proxy-libintl
proxy-libintl| Project version: 1
proxy-libintl| C compiler for the host machine: /usr/local/lib/android/sdk/ndk/29.0.14206865/toolchains/llvm/prebuilt/linux-x86_64/bin/aarch64-linux-android28-clang (clang 21.0.0 "Android (13989888, +pgo, +bolt, +lto, +mlgo, based on r563880c) clang version 21.0.0 (https://android.googlesource.com/toolchain/llvm-project 5e96669f06077099aa41290cdb4c5e6fa0f59349)")
proxy-libintl| C linker for the host machine: /usr/local/lib/android/sdk/ndk/29.0.14206865/toolchains/llvm/prebuilt/linux-x86_64/bin/aarch64-linux-android28-clang ld.lld 21.0.0
proxy-libintl| C compiler for the build machine: cc (gcc 13.3.0 "cc (Ubuntu 13.3.0-6ubuntu2~24.04.1) 13.3.0")
proxy-libintl| C linker for the build machine: cc ld.bfd 2.42
proxy-libintl| Build targets in project: 7
proxy-libintl| Subproject proxy-libintl finished.

Dependency intl for host machine from subproject subprojects/proxy-libintl-0.5 found: YES 1
Checking for function "strlcpy" : YES 
Program python3 found: YES (/usr/bin/python3)
Program bash found: YES (/usr/bin/bash)
Run-time dependency bash-completion found: NO  (tried pkg-config and cmake)
Program sh found: YES (/usr/bin/sh)
Program pkg-config found: YES
Program env found: YES (/usr/bin/env)
Program dtrace found: NO
Header "sys/ptrace.h" has symbol "PTRACE_O_EXITKILL" : YES 
Program g-ir-scanner found: NO
Run-time dependency gobject-introspection-1.0 found: NO  (tried pkg-config and cmake)
Configuring glib-gettextize using configuration
Program gen-visibility-macros.py found: YES (/tmp/tmp.h3JAIj8PRr/glib/tools/gen-visibility-macros.py)
Configuring glibconfig.h using configuration
Compiler for C supports arguments -Wno-sign-conversion: YES 
Run-time dependency sysprof-capture-4 found: NO  (tried pkg-config and cmake)
Looking for a fallback subproject for the dependency sysprof-capture-4

Executing subproject sysprof for machine: host 

sysprof| Project name: sysprof
sysprof| Project version: 3.45.0
sysprof| C compiler for the host machine: /usr/local/lib/android/sdk/ndk/29.0.14206865/toolchains/llvm/prebuilt/linux-x86_64/bin/aarch64-linux-android28-clang (clang 21.0.0 "Android (13989888, +pgo, +bolt, +lto, +mlgo, based on r563880c) clang version 21.0.0 (https://android.googlesource.com/toolchain/llvm-project 5e96669f06077099aa41290cdb4c5e6fa0f59349)")
sysprof| C linker for the host machine: /usr/local/lib/android/sdk/ndk/29.0.14206865/toolchains/llvm/prebuilt/linux-x86_64/bin/aarch64-linux-android28-clang ld.lld 21.0.0
sysprof| C compiler for the build machine: cc (gcc 13.3.0 "cc (Ubuntu 13.3.0-6ubuntu2~24.04.1) 13.3.0")
sysprof| C linker for the build machine: cc ld.bfd 2.42
sysprof| Compiler for C supports arguments -fvisibility=hidden: YES
sysprof| Has header "execinfo.h" : YES
sysprof| Checking for function "strlcpy" : YES (cached)
sysprof| Checking for function "reallocarray" : NO
sysprof| Run-time dependency polkit-agent-1 found: NO  (tried pkg-config and cmake)
sysprof| Run-time dependency polkit-gobject-1 found: NO  (tried pkg-config and cmake)
sysprof| Run-time dependency libunwind-generic found: NO  (tried pkg-config)

sysprof| ../../../../../tmp/tmp.h3JAIj8PRr/glib/subprojects/sysprof/meson.build:87:18: Exception: Dependency "libunwind-generic" not found (tried pkg-config)

Subproject subprojects/sysprof is buildable: NO (disabling)
Dependency sysprof-capture-4 for host machine from subproject sysprof found: NO (subproject failed to configure)
Fetching value of define "arm" : (undefined) 
Fetching value of define "__arm" : (undefined) 
Fetching value of define "__arm__" : (undefined) 
Compiler for C supports arguments -Wno-format-nonliteral: YES 
Compiler for C supports arguments -Wno-float-conversion: YES 
Compiler for C supports arguments -Wno-duplicated-branches: NO 
Checking if "frexpl prototype can be re-listed" compiles: YES 
Checking if "ldexpl prototype can be re-listed" compiles: YES 
Configuring gnulib_math.h using configuration
Configuring gtester-report using configuration
Configuring libglib-2.0.so.0.8904.0-gdb.py using configuration
Configuring glib-genmarshal using configuration
Configuring glib-mkenums using configuration
Configuring libgobject-2.0.so.0.8904.0-gdb.py using configuration
Message: Cross-compiling: assuming that symbols aren't prefixed with underscore
Checking for function "dlerror" : YES 
Configuring gmoduleconf.h using configuration
Checking if "res_query()" links: YES 
Checking if "socket()" links: YES 
Checking if "dn_comp()" links: YES 
Checking if "res_nclose()" links: NO 
Checking if "res_ndestroy()" links: NO 
Checking if "res_ninit()" links: NO 
Checking if "res_nquery()" links: NO 
Checking for type "struct ip_mreqn" : YES 
Checking if "ioctl with request SIOCGIFADDR" compiles: YES 
Checking if "ip_mreq_source.imr_interface has s_addr member" compiles: YES 
Configuring gnetworking.h using configuration
Configuring gdbus-codegen using configuration
Configuring config.py using configuration
Compiler for C supports arguments -Wno-sign-conversion: YES (cached)
Run-time dependency libinotify found: NO  (tried pkg-config and cmake)
Message: Found bash-completion but the .pc file did not set 'completionsdir', fallback to a predefined path
Run-time dependency libelf found: NO  (tried pkg-config and cmake)
Library elf found: NO
Compiler for C supports arguments -Wno-implicit-fallthrough: YES 
Compiler for C supports arguments -Wno-old-style-definition: YES 
Compiler for C supports arguments -Wno-suggest-attribute=noreturn: NO 
Compiler for C supports arguments -Wno-type-limits: YES 
Compiler for C supports arguments -Wno-undef: YES 
Compiler for C supports arguments -Wno-unused-parameter: YES (cached)
Compiler for C supports arguments -Wno-cast-align: YES 
Compiler for C supports arguments -Wno-unused-function: YES 
Compiler for C supports arguments -Wno-return-type: YES 
Compiler for C supports arguments -Wno-sometimes-uninitialized: YES 
Compiler for C supports arguments -Wno-old-style-definition: YES (cached)
Compiler for C supports arguments -Wno-type-limits: YES (cached)
Compiler for C supports arguments -Wno-old-style-definition: YES (cached)
Compiler for C supports arguments -Wno-cast-align: YES (cached)
Compiler for C supports arguments -Wno-unused-parameter: YES (cached)
Compiler for C supports arguments -Wno-duplicated-branches: NO (cached)
Compiler for C supports arguments -Wno-cast-align: YES (cached)
Compiler for C supports arguments -Wno-unused-parameter: YES (cached)
Compiler for C supports arguments -Wno-duplicated-branches: NO (cached)
Compiler for C supports arguments -Wno-type-limits: YES (cached)
Compiler for C supports arguments -Wno-cast-align: YES (cached)
Compiler for C supports arguments -Wno-missing-field-initializers: YES 
Compiler for C supports arguments -Wno-old-style-definition: YES (cached)
Compiler for C supports arguments -Wno-cast-align: YES (cached)
Compiler for C supports arguments -Wno-unused-parameter: YES (cached)
Compiler for C supports arguments -Wno-duplicated-branches: NO (cached)
Compiler for C supports arguments -Wno-old-style-definition: YES (cached)
Compiler for C supports arguments -Wno-cast-align: YES (cached)
Compiler for C supports arguments -Wno-unused-parameter: YES (cached)
Compiler for C supports arguments -Wno-duplicated-branches: NO (cached)
Compiler for C supports arguments -Wno-old-style-definition: YES (cached)
Compiler for C supports arguments -Wno-cast-align: YES (cached)
Compiler for C supports arguments -Wno-unused-parameter: YES (cached)
Compiler for C supports arguments -Wno-duplicated-branches: NO (cached)
Compiler for C supports arguments -Werror=unused-function: YES 
Library FuzzingEngine skipped: feature oss_fuzz disabled
Program xgettext skipped: feature nls disabled
Configuring config.h using configuration
Program rst2man rst2man.py found: NO
Program rst2html5 rst2html5.py found: NO
Build targets in project: 57

libffi 3.5.2

    Host CPU       : aarch64
    Host CPU family: aarch64
    Host system    : android
    Target         : AARCH64
    ASM sources    : sysv.S
    C sources      : ffi.c

glib 2.89.4

  Build environment
    host cpu            : aarch64
    host endian         : little
    host system         : android
    C Compiler          : clang
    C++ Compiler        : clang
    shared build        : true
    static build        : false
    build cpu           : x86_64
    build endian        : little
    build system        : linux

  Directories
    prefix              : /home/runner/work/layercraft/layercraft/native-prefix
    bindir              : /home/runner/work/layercraft/layercraft/native-prefix/bin
    libexecdir          : /home/runner/work/layercraft/layercraft/native-prefix/libexec
    pkgdatadir          : /home/runner/work/layercraft/layercraft/native-prefix/share/glib-2.0
    datadir             : /home/runner/work/layercraft/layercraft/native-prefix/share
    localedir           : /home/runner/work/layercraft/layercraft/native-prefix/share/locale
    includedir          : /home/runner/work/layercraft/layercraft/native-prefix/include/glib-2.0
    giomodulesdir       : /home/runner/work/layercraft/layercraft/native-prefix/lib/gio/modules
    localstatedir       : /home/runner/work/layercraft/layercraft/native-prefix/var
    runstatedir         : /run

  Options
    xattr               : false
    man-pages           : auto
    dtrace              : false
    systemtap           : false
    sysprof             : false
    documentation       : false
    bsymbolic_functions : true
    force_posix_threads : false
    tests               : false
    installed_tests     : false
    nls                 : disabled
    oss_fuzz            : disabled
    glib_debug          : enabled
    glib_assert         : true
    glib_checks         : true
    libelf              : auto
    multiarch           : false
    introspection       : false
    file_monitor_backend: auto

  Subprojects (for host machine)
    gvdb                : YES
    libffi              : YES
    pcre2               : YES
    proxy-libintl       : YES
    sysprof             : NO
                          Dependency "libunwind-generic" not found (tried pkg-config)

  User defined options
    Cross files         : /tmp/tmp.h3JAIj8PRr/android-arm64-v8a.ini
    buildtype           : release
    default_library     : shared
    installed_tests     : false
    libdir              : lib
    libmount            : disabled
    nls                 : disabled
    prefix              : /home/runner/work/layercraft/layercraft/native-prefix
    selinux             : disabled
    tests               : false
    wrap_mode           : default
    xattr               : false

Found ninja-1.13.2 at /usr/local/bin/ninja
ninja: Entering directory `/tmp/tmp.h3JAIj8PRr/glib/_build-arm64-v8a'
[1/630] Generating glib/glib-visibility.h with a custom command
[2/630] Generating glib/gversionmacros.h with a custom command
[3/630] Compiling C object subprojects/pcre2-10.46/libpcre2-8.a.p/src_pcre2_chkdint.c.o
[4/630] Compiling C object subprojects/proxy-libintl-0.5/libintl.so.p/libintl.c.o
[5/630] Compiling C object subprojects/pcre2-10.46/libpcre2-8.a.p/src_pcre2_config.c.o
[6/630] Compiling C object subprojects/pcre2-10.46/libpcre2-8.a.p/src_pcre2_context.c.o
[7/630] Compiling C object subprojects/pcre2-10.46/libpcre2-8.a.p/src_pcre2_auto_possess.c.o
[8/630] Compiling C object subprojects/pcre2-10.46/libpcre2-8.a.p/src_pcre2_compile_class.c.o
[9/630] Compiling C object subprojects/pcre2-10.46/libpcre2-8.a.p/src_pcre2_convert.c.o
[10/630] Compiling C object subprojects/pcre2-10.46/libpcre2-8.a.p/src_pcre2_error.c.o
../subprojects/pcre2-10.46/src/pcre2_error.c:66:3: warning: string literal of length 5544 exceeds maximum length 4095 that ISO C99 compilers are required to support [-Woverlength-strings]
   66 |   "no error\0"
      |   ^~~~~~~~~~~~
   67 |   "\\ at end of pattern\0"
      |   ~~~~~~~~~~~~~~~~~~~~~~~~
   68 |   "\\c at end of pattern\0"
      |   ~~~~~~~~~~~~~~~~~~~~~~~~~
   69 |   "unrecognized character follows \\\0"
      |   ~~~~~~~~~~~~~~~~~~~~~~~~~~~~~~~~~~~~~
   70 |   "numbers out of order in {} quantifier\0"
      |   ~~~~~~~~~~~~~~~~~~~~~~~~~~~~~~~~~~~~~~~~~
   71 |   /* 5 */
      |   ~~~~~~~
   72 |   "number too big in {} quantifier\0"
      |   ~~~~~~~~~~~~~~~~~~~~~~~~~~~~~~~~~~~
   73 |   "missing terminating ] for character class\0"
      |   ~~~~~~~~~~~~~~~~~~~~~~~~~~~~~~~~~~~~~~~~~~~~~
   74 |   "escape sequence is invalid in character class\0"
      |   ~~~~~~~~~~~~~~~~~~~~~~~~~~~~~~~~~~~~~~~~~~~~~~~~~
   75 |   "range out of order in character class\0"
      |   ~~~~~~~~~~~~~~~~~~~~~~~~~~~~~~~~~~~~~~~~~
   76 |   "quantifier does not follow a repeatable item\0"
      |   ~~~~~~~~~~~~~~~~~~~~~~~~~~~~~~~~~~~~~~~~~~~~~~~~
   77 |   /* 10 */
      |   ~~~~~~~~
   78 |   "internal error: unexpected repeat\0"
      |   ~~~~~~~~~~~~~~~~~~~~~~~~~~~~~~~~~~~~~
   79 |   "unrecognized character after (? or (?-\0"
      |   ~~~~~~~~~~~~~~~~~~~~~~~~~~~~~~~~~~~~~~~~~~
   80 |   "POSIX named classes are supported only within a class\0"
      |   ~~~~~~~~~~~~~~~~~~~~~~~~~~~~~~~~~~~~~~~~~~~~~~~~~~~~~~~~~
   81 |   "POSIX collating elements are not supported\0"
      |   ~~~~~~~~~~~~~~~~~~~~~~~~~~~~~~~~~~~~~~~~~~~~~~
1 warning generated.
[11/630] Compiling C object subprojects/pcre2-10.46/libpcre2-8.a.p/src_pcre2_extuni.c.o
[12/630] Compiling C object subprojects/pcre2-10.46/libpcre2-8.a.p/src_pcre2_find_bracket.c.o
[13/630] Compiling C object subprojects/pcre2-10.46/libpcre2-8.a.p/src_pcre2_maketables.c.o
[14/630] Compiling C object subprojects/pcre2-10.46/libpcre2-8.a.p/src_pcre2_dfa_match.c.o
[15/630] Compiling C object subprojects/pcre2-10.46/libpcre2-8.a.p/src_pcre2_match_data.c.o
[16/630] Compiling C object subprojects/pcre2-10.46/libpcre2-8.a.p/src_pcre2_newline.c.o
[17/630] Compiling C object subprojects/pcre2-10.46/libpcre2-8.a.p/src_pcre2_ord2utf.c.o
[18/630] Compiling C object subprojects/pcre2-10.46/libpcre2-8.a.p/src_pcre2_pattern_info.c.o
[19/630] Compiling C object subprojects/pcre2-10.46/libpcre2-8.a.p/src_pcre2_compile.c.o
[20/630] Compiling C object subprojects/pcre2-10.46/libpcre2-8.a.p/src_pcre2_script_run.c.o
[21/630] Compiling C object subprojects/pcre2-10.46/libpcre2-8.a.p/src_pcre2_serialize.c.o
[22/630] Compiling C object subprojects/pcre2-10.46/libpcre2-8.a.p/src_pcre2_string_utils.c.o
[23/630] Compiling C object subprojects/pcre2-10.46/libpcre2-8.a.p/src_pcre2_study.c.o
[24/630] Compiling C object subprojects/pcre2-10.46/libpcre2-8.a.p/src_pcre2_substitute.c.o
[25/630] Compiling C object subprojects/pcre2-10.46/libpcre2-8.a.p/src_pcre2_tables.c.o
[26/630] Compiling C object subprojects/pcre2-10.46/libpcre2-8.a.p/src_pcre2_substring.c.o
[27/630] Compiling C object subprojects/pcre2-10.46/libpcre2-8.a.p/src_pcre2_valid_utf.c.o
[28/630] Compiling C object subprojects/pcre2-10.46/libpcre2-8.a.p/src_pcre2_ucd.c.o
[29/630] Compiling C object subprojects/pcre2-10.46/libpcre2-8.a.p/meson-generated_.._pcre2_chartables.c.o
[30/630] Compiling C object subprojects/pcre2-10.46/libpcre2-8.a.p/src_pcre2_xclass.c.o
[31/630] Linking target subprojects/proxy-libintl-0.5/libintl.so
[32/630] Compiling C object glib/libcharset/libcharset.a.p/localcharset.c.o
[33/630] Compiling C object glib/gnulib/libgnulib.a.p/asnprintf.c.o
[34/630] Compiling C object glib/gnulib/libgnulib.a.p/printf.c.o
[35/630] Compiling C object glib/gnulib/libgnulib.a.p/printf-args.c.o
[36/630] Compiling C object glib/gnulib/libgnulib.a.p/printf-frexp.c.o
[37/630] Compiling C object glib/gnulib/libgnulib.a.p/printf-parse.c.o
[38/630] Compiling C object glib/gnulib/libgnulib.a.p/printf-frexpl.c.o
[39/630] Compiling C object glib/gnulib/libgnulib.a.p/xsize.c.o
[40/630] Compiling C object glib/gnulib/libgnulib.a.p/isnand.c.o
[41/630] Compiling C object glib/gnulib/libgnulib.a.p/isnanf.c.o
[42/630] Compiling C object glib/gnulib/libgnulib.a.p/isnanl.c.o
[43/630] Compiling C object subprojects/libffi-3.5.2/src/libffi.so.p/prep_cif.c.o
[44/630] Compiling C object subprojects/libffi-3.5.2/src/libffi.so.p/types.c.o
[45/630] Compiling C object subprojects/libffi-3.5.2/src/libffi.so.p/raw_api.c.o
[46/630] Compiling C object subprojects/libffi-3.5.2/src/libffi.so.p/java_raw_api.c.o
../subprojects/libffi-3.5.2/src/java_raw_api.c:328:46: warning: 'ffi_java_raw_size' is deprecated [-Wdeprecated-declarations]
  328 |   ffi_java_raw *raw = (ffi_java_raw*)alloca (ffi_java_raw_size (cif));
      |                                              ^
subprojects/libffi-3.5.2/include/ffi.h:315:56: note: 'ffi_java_raw_size' has been explicitly marked deprecated here
  315 | size_t ffi_java_raw_size (ffi_cif *cif) __attribute__((deprecated));
      |                                                        ^
../subprojects/libffi-3.5.2/src/java_raw_api.c:331:3: warning: 'ffi_java_ptrarray_to_raw' is deprecated [-Wdeprecated-declarations]
  331 |   ffi_java_ptrarray_to_raw (cif, avalue, raw);
      |   ^
subprojects/libffi-3.5.2/include/ffi.h:311:93: note: 'ffi_java_ptrarray_to_raw' has been explicitly marked deprecated here
  311 | void ffi_java_ptrarray_to_raw (ffi_cif *cif, void **args, ffi_java_raw *raw) __attribute__((deprecated));
      |                                                                                             ^
2 warnings generated.
[47/630] Compiling C object glib/gnulib/libgnulib.a.p/vasnprintf.c.o
../glib/gnulib/vasnprintf.c:5335:31: warning: comparison of integers of different signs: 'int' and 'size_t' (aka 'unsigned long') [-Wsign-compare]
 5335 |                     if (count >= tmp_length)
      |                         ~~~~~ ^  ~~~~~~~~~~
../glib/gnulib/vasnprintf.c:5426:31: warning: comparison of integers of different signs: 'int' and 'size_t' (aka 'unsigned long') [-Wsign-compare]
 5426 |                     if (count > allocated - length)
      |                         ~~~~~ ^ ~~~~~~~~~~~~~~~~~~
../glib/gnulib/vasnprintf.c:4853:19: warning: unannotated fall-through between switch labels [-Wimplicit-fallthrough]
 4853 |                   case TYPE_LONGINT:
      |                   ^
../glib/gnulib/vasnprintf.c:4853:19: note: insert '__attribute__((fallthrough));' to silence this warning
 4853 |                   case TYPE_LONGINT:
      |                   ^
      |                   __attribute__((fallthrough)); 
../glib/gnulib/vasnprintf.c:4853:19: note: insert 'break;' to avoid fall-through
 4853 |                   case TYPE_LONGINT:
      |                   ^
      |                   break; 
3 warnings generated.
[48/630] Compiling C object subprojects/libffi-3.5.2/src/libffi.so.p/tramp.c.o
[49/630] Compiling C object subprojects/libffi-3.5.2/src/libffi.so.p/closures.c.o
[50/630] Compiling C object subprojects/libffi-3.5.2/src/libffi.so.p/aarch64_ffi.c.o
[51/630] Compiling C object subprojects/libffi-3.5.2/src/libffi.so.p/aarch64_sysv.S.o
[52/630] Generating symbol file subprojects/proxy-libintl-0.5/libintl.so.p/libintl.so.symbols
[53/630] Linking static target glib/libcharset/libcharset.a
[54/630] Linking static target glib/gnulib/libgnulib.a
[55/630] Compiling C object glib/libglib-2.0.so.p/deprecated_gallocator.c.o
[56/630] Compiling C object glib/libglib-2.0.so.p/deprecated_gcache.c.o
[57/630] Compiling C object subprojects/pcre2-10.46/libpcre2-8.a.p/src_pcre2_match.c.o
[58/630] Compiling C object glib/libglib-2.0.so.p/deprecated_grel.c.o
[59/630] Compiling C object glib/libglib-2.0.so.p/deprecated_gcompletion.c.o
[60/630] Compiling C object glib/libglib-2.0.so.p/garcbox.c.o
[61/630] Compiling C object glib/libglib-2.0.so.p/deprecated_gthread-deprecated.c.o
[62/630] Compiling C object glib/libglib-2.0.so.p/gatomic.c.o
[63/630] Compiling C object glib/libglib-2.0.so.p/gasyncqueue.c.o
[64/630] Compiling C object glib/libglib-2.0.so.p/gbase64.c.o
[65/630] Compiling C object glib/libglib-2.0.so.p/gbacktrace.c.o
[66/630] Compiling C object glib/libglib-2.0.so.p/garray.c.o
[67/630] Compiling C object glib/libglib-2.0.so.p/gbitlock.c.o
[68/630] Compiling C object glib/libglib-2.0.so.p/gbytes.c.o
[69/630] Compiling C object glib/libglib-2.0.so.p/gcharset.c.o
[70/630] Compiling C object glib/libglib-2.0.so.p/gconvert.c.o
[71/630] Compiling C object glib/libglib-2.0.so.p/gbookmarkfile.c.o
[72/630] Compiling C object glib/libglib-2.0.so.p/gdataset.c.o
[73/630] Compiling C object glib/libglib-2.0.so.p/gchecksum.c.o
[74/630] Compiling C object glib/libglib-2.0.so.p/gdatetime-private.c.o
[75/630] Compiling C object glib/libglib-2.0.so.p/gdate.c.o
[76/630] Compiling C object glib/libglib-2.0.so.p/gdir.c.o
[77/630] Compiling C object glib/libglib-2.0.so.p/genviron.c.o
[78/630] Compiling C object glib/libglib-2.0.so.p/gerror.c.o
[79/630] Compiling C object glib/libglib-2.0.so.p/gdatetime.c.o
[80/630] Compiling C object glib/libglib-2.0.so.p/ggettext.c.o
[81/630] Compiling C object glib/libglib-2.0.so.p/ghmac.c.o
[82/630] Compiling C object glib/libglib-2.0.so.p/gfileutils.c.o
[83/630] Compiling C object glib/libglib-2.0.so.p/ghook.c.o
[84/630] Compiling C object glib/libglib-2.0.so.p/ghostutils.c.o
[85/630] Compiling C object glib/libglib-2.0.so.p/ghash.c.o
[86/630] Compiling C object glib/libglib-2.0.so.p/glib-init.c.o
[87/630] Compiling C object glib/libglib-2.0.so.p/giochannel.c.o
[88/630] Compiling C object glib/libglib-2.0.so.p/glib-private.c.o
[89/630] Compiling C object glib/libglib-2.0.so.p/glist.c.o
[90/630] Compiling C object glib/libglib-2.0.so.p/gmappedfile.c.o
[91/630] Compiling C object glib/libglib-2.0.so.p/gkeyfile.c.o
[92/630] Compiling C object glib/libglib-2.0.so.p/gmem.c.o
[93/630] Compiling C object glib/libglib-2.0.so.p/gmain.c.o
[94/630] Compiling C object glib/libglib-2.0.so.p/gmarkup.c.o
[95/630] Compiling C object glib/libglib-2.0.so.p/gmessages.c.o
[96/630] Compiling C object glib/libglib-2.0.so.p/gnode.c.o
[97/630] Compiling C object glib/libglib-2.0.so.p/gpathbuf.c.o
[98/630] Compiling C object glib/libglib-2.0.so.p/gpattern.c.o
[99/630] Compiling C object glib/libglib-2.0.so.p/gprimes.c.o
[100/630] Compiling C object glib/libglib-2.0.so.p/gpoll.c.o
[101/630] Compiling C object glib/libglib-2.0.so.p/gqsort.c.o
[102/630] Compiling C object glib/libglib-2.0.so.p/gquark.c.o
[103/630] Compiling C object glib/libglib-2.0.so.p/goption.c.o
[104/630] Compiling C object glib/libglib-2.0.so.p/gqueue.c.o
[105/630] Compiling C object glib/libglib-2.0.so.p/grcbox.c.o
[106/630] Compiling C object glib/libglib-2.0.so.p/grefcount.c.o
[107/630] Compiling C object glib/libglib-2.0.so.p/grand.c.o
[108/630] Compiling C object glib/libglib-2.0.so.p/grefstring.c.o
[109/630] Compiling C object glib/libglib-2.0.so.p/gsequence.c.o
[110/630] Compiling C object glib/libglib-2.0.so.p/gscanner.c.o
[111/630] Compiling C object glib/libglib-2.0.so.p/gregex.c.o
[112/630] Compiling C object glib/libglib-2.0.so.p/gshell.c.o
[113/630] Compiling C object glib/libglib-2.0.so.p/gslice.c.o
[114/630] Compiling C object glib/libglib-2.0.so.p/gslist.c.o
[115/630] Compiling C object glib/libglib-2.0.so.p/gspawn.c.o
[116/630] Compiling C object glib/libglib-2.0.so.p/gstdio.c.o
[117/630] Compiling C object glib/libglib-2.0.so.p/gstringchunk.c.o
[118/630] Compiling C object glib/libglib-2.0.so.p/gstrvbuilder.c.o
[119/630] Compiling C object glib/libglib-2.0.so.p/gstring.c.o
[120/630] Compiling C object glib/libglib-2.0.so.p/gstrfuncs.c.o
[121/630] Compiling C object glib/libglib-2.0.so.p/gthread.c.o
[122/630] Compiling C object glib/libglib-2.0.so.p/gthreadpool.c.o
[123/630] Compiling C object glib/libglib-2.0.so.p/gtimer.c.o
[124/630] Compiling C object glib/libglib-2.0.so.p/gtrace.c.o
[125/630] Compiling C object glib/libglib-2.0.so.p/gtranslit.c.o
[126/630] Compiling C object glib/libglib-2.0.so.p/gtimezone.c.o
[127/630] Compiling C object glib/libglib-2.0.so.p/gtestutils.c.o
[128/630] Compiling C object glib/libglib-2.0.so.p/gtrashstack.c.o
[129/630] Compiling C object glib/libglib-2.0.so.p/gtree.c.o
[130/630] Compiling C object glib/libglib-2.0.so.p/gunibreak.c.o
[131/630] Compiling C object glib/libglib-2.0.so.p/guniprop.c.o
[132/630] Compiling C object glib/libglib-2.0.so.p/gunicollate.c.o
[133/630] Compiling C object glib/libglib-2.0.so.p/gutf8.c.o
[134/630] Compiling C object glib/libglib-2.0.so.p/gunidecomp.c.o
[135/630] Compiling C object glib/libglib-2.0.so.p/gutils.c.o
[136/630] Compiling C object glib/libglib-2.0.so.p/guuid.c.o
[137/630] Compiling C object glib/libglib-2.0.so.p/guri.c.o
[138/630] Compiling C object glib/libglib-2.0.so.p/gvariant-core.c.o
[139/630] Compiling C object glib/libglib-2.0.so.p/gvariant-serialiser.c.o
[140/630] Compiling C object glib/libglib-2.0.so.p/gvariant-parser.c.o
[141/630] Compiling C object glib/libglib-2.0.so.p/gvarianttypeinfo.c.o
[142/630] Compiling C object glib/libglib-2.0.so.p/gvariant.c.o
[143/630] Compiling C object glib/libglib-2.0.so.p/gversion.c.o
[144/630] Compiling C object glib/libglib-2.0.so.p/gvarianttype.c.o
[145/630] Compiling C object glib/libglib-2.0.so.p/gwakeup.c.o
[146/630] Compiling C object subprojects/pcre2-10.46/libpcre2-8.a.p/src_pcre2_jit_compile.c.o
In file included from ../subprojects/pcre2-10.46/src/pcre2_jit_compile.c:85:
In file included from ../subprojects/pcre2-10.46/src/../deps/sljit/sljit_src/sljitLir.c:3314:
../subprojects/pcre2-10.46/src/../deps/sljit/sljit_src/sljitNativeARM_64.c:3377:12: warning: unused parameter 'temp_reg' [-Wunused-parameter]
 3377 |         sljit_s32 temp_reg)
      |                   ^
1 warning generated.
[147/630] Linking static target subprojects/pcre2-10.46/libpcre2-8.a
[148/630] Compiling C object glib/libglib-2.0.so.p/gprint.c.o
[149/630] Compiling C object glib/libglib-2.0.so.p/gprintf.c.o
[150/630] Compiling C object glib/libglib-2.0.so.p/giounix.c.o
[151/630] Compiling C object glib/libglib-2.0.so.p/glib-unix.c.o
[152/630] Linking target subprojects/libffi-3.5.2/src/libffi.so
[153/630] Generating gobject/gobject-visibility.h with a custom command
[154/630] Generating gmodule/gmodule-visibility.h with a custom command
[155/630] Generating gobject/glib_enumtypes_h with a custom command (wrapped by meson to capture output)
[156/630] Generating symbol file subprojects/libffi-3.5.2/src/libffi.so.p/libffi.so.symbols
[157/630] Compiling C object glib/libglib-2.0.so.p/gspawn-posix.c.o
[158/630] Compiling C object gmodule/libgmodule-2.0.so.p/gmodule.c.o
[159/630] Linking target glib/libglib-2.0.so
[160/630] Compiling C object gobject/libgobject-2.0.so.p/gatomicarray.c.o
[161/630] Generating symbol file glib/libglib-2.0.so.p/libglib-2.0.so.symbols
[162/630] Generating gobject/glib_enumtypes_c with a custom command (wrapped by meson to capture output)
[163/630] Compiling C object gobject/libgobject-2.0.so.p/gbinding.c.o
[164/630] Compiling C object gobject/libgobject-2.0.so.p/gbindinggroup.c.o
[165/630] Compiling C object gobject/libgobject-2.0.so.p/meson-generated_.._glib-enumtypes.c.o
[166/630] Compiling C object gobject/libgobject-2.0.so.p/gboxed.c.o
[167/630] Compiling C object gobject/libgobject-2.0.so.p/genums.c.o
[168/630] Compiling C object gobject/libgobject-2.0.so.p/gmarshal.c.o
../gobject/gmarshal.c:325:13: warning: implicit conversion changes signedness: 'gint8' (aka 'signed char') to 'gchar' (aka 'char') [-Wsign-conversion]
  324 |   callback (data1,
      |   ~~~~~~~~
  325 |             g_marshal_value_peek_char (param_values + 1),
      |             ^~~~~~~~~~~~~~~~~~~~~~~~~~~~~~~~~~~~~~~~~~~~
../gobject/gmarshal.c:27:42: note: expanded from macro 'g_marshal_value_peek_char'
   27 | #define g_marshal_value_peek_char(v)     g_value_get_schar (v)
      |                                          ^~~~~~~~~~~~~~~~~~~~~
1 warning generated.
[169/630] Compiling C object gobject/libgobject-2.0.so.p/gclosure.c.o
[170/630] Compiling C object gobject/libgobject-2.0.so.p/gparam.c.o
[171/630] Compiling C object gobject/libgobject-2.0.so.p/gparamspecs.c.o
../gobject/gparamspecs.c:51:20: warning: implicit conversion from 'int' to 'gint8' (aka 'signed char') changes value from 255 to -1 [-Wconstant-conversion]
   51 |   cspec->maximum = CHAR_MAX;
      |                  ~ ^~~~~~~~
/usr/local/lib/android/sdk/ndk/29.0.14206865/toolchains/llvm/prebuilt/linux-x86_64/lib/clang/21/include/limits.h:93:18: note: expanded from macro 'CHAR_MAX'
   93 | #define CHAR_MAX UCHAR_MAX
      |                  ^~~~~~~~~
/usr/local/lib/android/sdk/ndk/29.0.14206865/toolchains/llvm/prebuilt/linux-x86_64/lib/clang/21/include/limits.h:58:37: note: expanded from macro 'UCHAR_MAX'
   58 | #define UCHAR_MAX (__SCHAR_MAX__*2  +1)
      |                    ~~~~~~~~~~~~~~~~~^~
1 warning generated.
[172/630] Compiling C object gobject/libgobject-2.0.so.p/gsourceclosure.c.o
[173/630] Compiling C object gobject/libgobject-2.0.so.p/gsignalgroup.c.o
[174/630] Compiling C object gobject/libgobject-2.0.so.p/gtypemodule.c.o
[175/630] Compiling C object gobject/libgobject-2.0.so.p/gobject.c.o
In file included from ../gobject/gobject.c:30:
../gobject/../glib/glib-private.h:112:10: warning: implicit conversion loses integer precision: 'long' to 'gboolean' (aka 'int') [-Wshorten-64-to-32]
  112 |   return G_UNLIKELY (__lsan_enable != NULL && __lsan_ignore_object != NULL);
      |   ~~~~~~ ^~~~~~~~~~~~~~~~~~~~~~~~~~~~~~~~~~~~~~~~~~~~~~~~~~~~~~~~~~~~~~~~~~
../glib/gmacros.h:1285:27: note: expanded from macro 'G_UNLIKELY'
 1285 | #define G_UNLIKELY(expr) (__builtin_expect (_G_BOOLEAN_EXPR(expr), 0))
      |                           ^~~~~~~~~~~~~~~~~~~~~~~~~~~~~~~~~~~~~~~~~~~
1 warning generated.
[176/630] Compiling C object gobject/libgobject-2.0.so.p/gtypeplugin.c.o
[177/630] Compiling C object gobject/libgobject-2.0.so.p/gsignal.c.o
[178/630] Compiling C object gobject/libgobject-2.0.so.p/gvaluearray.c.o
[179/630] Compiling C object gobject/libgobject-2.0.so.p/gvalue.c.o
[180/630] Compiling C object gmodule/libgmodule-2.0.so.p/gmodule-deprecated.c.o
[181/630] Compiling C object gobject/libgobject-2.0.so.p/gvaluetransform.c.o
[182/630] Copying file gio/gdbus-2.0/codegen/__init__.py
[183/630] Copying file gio/gdbus-2.0/codegen/codegen.py
[184/630] Compiling C object gobject/libgobject-2.0.so.p/gvaluetypes.c.o
[185/630] Copying file gio/gdbus-2.0/codegen/codegen_main.py
[186/630] Copying file gio/gdbus-2.0/codegen/codegen_docbook.py
[187/630] Copying file gio/gdbus-2.0/codegen/codegen_md.py
[188/630] Compiling C object gobject/libgobject-2.0.so.p/gtype.c.o
In file included from ../gobject/gtype.c:36:
../glib/glib-private.h:112:10: warning: implicit conversion loses integer precision: 'long' to 'gboolean' (aka 'int') [-Wshorten-64-to-32]
  112 |   return G_UNLIKELY (__lsan_enable != NULL && __lsan_ignore_object != NULL);
      |   ~~~~~~ ^~~~~~~~~~~~~~~~~~~~~~~~~~~~~~~~~~~~~~~~~~~~~~~~~~~~~~~~~~~~~~~~~~
../glib/gmacros.h:1285:27: note: expanded from macro 'G_UNLIKELY'
 1285 | #define G_UNLIKELY(expr) (__builtin_expect (_G_BOOLEAN_EXPR(expr), 0))
      |                           ^~~~~~~~~~~~~~~~~~~~~~~~~~~~~~~~~~~~~~~~~~~
1 warning generated.
[189/630] Copying file gio/gdbus-2.0/codegen/codegen_rst.py
[190/630] Copying file gio/gdbus-2.0/codegen/dbustypes.py
[191/630] Copying file gio/gdbus-2.0/codegen/parser.py
[192/630] Copying file gio/gdbus-2.0/codegen/utils.py
[193/630] Generating gio/gio-visibility.h with a custom command
[194/630] Linking target gobject/libgobject-2.0.so
[195/630] Linking target gmodule/libgmodule-2.0.so
[196/630] Generating gio/gdbus-daemon-generated with a custom command
[197/630] Generating gio/xdp-dbus with a custom command
[198/630] Compiling C object gio/xdgmime/libxdgmime.a.p/xdgmime.c.o
[199/630] Compiling C object gio/xdgmime/libxdgmime.a.p/xdgmimealias.c.o
[200/630] Compiling C object gio/xdgmime/libxdgmime.a.p/xdgmimeicon.c.o
[201/630] Compiling C object gio/xdgmime/libxdgmime.a.p/xdgmimeint.c.o
[202/630] Compiling C object gio/xdgmime/libxdgmime.a.p/xdgmimeglob.c.o
[203/630] Compiling C object gio/xdgmime/libxdgmime.a.p/xdgmimeparent.c.o
[204/630] Compiling C object gio/xdgmime/libxdgmime.a.p/xdgmimecache.c.o
[205/630] Compiling C object gio/xdgmime/libxdgmime.a.p/xdgmimemagic.c.o
[206/630] Linking static target gio/xdgmime/libxdgmime.a
[207/630] Generating gio/gioenumtypes_h with a custom command (wrapped by meson to capture output)
[208/630] Generating symbol file gobject/libgobject-2.0.so.p/libgobject-2.0.so.symbols
[209/630] Generating symbol file gmodule/libgmodule-2.0.so.p/libgmodule-2.0.so.symbols
[210/630] Generating girepository/gi-visibility.h with a custom command
[211/630] Compiling C object gio/inotify/libinotify.a.p/inotify-sub.c.o
[212/630] Compiling C object gio/inotify/libinotify.a.p/inotify-kernel.c.o
[213/630] Compiling C object gio/inotify/libinotify.a.p/inotify-path.c.o
[214/630] Compiling C object gio/inotify/libinotify.a.p/inotify-missing.c.o
[215/630] Compiling C object gio/inotify/libinotify.a.p/inotify-helper.c.o
[216/630] Compiling C object gio/inotify/libinotify.a.p/ginotifyfilemonitor.c.o
[217/630] Linking static target gio/inotify/libinotify.a
[218/630] Generating gio/gioenumtypes_c with a custom command (wrapped by meson to capture output)
[219/630] Compiling C object gio/libgio-2.0.so.p/meson-generated_.._gdbus-daemon-generated.c.o
[220/630] Compiling C object gio/libgio-2.0.so.p/meson-generated_.._gioenumtypes.c.o
[221/630] Compiling C object gio/libgio-2.0.so.p/gappinfo.c.o
[222/630] Compiling C object gio/libgio-2.0.so.p/gasynchelper.c.o
[223/630] Compiling C object gio/libgio-2.0.so.p/gasyncinitable.c.o
[224/630] Compiling C object gio/libgio-2.0.so.p/gasyncresult.c.o
[225/630] Compiling C object gio/libgio-2.0.so.p/gbufferedinputstream.c.o
[226/630] Compiling C object gio/libgio-2.0.so.p/gbytesicon.c.o
[227/630] Compiling C object gio/libgio-2.0.so.p/gbufferedoutputstream.c.o
[228/630] Compiling C object gio/libgio-2.0.so.p/meson-generated_.._xdp-dbus.c.o
[229/630] Compiling C object gio/libgio-2.0.so.p/gcancellable.c.o
[230/630] Compiling C object gio/libgio-2.0.so.p/gcharsetconverter.c.o
[231/630] Compiling C object gio/libgio-2.0.so.p/gcontenttype.c.o
[232/630] Compiling C object gio/libgio-2.0.so.p/gcontextspecificgroup.c.o
[233/630] Compiling C object gio/libgio-2.0.so.p/gconverter.c.o
[234/630] Compiling C object gio/libgio-2.0.so.p/gcredentials.c.o
[235/630] Compiling C object gio/libgio-2.0.so.p/gconverterinputstream.c.o
[236/630] Compiling C object gio/libgio-2.0.so.p/gdatagrambased.c.o
[237/630] Compiling C object gio/libgio-2.0.so.p/gconverteroutputstream.c.o
[238/630] Compiling C object gio/libgio-2.0.so.p/gdebugcontroller.c.o
[239/630] Compiling C object gio/libgio-2.0.so.p/gdataoutputstream.c.o
[240/630] Compiling C object gio/libgio-2.0.so.p/gdatainputstream.c.o
[241/630] Compiling C object gio/libgio-2.0.so.p/gdebugcontrollerdbus.c.o
[242/630] Compiling C object gio/libgio-2.0.so.p/gdummyproxyresolver.c.o
[243/630] Compiling C object gio/libgio-2.0.so.p/gdrive.c.o
[244/630] Compiling C object gio/libgio-2.0.so.p/gemblem.c.o
[245/630] Compiling C object gio/libgio-2.0.so.p/gdummytlsbackend.c.o
[246/630] Compiling C object gio/libgio-2.0.so.p/gdummyfile.c.o
[247/630] Compiling C object gio/libgio-2.0.so.p/gemblemedicon.c.o
[248/630] Compiling C object gio/libgio-2.0.so.p/gfileicon.c.o
[249/630] Compiling C object gio/libgio-2.0.so.p/gfileattribute.c.o
[250/630] Compiling C object gio/libgio-2.0.so.p/gfileenumerator.c.o
[251/630] Compiling C object gio/libgio-2.0.so.p/gfileinputstream.c.o
[252/630] Compiling C object gio/libgio-2.0.so.p/gfilemonitor.c.o
[253/630] Compiling C object gio/libgio-2.0.so.p/gfilenamecompleter.c.o
[254/630] Compiling C object gio/libgio-2.0.so.p/gfileoutputstream.c.o
[255/630] Compiling C object gio/libgio-2.0.so.p/gfileiostream.c.o
[256/630] Compiling C object gio/libgio-2.0.so.p/gfilterinputstream.c.o
[257/630] Compiling C object gio/libgio-2.0.so.p/gfilteroutputstream.c.o
[258/630] Compiling C object gio/libgio-2.0.so.p/gfileinfo.c.o
[259/630] Compiling C object gio/libgio-2.0.so.p/gicon.c.o
[260/630] Compiling C object gio/libgio-2.0.so.p/ginetaddressmask.c.o
[261/630] Compiling C object gio/libgio-2.0.so.p/ginetaddress.c.o
[262/630] Compiling C object gio/libgio-2.0.so.p/gfile.c.o
[263/630] Compiling C object gio/libgio-2.0.so.p/ginetsocketaddress.c.o
[264/630] Compiling C object gio/libgio-2.0.so.p/ginitable.c.o
[265/630] Compiling C object gio/libgio-2.0.so.p/gioerror.c.o
[266/630] Compiling C object gio/libgio-2.0.so.p/giomodule-priv.c.o
[267/630] Compiling C object gio/libgio-2.0.so.p/gioscheduler.c.o
[268/630] Compiling C object gio/libgio-2.0.so.p/ginputstream.c.o
[269/630] Compiling C object gio/libgio-2.0.so.p/giomodule.c.o
[270/630] Compiling C object gio/libgio-2.0.so.p/giptosmessage.c.o
[271/630] Compiling C object gio/libgio-2.0.so.p/giostream.c.o
[272/630] Compiling C object gio/libgio-2.0.so.p/gipv6tclassmessage.c.o
[273/630] Compiling C object gio/libgio-2.0.so.p/gloadableicon.c.o
[274/630] Compiling C object gio/libgio-2.0.so.p/gmemorymonitor.c.o
[275/630] Compiling C object gio/libgio-2.0.so.p/gmount.c.o
[276/630] Compiling C object gio/libgio-2.0.so.p/gmemorymonitorbase.c.o
[277/630] Compiling C object gio/libgio-2.0.so.p/gmarshal-internal.c.o
[278/630] Compiling C object gio/libgio-2.0.so.p/gmemorymonitordbus.c.o
[279/630] Compiling C object gio/libgio-2.0.so.p/gnativesocketaddress.c.o
[280/630] Compiling C object gio/libgio-2.0.so.p/gmemoryinputstream.c.o
[281/630] Compiling C object gio/libgio-2.0.so.p/gmountoperation.c.o
[282/630] Compiling C object gio/libgio-2.0.so.p/gmemoryoutputstream.c.o
[283/630] Compiling C object gio/libgio-2.0.so.p/gnativevolumemonitor.c.o
[284/630] Compiling C object gio/libgio-2.0.so.p/gnetworking.c.o
[285/630] Compiling C object gio/libgio-2.0.so.p/gnetworkmonitor.c.o
[286/630] Compiling C object gio/libgio-2.0.so.p/gnetworkaddress.c.o
[287/630] Compiling C object gio/libgio-2.0.so.p/gnetworkmonitorbase.c.o
[288/630] Compiling C object gio/libgio-2.0.so.p/gnetworkservice.c.o
[289/630] Compiling C object gio/libgio-2.0.so.p/gpermission.c.o
[290/630] Compiling C object gio/libgio-2.0.so.p/gpollableinputstream.c.o
[291/630] Compiling C object gio/libgio-2.0.so.p/gpollableoutputstream.c.o
[292/630] Compiling C object gio/libgio-2.0.so.p/gpollableutils.c.o
[293/630] Compiling C object gio/libgio-2.0.so.p/gpollfilemonitor.c.o
[294/630] Compiling C object gio/libgio-2.0.so.p/goutputstream.c.o
[295/630] Compiling C object gio/libgio-2.0.so.p/gpowerprofilemonitor.c.o
[296/630] Compiling C object gio/libgio-2.0.so.p/gpowerprofilemonitordbus.c.o
[297/630] Compiling C object gio/libgio-2.0.so.p/gproxy.c.o
[298/630] Compiling C object gio/libgio-2.0.so.p/gproxyaddress.c.o
[299/630] Compiling C object gio/libgio-2.0.so.p/gproxyaddressenumerator.c.o
[300/630] Compiling C object gio/libgio-2.0.so.p/gproxyresolver.c.o
[301/630] Compiling C object gio/libgio-2.0.so.p/gseekable.c.o
[302/630] Compiling C object gio/libgio-2.0.so.p/gresource.c.o
[303/630] Compiling C object gio/libgio-2.0.so.p/gresourcefile.c.o
[304/630] Compiling C object gio/libgio-2.0.so.p/gresolver.c.o
[305/630] Compiling C object gio/libgio-2.0.so.p/gsimpleiostream.c.o
[306/630] Compiling C object gio/libgio-2.0.so.p/gsimplepermission.c.o
[307/630] Compiling C object gio/libgio-2.0.so.p/gsimpleasyncresult.c.o
[308/630] Compiling C object gio/libgio-2.0.so.p/gsimpleproxyresolver.c.o
[309/630] Compiling C object gio/libgio-2.0.so.p/gsocketaddressenumerator.c.o
[310/630] Compiling C object gio/libgio-2.0.so.p/gsocketaddress.c.o
[311/630] Compiling C object gio/libgio-2.0.so.p/gsocketconnectable.c.o
[312/630] Compiling C object gio/libgio-2.0.so.p/gsocketclient.c.o
[313/630] Compiling C object gio/libgio-2.0.so.p/gsocketconnection.c.o
[314/630] Compiling C object gio/libgio-2.0.so.p/gsocketcontrolmessage.c.o
[315/630] Compiling C object gio/libgio-2.0.so.p/gsocket.c.o
[316/630] Compiling C object gio/libgio-2.0.so.p/gsocketinputstream.c.o
[317/630] Compiling C object gio/libgio-2.0.so.p/gsocketlistener.c.o
[318/630] Compiling C object gio/libgio-2.0.so.p/gsrvtarget.c.o
[319/630] Compiling C object gio/libgio-2.0.so.p/gsocketoutputstream.c.o
[320/630] Compiling C object gio/libgio-2.0.so.p/gsocketservice.c.o
[321/630] Compiling C object gio/libgio-2.0.so.p/gsubprocesslauncher.c.o
[322/630] Compiling C object gio/libgio-2.0.so.p/gtcpconnection.c.o
[323/630] Compiling C object gio/libgio-2.0.so.p/gtcpwrapperconnection.c.o
[324/630] Compiling C object gio/libgio-2.0.so.p/gtask.c.o
[325/630] Compiling C object gio/libgio-2.0.so.p/gsubprocess.c.o
[326/630] Compiling C object gio/libgio-2.0.so.p/gthemedicon.c.o
[327/630] Compiling C object gio/libgio-2.0.so.p/gthreadedsocketservice.c.o
[328/630] Compiling C object gio/libgio-2.0.so.p/gtlsbackend.c.o
[329/630] Compiling C object gio/libgio-2.0.so.p/gtlsclientconnection.c.o
[330/630] Compiling C object gio/libgio-2.0.so.p/gtlscertificate.c.o
[331/630] Compiling C object gio/libgio-2.0.so.p/gthreadedresolver.c.o
[332/630] Compiling C object gio/libgio-2.0.so.p/gtlsfiledatabase.c.o
[333/630] Compiling C object gio/libgio-2.0.so.p/gtlsconnection.c.o
[334/630] Compiling C object gio/libgio-2.0.so.p/gtlsdatabase.c.o
[335/630] Compiling C object gio/libgio-2.0.so.p/gtlsserverconnection.c.o
[336/630] Compiling C object gio/libgio-2.0.so.p/gtlspassword.c.o
[337/630] Compiling C object gio/libgio-2.0.so.p/gtlsinteraction.c.o
[338/630] Compiling C object gio/libgio-2.0.so.p/gdtlsclientconnection.c.o
[339/630] Compiling C object gio/libgio-2.0.so.p/gdtlsserverconnection.c.o
[340/630] Compiling C object gio/libgio-2.0.so.p/gdtlsconnection.c.o
[341/630] Compiling C object gio/libgio-2.0.so.p/gunionvolumemonitor.c.o
[342/630] Compiling C object gio/libgio-2.0.so.p/gunixconnection.c.o
[343/630] Compiling C object gio/libgio-2.0.so.p/gunixfdlist.c.o
[344/630] Compiling C object gio/libgio-2.0.so.p/gunixcredentialsmessage.c.o
[345/630] Compiling C object gio/libgio-2.0.so.p/gunixsocketaddress.c.o
[346/630] Compiling C object gio/libgio-2.0.so.p/gvolumemonitor.c.o
[347/630] Compiling C object gio/libgio-2.0.so.p/gvfs.c.o
[348/630] Compiling C object gio/libgio-2.0.so.p/gvolume.c.o
[349/630] Compiling C object gio/libgio-2.0.so.p/gzlibcompressor.c.o
[350/630] Compiling C object gio/libgio-2.0.so.p/glistmodel.c.o
[351/630] Compiling C object gio/libgio-2.0.so.p/gzlibdecompressor.c.o
[352/630] Compiling C object gio/libgio-2.0.so.p/.._glib_gtrace.c.o
[353/630] Compiling C object gio/libgio-2.0.so.p/gliststore.c.o
[354/630] Compiling C object gio/libgio-2.0.so.p/gfiledescriptorbased.c.o
[355/630] Compiling C object gio/libgio-2.0.so.p/gcontenttype-fdo.c.o
[356/630] Compiling C object gio/libgio-2.0.so.p/giounix-private.c.o
[357/630] Compiling C object gio/libgio-2.0.so.p/gdbusdaemon.c.o
[358/630] Compiling C object gio/libgio-2.0.so.p/gunixfdmessage.c.o
[359/630] Compiling C object gio/libgio-2.0.so.p/gunixmount.c.o
[360/630] Compiling C object gio/libgio-2.0.so.p/gunixvolume.c.o
[361/630] Compiling C object gio/libgio-2.0.so.p/gunixmounts.c.o
[362/630] Compiling C object gio/libgio-2.0.so.p/gunixvolumemonitor.c.o
[363/630] Compiling C object gio/libgio-2.0.so.p/gunixinputstream.c.o
[364/630] Compiling C object gio/libgio-2.0.so.p/ggtknotificationbackend.c.o
[365/630] Compiling C object gio/libgio-2.0.so.p/gfdonotificationbackend.c.o
[366/630] Compiling C object gio/libgio-2.0.so.p/gmemorymonitorpoll.c.o
[367/630] Compiling C object gio/libgio-2.0.so.p/gunixoutputstream.c.o
[368/630] Compiling C object gio/libgio-2.0.so.p/gnetworkmonitornm.c.o
[369/630] Compiling C object gio/libgio-2.0.so.p/gmemorymonitorpsi.c.o
[370/630] Compiling C object gio/libgio-2.0.so.p/gnetworkmonitorsystemd.c.o
[371/630] Compiling C object gio/libgio-2.0.so.p/gnetworkmonitornetlink.c.o
[372/630] Compiling C object gio/libgio-2.0.so.p/gapplicationcommandline.c.o
[373/630] Compiling C object gio/libgio-2.0.so.p/gapplication.c.o
[374/630] Compiling C object gio/libgio-2.0.so.p/gapplicationimpl-dbus.c.o
[375/630] Compiling C object gio/libgio-2.0.so.p/gactiongroup.c.o
[376/630] Compiling C object gio/libgio-2.0.so.p/gactionmap.c.o
[377/630] Compiling C object gio/libgio-2.0.so.p/gsimpleactiongroup.c.o
[378/630] Compiling C object gio/libgio-2.0.so.p/gdesktopappinfo.c.o
[379/630] Compiling C object gio/libgio-2.0.so.p/gremoteactiongroup.c.o
[380/630] Compiling C object gio/libgio-2.0.so.p/gactiongroupexporter.c.o
[381/630] Compiling C object gio/libgio-2.0.so.p/gdbusactiongroup.c.o
[382/630] Compiling C object gio/libgio-2.0.so.p/gaction.c.o
[383/630] Compiling C object gio/libgio-2.0.so.p/gpropertyaction.c.o
[384/630] Compiling C object gio/libgio-2.0.so.p/gsimpleaction.c.o
[385/630] Compiling C object gio/libgio-2.0.so.p/gmenumodel.c.o
[386/630] Compiling C object gio/libgio-2.0.so.p/gmenuexporter.c.o
[387/630] Compiling C object gio/libgio-2.0.so.p/gmenu.c.o
[388/630] Compiling C object gio/libgio-2.0.so.p/gdbusmenumodel.c.o
[389/630] Compiling C object gio/libgio-2.0.so.p/gnotification.c.o
[390/630] Compiling C object gio/libgio-2.0.so.p/gnotificationbackend.c.o
[391/630] Compiling C object gio/libgio-2.0.so.p/gdelayedsettingsbackend.c.o
[392/630] Compiling C object gio/libgio-2.0.so.p/gmemorysettingsbackend.c.o
[393/630] Compiling C object gio/libgio-2.0.so.p/gnullsettingsbackend.c.o
[394/630] Compiling C object gio/libgio-2.0.so.p/gkeyfilesettingsbackend.c.o
[395/630] Compiling C object gio/libgio-2.0.so.p/gsettingsbackend.c.o
[396/630] Compiling C object gio/libgio-2.0.so.p/gsettings-mapping.c.o
[397/630] Compiling C object gio/libgio-2.0.so.p/gdbusutils.c.o
[398/630] Compiling C object gio/libgio-2.0.so.p/gsettingsschema.c.o
[399/630] Compiling C object gio/libgio-2.0.so.p/gdbusauthobserver.c.o
[400/630] Compiling C object gio/libgio-2.0.so.p/gsettings.c.o
[401/630] Compiling C object gio/libgio-2.0.so.p/gdbusaddress.c.o
[402/630] Compiling C object gio/libgio-2.0.so.p/gdbusauthmechanismanon.c.o
[403/630] Compiling C object gio/libgio-2.0.so.p/gdbusauthmechanism.c.o
[404/630] Compiling C object gio/libgio-2.0.so.p/gdbusauthmechanismexternal.c.o
[405/630] Compiling C object gio/libgio-2.0.so.p/gdbuserror.c.o
[406/630] Compiling C object gio/libgio-2.0.so.p/gdbusauth.c.o
[407/630] Compiling C object gio/libgio-2.0.so.p/gdbusauthmechanismsha1.c.o
[408/630] Compiling C object gio/libgio-2.0.so.p/gdbusnameowning.c.o
[409/630] Compiling C object gio/libgio-2.0.so.p/gdbusnamewatching.c.o
[410/630] Compiling C object gio/libgio-2.0.so.p/gdbusproxy.c.o
[411/630] Compiling C object gio/libgio-2.0.so.p/gdbusmessage.c.o
[412/630] Compiling C object gio/libgio-2.0.so.p/gdbusprivate.c.o
[413/630] Compiling C object gio/libgio-2.0.so.p/gdbusconnection.c.o
[414/630] Compiling C object gio/libgio-2.0.so.p/gdbusinterface.c.o
[415/630] Compiling C object gio/libgio-2.0.so.p/gdbusmethodinvocation.c.o
[416/630] Compiling C object gio/libgio-2.0.so.p/gdbusintrospection.c.o
[417/630] Compiling C object gio/libgio-2.0.so.p/gdbusserver.c.o
[418/630] Compiling C object gio/libgio-2.0.so.p/gdbusobject.c.o
[419/630] Compiling C object gio/libgio-2.0.so.p/gdbusobjectskeleton.c.o
[420/630] Compiling C object gio/libgio-2.0.so.p/gdbusinterfaceskeleton.c.o
[421/630] Compiling C object gio/libgio-2.0.so.p/gdbusobjectproxy.c.o
[422/630] Compiling C object gio/libgio-2.0.so.p/gdbusobjectmanager.c.o
[423/630] Compiling C object gio/libgio-2.0.so.p/gdbusobjectmanagerserver.c.o
[424/630] Compiling C object gio/libgio-2.0.so.p/gdbusobjectmanagerclient.c.o
[425/630] Compiling C object gio/libgio-2.0.so.p/gtestdbus.c.o
[426/630] Compiling C object gio/libgio-2.0.so.p/gdocumentportal.c.o
[427/630] Compiling C object gio/libgio-2.0.so.p/gpowerprofilemonitorportal.c.o
[428/630] Compiling C object gio/libgio-2.0.so.p/gopenuriportal.c.o
[429/630] Compiling C object gio/libgio-2.0.so.p/gmemorymonitorportal.c.o
[430/630] Compiling C object gio/libgio-2.0.so.p/gnetworkmonitorportal.c.o
[431/630] Compiling C object gio/libgio-2.0.so.p/gportalnotificationbackend.c.o
[432/630] Compiling C object gio/libgio-2.0.so.p/gproxyresolverportal.c.o
[433/630] Compiling C object gio/libgio-2.0.so.p/gtrashportal.c.o
[434/630] Compiling C object gio/libgio-2.0.so.p/gportalsupport.c.o
[435/630] Compiling C object gio/libgio-2.0.so.p/ghttpproxy.c.o
[436/630] Compiling C object gio/libgio-2.0.so.p/gsandbox.c.o
[437/630] Compiling C object gio/libgio-2.0.so.p/glocalfileenumerator.c.o
[438/630] Compiling C object gio/libgio-2.0.so.p/glocalfileinputstream.c.o
[439/630] Compiling C object gio/libgio-2.0.so.p/glocalfileinfo.c.o
[440/630] Compiling C object gio/libgio-2.0.so.p/glocalfilemonitor.c.o
[441/630] Compiling C object gio/libgio-2.0.so.p/glocalfile.c.o
[442/630] Compiling C object gio/libgio-2.0.so.p/gsocks4proxy.c.o
[443/630] Compiling C object gio/libgio-2.0.so.p/glocalfileiostream.c.o
[444/630] Compiling C object gio/libgio-2.0.so.p/glocalvfs.c.o
[445/630] Compiling C object gio/libgio-2.0.so.p/glocalfileoutputstream.c.o
[446/630] Compiling C object gio/libgio-2.0.so.p/gsocks4aproxy.c.o
[447/630] Compiling C object gio/libgio-2.0.so.p/thumbnail-verify.c.o
[448/630] Compiling C object gio/libgio-2.0.so.p/gsocks5proxy.c.o
[449/630] Compiling C object gio/libgio-2.0.so.p/.._subprojects_gvdb_gvdb_gvdb-reader.c.o
[450/630] Compiling C object gio/libgio-2.0.so.p/.._subprojects_gvdb_gvdb_gvdb-builder.c.o
[451/630] Compiling C object girepository/cmph/libcmph.a.p/bdz_ph.c.o
[452/630] Compiling C object girepository/cmph/libcmph.a.p/bdz.c.o
[453/630] Linking target gio/libgio-2.0.so
[454/630] Compiling C object girepository/cmph/libcmph.a.p/bmz8.c.o
[455/630] Compiling C object girepository/cmph/libcmph.a.p/buffer_entry.c.o
[456/630] Compiling C object girepository/cmph/libcmph.a.p/buffer_manager.c.o
[457/630] Compiling C object girepository/cmph/libcmph.a.p/bmz.c.o
[458/630] Compiling C object girepository/cmph/libcmph.a.p/chd.c.o
[459/630] Compiling C object girepository/cmph/libcmph.a.p/brz.c.o
[460/630] Compiling C object girepository/cmph/libcmph.a.p/chm.c.o
[461/630] Compiling C object girepository/cmph/libcmph.a.p/cmph_structs.c.o
[462/630] Compiling C object girepository/cmph/libcmph.a.p/cmph.c.o
[463/630] Compiling C object girepository/cmph/libcmph.a.p/chd_ph.c.o
[464/630] Compiling C object girepository/cmph/libcmph.a.p/compressed_rank.c.o
[465/630] Compiling C object girepository/cmph/libcmph.a.p/compressed_seq.c.o
[466/630] Compiling C object girepository/cmph/libcmph.a.p/fch_buckets.c.o
[467/630] Compiling C object girepository/cmph/libcmph.a.p/fch.c.o
[468/630] Compiling C object girepository/cmph/libcmph.a.p/hash.c.o
[469/630] Compiling C object girepository/cmph/libcmph.a.p/jenkins_hash.c.o
[470/630] Compiling C object girepository/cmph/libcmph.a.p/graph.c.o
[471/630] Compiling C object girepository/cmph/libcmph.a.p/miller_rabin.c.o
[472/630] Compiling C object girepository/cmph/libcmph.a.p/vstack.c.o
[473/630] Compiling C object girepository/cmph/libcmph.a.p/vqueue.c.o
[474/630] Compiling C object girepository/cmph/libcmph.a.p/select.c.o
[475/630] Compiling C object girepository/libgirepository-gthash.a.p/gthash.c.o
[476/630] Compiling C object girepository/libgirepository-internals.a.p/giroffsets.c.o
[477/630] Compiling C object girepository/libgirepository-internals.a.p/girmodule.c.o
[478/630] Generating symbol file gio/libgio-2.0.so.p/libgio-2.0.so.symbols
[479/630] Linking static target girepository/cmph/libcmph.a
[480/630] Linking static target girepository/libgirepository-gthash.a
[481/630] Compiling C object girepository/libgirepository-internals.a.p/girnode.c.o
[482/630] Compiling C object girepository/libgirepository-internals.a.p/girwriter.c.o
[483/630] Compiling C object girepository/libgirepository-2.0.so.p/gdump.c.o
[484/630] Compiling C object girepository/libgirepository-2.0.so.p/giarginfo.c.o
[485/630] Compiling C object girepository/libgirepository-2.0.so.p/gibaseinfo.c.o
[486/630] Compiling C object girepository/libgirepository-2.0.so.p/gicallbackinfo.c.o
[487/630] Compiling C object girepository/libgirepository-2.0.so.p/gicallableinfo.c.o
[488/630] Compiling C object girepository/libgirepository-internals.a.p/girparser.c.o
[489/630] Linking static target girepository/libgirepository-internals.a
[490/630] Compiling C object girepository/libgirepository-2.0.so.p/giconstantinfo.c.o
[491/630] Compiling C object girepository/libgirepository-2.0.so.p/gienuminfo.c.o
[492/630] Compiling C object girepository/libgirepository-2.0.so.p/giflagsinfo.c.o
[493/630] Compiling C object girepository/libgirepository-2.0.so.p/gifieldinfo.c.o
[494/630] Compiling C object girepository/libgirepository-2.0.so.p/gifunctioninfo.c.o
[495/630] Compiling C object girepository/libgirepository-2.0.so.p/ginvoke.c.o
../girepository/ginvoke.c:218:34: warning: implicit conversion changes signedness: 'char' to 'gint8' (aka 'signed char') [-Wsign-conversion]
  218 |       g_value_set_schar (gvalue, (char)value->v_long);
      |       ~~~~~~~~~~~~~~~~~          ^~~~~~~~~~~~~~~~~~~
1 warning generated.
[496/630] Compiling C object girepository/libgirepository-2.0.so.p/giinterfaceinfo.c.o
[497/630] Compiling C object girepository/libgirepository-2.0.so.p/gipropertyinfo.c.o
[498/630] Compiling C object girepository/libgirepository-2.0.so.p/giregisteredtypeinfo.c.o
[499/630] Compiling C object girepository/libgirepository-2.0.so.p/giobjectinfo.c.o
[500/630] Compiling C object girepository/libgirepository-2.0.so.p/girffi.c.o
[501/630] Compiling C object girepository/libgirepository-2.0.so.p/gisignalinfo.c.o
[502/630] Compiling C object girepository/libgirepository-2.0.so.p/gistructinfo.c.o
[503/630] Compiling C object girepository/libgirepository-2.0.so.p/gitypeinfo.c.o
[504/630] Compiling C object girepository/libgirepository-2.0.so.p/girepository.c.o
[505/630] Compiling C object girepository/libgirepository-2.0.so.p/giunioninfo.c.o
[506/630] Compiling C object girepository/libgirepository-2.0.so.p/giunresolvedinfo.c.o
[507/630] Compiling C object girepository/libgirepository-2.0.so.p/givalueinfo.c.o
[508/630] Generating gio/gconstructor_as_data.h with a custom command
[509/630] Compiling C object girepository/libgirepository-2.0.so.p/givfuncinfo.c.o
[510/630] Compiling C object subprojects/pcre2-10.46/libpcre2-posix.a.p/src_pcre2posix.c.o
[511/630] Compiling C object subprojects/pcre2-10.46/libpcre2-16.a.p/src_pcre2_chkdint.c.o
[512/630] Compiling C object girepository/libgirepository-2.0.so.p/gitypelib.c.o
[513/630] Linking target girepository/libgirepository-2.0.so
[514/630] Compiling C object subprojects/pcre2-10.46/libpcre2-16.a.p/src_pcre2_config.c.o
[515/630] Compiling C object subprojects/pcre2-10.46/libpcre2-16.a.p/src_pcre2_auto_possess.c.o
[516/630] Compiling C object subprojects/pcre2-10.46/libpcre2-16.a.p/src_pcre2_context.c.o
[517/630] Compiling C object subprojects/pcre2-10.46/libpcre2-16.a.p/src_pcre2_compile_class.c.o
[518/630] Compiling C object subprojects/pcre2-10.46/libpcre2-16.a.p/src_pcre2_error.c.o
../subprojects/pcre2-10.46/src/pcre2_error.c:66:3: warning: string literal of length 5545 exceeds maximum length 4095 that ISO C99 compilers are required to support [-Woverlength-strings]
   66 |   "no error\0"
      |   ^~~~~~~~~~~~
   67 |   "\\ at end of pattern\0"
      |   ~~~~~~~~~~~~~~~~~~~~~~~~
   68 |   "\\c at end of pattern\0"
      |   ~~~~~~~~~~~~~~~~~~~~~~~~~
   69 |   "unrecognized character follows \\\0"
      |   ~~~~~~~~~~~~~~~~~~~~~~~~~~~~~~~~~~~~~
   70 |   "numbers out of order in {} quantifier\0"
      |   ~~~~~~~~~~~~~~~~~~~~~~~~~~~~~~~~~~~~~~~~~
   71 |   /* 5 */
      |   ~~~~~~~
   72 |   "number too big in {} quantifier\0"
      |   ~~~~~~~~~~~~~~~~~~~~~~~~~~~~~~~~~~~
   73 |   "missing terminating ] for character class\0"
      |   ~~~~~~~~~~~~~~~~~~~~~~~~~~~~~~~~~~~~~~~~~~~~~
   74 |   "escape sequence is invalid in character class\0"
      |   ~~~~~~~~~~~~~~~~~~~~~~~~~~~~~~~~~~~~~~~~~~~~~~~~~
   75 |   "range out of order in character class\0"
      |   ~~~~~~~~~~~~~~~~~~~~~~~~~~~~~~~~~~~~~~~~~
   76 |   "quantifier does not follow a repeatable item\0"
      |   ~~~~~~~~~~~~~~~~~~~~~~~~~~~~~~~~~~~~~~~~~~~~~~~~
   77 |   /* 10 */
      |   ~~~~~~~~
   78 |   "internal error: unexpected repeat\0"
      |   ~~~~~~~~~~~~~~~~~~~~~~~~~~~~~~~~~~~~~
   79 |   "unrecognized character after (? or (?-\0"
      |   ~~~~~~~~~~~~~~~~~~~~~~~~~~~~~~~~~~~~~~~~~~
   80 |   "POSIX named classes are supported only within a class\0"
      |   ~~~~~~~~~~~~~~~~~~~~~~~~~~~~~~~~~~~~~~~~~~~~~~~~~~~~~~~~~
   81 |   "POSIX collating elements are not supported\0"
      |   ~~~~~~~~~~~~~~~~~~~~~~~~~~~~~~~~~~~~~~~~~~~~~~
1 warning generated.
[519/630] Compiling C object subprojects/pcre2-10.46/libpcre2-16.a.p/src_pcre2_convert.c.o
[520/630] Compiling C object subprojects/pcre2-10.46/libpcre2-16.a.p/src_pcre2_extuni.c.o
[521/630] Compiling C object subprojects/pcre2-10.46/libpcre2-16.a.p/src_pcre2_find_bracket.c.o
[522/630] Compiling C object subprojects/pcre2-10.46/libpcre2-16.a.p/src_pcre2_maketables.c.o
[523/630] Compiling C object subprojects/pcre2-10.46/libpcre2-16.a.p/src_pcre2_dfa_match.c.o
[524/630] Compiling C object subprojects/pcre2-10.46/libpcre2-16.a.p/src_pcre2_match_data.c.o
[525/630] Compiling C object subprojects/pcre2-10.46/libpcre2-16.a.p/src_pcre2_newline.c.o
[526/630] Compiling C object subprojects/pcre2-10.46/libpcre2-16.a.p/src_pcre2_compile.c.o
[527/630] Compiling C object subprojects/pcre2-10.46/libpcre2-16.a.p/src_pcre2_ord2utf.c.o
[528/630] Compiling C object subprojects/pcre2-10.46/libpcre2-16.a.p/src_pcre2_pattern_info.c.o
[529/630] Compiling C object subprojects/pcre2-10.46/libpcre2-16.a.p/src_pcre2_script_run.c.o
[530/630] Compiling C object subprojects/pcre2-10.46/libpcre2-16.a.p/src_pcre2_serialize.c.o
[531/630] Compiling C object subprojects/pcre2-10.46/libpcre2-16.a.p/src_pcre2_string_utils.c.o
[532/630] Compiling C object subprojects/pcre2-10.46/libpcre2-16.a.p/src_pcre2_study.c.o
[533/630] Compiling C object subprojects/pcre2-10.46/libpcre2-16.a.p/src_pcre2_substitute.c.o
[534/630] Compiling C object subprojects/pcre2-10.46/libpcre2-16.a.p/src_pcre2_substring.c.o
[535/630] Compiling C object subprojects/pcre2-10.46/libpcre2-16.a.p/src_pcre2_tables.c.o
[536/630] Compiling C object subprojects/pcre2-10.46/libpcre2-16.a.p/src_pcre2_valid_utf.c.o
[537/630] Compiling C object subprojects/pcre2-10.46/libpcre2-16.a.p/src_pcre2_ucd.c.o
[538/630] Compiling C object subprojects/pcre2-10.46/libpcre2-16.a.p/src_pcre2_xclass.c.o
[539/630] Compiling C object subprojects/pcre2-10.46/libpcre2-16.a.p/meson-generated_.._pcre2_chartables.c.o
[540/630] Compiling C object subprojects/pcre2-10.46/libpcre2-32.a.p/src_pcre2_chkdint.c.o
[541/630] Compiling C object subprojects/pcre2-10.46/libpcre2-32.a.p/src_pcre2_auto_possess.c.o
[542/630] Compiling C object subprojects/pcre2-10.46/libpcre2-32.a.p/src_pcre2_compile_class.c.o
[543/630] Compiling C object subprojects/pcre2-10.46/libpcre2-32.a.p/src_pcre2_config.c.o
[544/630] Compiling C object subprojects/pcre2-10.46/libpcre2-32.a.p/src_pcre2_context.c.o
[545/630] Compiling C object subprojects/pcre2-10.46/libpcre2-16.a.p/src_pcre2_match.c.o
[546/630] Compiling C object subprojects/pcre2-10.46/libpcre2-32.a.p/src_pcre2_convert.c.o
[547/630] Compiling C object subprojects/pcre2-10.46/libpcre2-32.a.p/src_pcre2_error.c.o
../subprojects/pcre2-10.46/src/pcre2_error.c:66:3: warning: string literal of length 5545 exceeds maximum length 4095 that ISO C99 compilers are required to support [-Woverlength-strings]
   66 |   "no error\0"
      |   ^~~~~~~~~~~~
   67 |   "\\ at end of pattern\0"
      |   ~~~~~~~~~~~~~~~~~~~~~~~~
   68 |   "\\c at end of pattern\0"
      |   ~~~~~~~~~~~~~~~~~~~~~~~~~
   69 |   "unrecognized character follows \\\0"
      |   ~~~~~~~~~~~~~~~~~~~~~~~~~~~~~~~~~~~~~
   70 |   "numbers out of order in {} quantifier\0"
      |   ~~~~~~~~~~~~~~~~~~~~~~~~~~~~~~~~~~~~~~~~~
   71 |   /* 5 */
      |   ~~~~~~~
   72 |   "number too big in {} quantifier\0"
      |   ~~~~~~~~~~~~~~~~~~~~~~~~~~~~~~~~~~~
   73 |   "missing terminating ] for character class\0"
      |   ~~~~~~~~~~~~~~~~~~~~~~~~~~~~~~~~~~~~~~~~~~~~~
   74 |   "escape sequence is invalid in character class\0"
      |   ~~~~~~~~~~~~~~~~~~~~~~~~~~~~~~~~~~~~~~~~~~~~~~~~~
   75 |   "range out of order in character class\0"
      |   ~~~~~~~~~~~~~~~~~~~~~~~~~~~~~~~~~~~~~~~~~
   76 |   "quantifier does not follow a repeatable item\0"
      |   ~~~~~~~~~~~~~~~~~~~~~~~~~~~~~~~~~~~~~~~~~~~~~~~~
   77 |   /* 10 */
      |   ~~~~~~~~
   78 |   "internal error: unexpected repeat\0"
      |   ~~~~~~~~~~~~~~~~~~~~~~~~~~~~~~~~~~~~~
   79 |   "unrecognized character after (? or (?-\0"
      |   ~~~~~~~~~~~~~~~~~~~~~~~~~~~~~~~~~~~~~~~~~~
   80 |   "POSIX named classes are supported only within a class\0"
      |   ~~~~~~~~~~~~~~~~~~~~~~~~~~~~~~~~~~~~~~~~~~~~~~~~~~~~~~~~~
   81 |   "POSIX collating elements are not supported\0"
      |   ~~~~~~~~~~~~~~~~~~~~~~~~~~~~~~~~~~~~~~~~~~~~~~
1 warning generated.
[548/630] Compiling C object subprojects/pcre2-10.46/libpcre2-32.a.p/src_pcre2_extuni.c.o
[549/630] Compiling C object subprojects/pcre2-10.46/libpcre2-32.a.p/src_pcre2_find_bracket.c.o
[550/630] Compiling C object subprojects/pcre2-10.46/libpcre2-32.a.p/src_pcre2_compile.c.o
[551/630] Compiling C object subprojects/pcre2-10.46/libpcre2-32.a.p/src_pcre2_maketables.c.o
[552/630] Compiling C object subprojects/pcre2-10.46/libpcre2-32.a.p/src_pcre2_dfa_match.c.o
[553/630] Compiling C object subprojects/pcre2-10.46/libpcre2-32.a.p/src_pcre2_match_data.c.o
[554/630] Compiling C object subprojects/pcre2-10.46/libpcre2-32.a.p/src_pcre2_newline.c.o
[555/630] Compiling C object subprojects/pcre2-10.46/libpcre2-32.a.p/src_pcre2_ord2utf.c.o
[556/630] Compiling C object subprojects/pcre2-10.46/libpcre2-32.a.p/src_pcre2_pattern_info.c.o
[557/630] Compiling C object subprojects/pcre2-10.46/libpcre2-32.a.p/src_pcre2_script_run.c.o
[558/630] Compiling C object subprojects/pcre2-10.46/libpcre2-32.a.p/src_pcre2_serialize.c.o
[559/630] Compiling C object subprojects/pcre2-10.46/libpcre2-32.a.p/src_pcre2_string_utils.c.o
[560/630] Compiling C object subprojects/pcre2-10.46/libpcre2-32.a.p/src_pcre2_study.c.o
[561/630] Compiling C object subprojects/pcre2-10.46/libpcre2-32.a.p/src_pcre2_substitute.c.o
[562/630] Compiling C object subprojects/pcre2-10.46/libpcre2-32.a.p/src_pcre2_substring.c.o
[563/630] Compiling C object subprojects/pcre2-10.46/libpcre2-32.a.p/src_pcre2_tables.c.o
[564/630] Compiling C object subprojects/pcre2-10.46/libpcre2-32.a.p/src_pcre2_ucd.c.o
[565/630] Compiling C object subprojects/pcre2-10.46/libpcre2-32.a.p/src_pcre2_valid_utf.c.o
[566/630] Compiling C object subprojects/pcre2-10.46/libpcre2-32.a.p/src_pcre2_xclass.c.o
[567/630] Compiling C object subprojects/pcre2-10.46/libpcre2-32.a.p/meson-generated_.._pcre2_chartables.c.o
[568/630] Compiling C object subprojects/pcre2-10.46/libpcre2-32.a.p/src_pcre2_match.c.o
[569/630] Compiling C object subprojects/pcre2-10.46/pcre2grep.p/src_pcre2grep.c.o
[570/630] Compiling C object gobject/gobject-query.p/gobject-query.c.o
[571/630] Compiling C object gthread/libgthread-2.0.so.p/gthread-impl.c.o
[572/630] Compiling C object gio/gio-launch-desktop.p/gio-launch-desktop.c.o
[573/630] Compiling C object gio/gio.p/gio-tool.c.o
[574/630] Compiling C object glib/gtester.p/gtester.c.o
[575/630] Compiling C object gio/gio.p/gio-tool-cat.c.o
[576/630] Compiling C object gio/gio.p/gio-tool-copy.c.o
[577/630] Compiling C object gio/gio.p/gio-tool-info.c.o
[578/630] Compiling C object gio/gio.p/gio-tool-launch.c.o
[579/630] Compiling C object gio/gio.p/gio-tool-list.c.o
[580/630] Compiling C object gio/gio.p/gio-tool-mime.c.o
[581/630] Compiling C object gio/gio.p/gio-tool-mkdir.c.o
[582/630] Compiling C object gio/gio.p/gio-tool-monitor.c.o
[583/630] Compiling C object gio/gio.p/gio-tool-move.c.o
[584/630] Compiling C object gio/gio.p/gio-tool-mount.c.o
[585/630] Compiling C object gio/gio.p/gio-tool-open.c.o
[586/630] Compiling C object gio/gio.p/gio-tool-rename.c.o
[587/630] Compiling C object gio/gio.p/gio-tool-remove.c.o
[588/630] Compiling C object gio/gio.p/gio-tool-save.c.o
[589/630] Compiling C object gio/gio.p/gio-tool-set.c.o
[590/630] Compiling C object gio/gio.p/gio-tool-trash.c.o
[591/630] Compiling C object gio/gio.p/gio-tool-tree.c.o
[592/630] Compiling C object gio/gio-querymodules.p/gio-querymodules.c.o
[593/630] Compiling C object gio/gresource.p/gresource-tool.c.o
[594/630] Compiling C object gio/gio-querymodules.p/giomodule-priv.c.o
[595/630] Compiling C object gio/glib-compile-schemas.p/.._subprojects_gvdb_gvdb_gvdb-builder.c.o
[596/630] Compiling C object gio/glib-compile-schemas.p/.._subprojects_gvdb_gvdb_gvdb-reader.c.o
[597/630] Compiling C object gio/glib-compile-schemas.p/glib-compile-schemas.c.o
[598/630] Compiling C object gio/glib-compile-resources.p/.._subprojects_gvdb_gvdb_gvdb-builder.c.o
[599/630] Compiling C object gio/glib-compile-resources.p/glib-compile-resources.c.o
[600/630] Compiling C object subprojects/pcre2-10.46/libpcre2-16.a.p/src_pcre2_jit_compile.c.o
In file included from ../subprojects/pcre2-10.46/src/pcre2_jit_compile.c:85:
In file included from ../subprojects/pcre2-10.46/src/../deps/sljit/sljit_src/sljitLir.c:3314:
../subprojects/pcre2-10.46/src/../deps/sljit/sljit_src/sljitNativeARM_64.c:3377:12: warning: unused parameter 'temp_reg' [-Wunused-parameter]
 3377 |         sljit_s32 temp_reg)
      |                   ^
1 warning generated.
[601/630] Compiling C object gio/glib-compile-resources.p/.._subprojects_gvdb_gvdb_gvdb-reader.c.o
[602/630] Compiling C object gio/gsettings.p/gsettings-tool.c.o
[603/630] Compiling C object gio/gapplication.p/gapplication-tool.c.o
[604/630] Generating symbol file girepository/libgirepository-2.0.so.p/libgirepository-2.0.so.symbols
[605/630] Compiling C object girepository/gi-dump-types.p/gi-dump-types.c.o
[606/630] Compiling C object girepository/compiler/gi-compile-repository.p/compiler.c.o
[607/630] Compiling C object girepository/decompiler/gi-decompile-typelib.p/decompiler.c.o
[608/630] Linking static target subprojects/pcre2-10.46/libpcre2-posix.a
[609/630] Compiling C object gio/gdbus.p/gdbus-tool.c.o
[610/630] Linking static target subprojects/pcre2-10.46/libpcre2-16.a
[611/630] Linking target subprojects/pcre2-10.46/pcre2grep
[612/630] Linking target glib/gtester
[613/630] Linking target gobject/gobject-query
[614/630] Linking target gio/gio-launch-desktop
[615/630] Linking target gthread/libgthread-2.0.so
[616/630] Compiling C object girepository/inspector/gi-inspect-typelib.p/inspector.c.o
[617/630] Linking target gio/gio
[618/630] Linking target gio/gresource
[619/630] Linking target gio/gio-querymodules
[620/630] Linking target gio/glib-compile-schemas
[621/630] Linking target gio/gsettings
[622/630] Linking target gio/glib-compile-resources
[623/630] Linking target gio/gapplication
[624/630] Linking target gio/gdbus
[625/630] Linking target girepository/gi-dump-types
[626/630] Linking target girepository/decompiler/gi-decompile-typelib
[627/630] Linking target girepository/compiler/gi-compile-repository
[628/630] Linking target girepository/inspector/gi-inspect-typelib
[629/630] Compiling C object subprojects/pcre2-10.46/libpcre2-32.a.p/src_pcre2_jit_compile.c.o
In file included from ../subprojects/pcre2-10.46/src/pcre2_jit_compile.c:85:
In file included from ../subprojects/pcre2-10.46/src/../deps/sljit/sljit_src/sljitLir.c:3314:
../subprojects/pcre2-10.46/src/../deps/sljit/sljit_src/sljitNativeARM_64.c:3377:12: warning: unused parameter 'temp_reg' [-Wunused-parameter]
 3377 |         sljit_s32 temp_reg)
      |                   ^
1 warning generated.
[630/630] Linking static target subprojects/pcre2-10.46/libpcre2-32.a
INFO: autodetecting backend as ninja
INFO: calculating backend command to run: /usr/local/bin/ninja -C /tmp/tmp.h3JAIj8PRr/glib/_build-arm64-v8a -j 4
ninja: Entering directory `/tmp/tmp.h3JAIj8PRr/glib/_build-arm64-v8a'
ninja: no work to do.
Installing subprojects/pcre2-10.46/libpcre2-8.a to /home/runner/work/layercraft/layercraft/native-prefix/lib
Installing subprojects/pcre2-10.46/libpcre2-posix.a to /home/runner/work/layercraft/layercraft/native-prefix/lib
Installing subprojects/pcre2-10.46/libpcre2-16.a to /home/runner/work/layercraft/layercraft/native-prefix/lib
Installing subprojects/pcre2-10.46/libpcre2-32.a to /home/runner/work/layercraft/layercraft/native-prefix/lib
Installing subprojects/pcre2-10.46/pcre2grep to /home/runner/work/layercraft/layercraft/native-prefix/bin
Installing subprojects/libffi-3.5.2/src/libffi.so to /home/runner/work/layercraft/layercraft/native-prefix/lib
Installing subprojects/proxy-libintl-0.5/libintl.so to /home/runner/work/layercraft/layercraft/native-prefix/lib
Installing glib/gversionmacros.h to /home/runner/work/layercraft/layercraft/native-prefix/include/glib-2.0/glib
Installing glib/glib-visibility.h to /home/runner/work/layercraft/layercraft/native-prefix/include/glib-2.0/glib
Installing glib/libglib-2.0.so to /home/runner/work/layercraft/layercraft/native-prefix/lib
Installing glib/gtester to /home/runner/work/layercraft/layercraft/native-prefix/bin
Installing gobject/gobject-visibility.h to /home/runner/work/layercraft/layercraft/native-prefix/include/glib-2.0/gobject
Installing gobject/glib-enumtypes.h to /home/runner/work/layercraft/layercraft/native-prefix/include/glib-2.0/gobject
Installing gobject/libgobject-2.0.so to /home/runner/work/layercraft/layercraft/native-prefix/lib
Installing gobject/gobject-query to /home/runner/work/layercraft/layercraft/native-prefix/bin
Installing gthread/libgthread-2.0.so to /home/runner/work/layercraft/layercraft/native-prefix/lib
Installing gmodule/gmodule-visibility.h to /home/runner/work/layercraft/layercraft/native-prefix/include/glib-2.0/gmodule
Installing gmodule/libgmodule-2.0.so to /home/runner/work/layercraft/layercraft/native-prefix/lib
Installing gio/gdbus-2.0/codegen/__init__.py to /home/runner/work/layercraft/layercraft/native-prefix/share/glib-2.0/codegen
Installing gio/gdbus-2.0/codegen/codegen.py to /home/runner/work/layercraft/layercraft/native-prefix/share/glib-2.0/codegen
Installing gio/gdbus-2.0/codegen/codegen_main.py to /home/runner/work/layercraft/layercraft/native-prefix/share/glib-2.0/codegen
Installing gio/gdbus-2.0/codegen/codegen_docbook.py to /home/runner/work/layercraft/layercraft/native-prefix/share/glib-2.0/codegen
Installing gio/gdbus-2.0/codegen/codegen_md.py to /home/runner/work/layercraft/layercraft/native-prefix/share/glib-2.0/codegen
Installing gio/gdbus-2.0/codegen/codegen_rst.py to /home/runner/work/layercraft/layercraft/native-prefix/share/glib-2.0/codegen
Installing gio/gdbus-2.0/codegen/dbustypes.py to /home/runner/work/layercraft/layercraft/native-prefix/share/glib-2.0/codegen
Installing gio/gdbus-2.0/codegen/parser.py to /home/runner/work/layercraft/layercraft/native-prefix/share/glib-2.0/codegen
Installing gio/gdbus-2.0/codegen/utils.py to /home/runner/work/layercraft/layercraft/native-prefix/share/glib-2.0/codegen
Installing gio/gio-launch-desktop to /home/runner/work/layercraft/layercraft/native-prefix/libexec
Installing gio/gio-visibility.h to /home/runner/work/layercraft/layercraft/native-prefix/include/glib-2.0/gio
Installing gio/gioenumtypes.h to /home/runner/work/layercraft/layercraft/native-prefix/include/glib-2.0/gio
Installing gio/libgio-2.0.so to /home/runner/work/layercraft/layercraft/native-prefix/lib
Installing gio/gio to /home/runner/work/layercraft/layercraft/native-prefix/bin
Installing gio/gresource to /home/runner/work/layercraft/layercraft/native-prefix/bin
Installing gio/gio-querymodules to /home/runner/work/layercraft/layercraft/native-prefix/bin
Installing gio/glib-compile-schemas to /home/runner/work/layercraft/layercraft/native-prefix/bin
Installing gio/glib-compile-resources to /home/runner/work/layercraft/layercraft/native-prefix/bin
Installing gio/gsettings to /home/runner/work/layercraft/layercraft/native-prefix/bin
Installing gio/gdbus to /home/runner/work/layercraft/layercraft/native-prefix/bin
Installing gio/gapplication to /home/runner/work/layercraft/layercraft/native-prefix/bin
Installing girepository/gi-visibility.h to /home/runner/work/layercraft/layercraft/native-prefix/include/glib-2.0/girepository
Installing girepository/libgirepository-2.0.so to /home/runner/work/layercraft/layercraft/native-prefix/lib
Installing girepository/compiler/gi-compile-repository to /home/runner/work/layercraft/layercraft/native-prefix/bin
Installing girepository/decompiler/gi-decompile-typelib to /home/runner/work/layercraft/layercraft/native-prefix/bin
Installing girepository/inspector/gi-inspect-typelib to /home/runner/work/layercraft/layercraft/native-prefix/bin
Installing /tmp/tmp.h3JAIj8PRr/glib/_build-arm64-v8a/subprojects/pcre2-10.46/pcre2.h to /home/runner/work/layercraft/layercraft/native-prefix/include
Installing /tmp/tmp.h3JAIj8PRr/glib/subprojects/pcre2-10.46/src/pcre2posix.h to /home/runner/work/layercraft/layercraft/native-prefix/include
Installing /tmp/tmp.h3JAIj8PRr/glib/subprojects/libffi-3.5.2/src/aarch64/ffitarget.h to /home/runner/work/layercraft/layercraft/native-prefix/include
Installing /tmp/tmp.h3JAIj8PRr/glib/subprojects/proxy-libintl-0.5/libintl.h to /home/runner/work/layercraft/layercraft/native-prefix/include
Installing /tmp/tmp.h3JAIj8PRr/glib/glib/glib.h to /home/runner/work/layercraft/layercraft/native-prefix/include/glib-2.0
Installing /tmp/tmp.h3JAIj8PRr/glib/glib/glib-object.h to /home/runner/work/layercraft/layercraft/native-prefix/include/glib-2.0
Installing /tmp/tmp.h3JAIj8PRr/glib/glib/glib-unix.h to /home/runner/work/layercraft/layercraft/native-prefix/include/glib-2.0
Installing /tmp/tmp.h3JAIj8PRr/glib/glib/deprecated/gallocator.h to /home/runner/work/layercraft/layercraft/native-prefix/include/glib-2.0/glib/deprecated
Installing /tmp/tmp.h3JAIj8PRr/glib/glib/deprecated/gcache.h to /home/runner/work/layercraft/layercraft/native-prefix/include/glib-2.0/glib/deprecated
Installing /tmp/tmp.h3JAIj8PRr/glib/glib/deprecated/gcompletion.h to /home/runner/work/layercraft/layercraft/native-prefix/include/glib-2.0/glib/deprecated
Installing /tmp/tmp.h3JAIj8PRr/glib/glib/deprecated/gmain.h to /home/runner/work/layercraft/layercraft/native-prefix/include/glib-2.0/glib/deprecated
Installing /tmp/tmp.h3JAIj8PRr/glib/glib/deprecated/grel.h to /home/runner/work/layercraft/layercraft/native-prefix/include/glib-2.0/glib/deprecated
Installing /tmp/tmp.h3JAIj8PRr/glib/glib/deprecated/gthread.h to /home/runner/work/layercraft/layercraft/native-prefix/include/glib-2.0/glib/deprecated
Installing /tmp/tmp.h3JAIj8PRr/glib/glib/glib-autocleanups.h to /home/runner/work/layercraft/layercraft/native-prefix/include/glib-2.0/glib
Installing /tmp/tmp.h3JAIj8PRr/glib/glib/glib-typeof.h to /home/runner/work/layercraft/layercraft/native-prefix/include/glib-2.0/glib
Installing /tmp/tmp.h3JAIj8PRr/glib/glib/galloca.h to /home/runner/work/layercraft/layercraft/native-prefix/include/glib-2.0/glib
Installing /tmp/tmp.h3JAIj8PRr/glib/glib/garray.h to /home/runner/work/layercraft/layercraft/native-prefix/include/glib-2.0/glib
Installing /tmp/tmp.h3JAIj8PRr/glib/glib/gasyncqueue.h to /home/runner/work/layercraft/layercraft/native-prefix/include/glib-2.0/glib
Installing /tmp/tmp.h3JAIj8PRr/glib/glib/gatomic.h to /home/runner/work/layercraft/layercraft/native-prefix/include/glib-2.0/glib
Installing /tmp/tmp.h3JAIj8PRr/glib/glib/gbacktrace.h to /home/runner/work/layercraft/layercraft/native-prefix/include/glib-2.0/glib
Installing /tmp/tmp.h3JAIj8PRr/glib/glib/gbase64.h to /home/runner/work/layercraft/layercraft/native-prefix/include/glib-2.0/glib
Installing /tmp/tmp.h3JAIj8PRr/glib/glib/gbitlock.h to /home/runner/work/layercraft/layercraft/native-prefix/include/glib-2.0/glib
Installing /tmp/tmp.h3JAIj8PRr/glib/glib/gbookmarkfile.h to /home/runner/work/layercraft/layercraft/native-prefix/include/glib-2.0/glib
Installing /tmp/tmp.h3JAIj8PRr/glib/glib/gbytes.h to /home/runner/work/layercraft/layercraft/native-prefix/include/glib-2.0/glib
Installing /tmp/tmp.h3JAIj8PRr/glib/glib/gcharset.h to /home/runner/work/layercraft/layercraft/native-prefix/include/glib-2.0/glib
Installing /tmp/tmp.h3JAIj8PRr/glib/glib/gchecksum.h to /home/runner/work/layercraft/layercraft/native-prefix/include/glib-2.0/glib
Installing /tmp/tmp.h3JAIj8PRr/glib/glib/gconvert.h to /home/runner/work/layercraft/layercraft/native-prefix/include/glib-2.0/glib
Installing /tmp/tmp.h3JAIj8PRr/glib/glib/gdataset.h to /home/runner/work/layercraft/layercraft/native-prefix/include/glib-2.0/glib
Installing /tmp/tmp.h3JAIj8PRr/glib/glib/gdate.h to /home/runner/work/layercraft/layercraft/native-prefix/include/glib-2.0/glib
Installing /tmp/tmp.h3JAIj8PRr/glib/glib/gdatetime.h to /home/runner/work/layercraft/layercraft/native-prefix/include/glib-2.0/glib
Installing /tmp/tmp.h3JAIj8PRr/glib/glib/gdir.h to /home/runner/work/layercraft/layercraft/native-prefix/include/glib-2.0/glib
Installing /tmp/tmp.h3JAIj8PRr/glib/glib/genviron.h to /home/runner/work/layercraft/layercraft/native-prefix/include/glib-2.0/glib
Installing /tmp/tmp.h3JAIj8PRr/glib/glib/gerror.h to /home/runner/work/layercraft/layercraft/native-prefix/include/glib-2.0/glib
Installing /tmp/tmp.h3JAIj8PRr/glib/glib/gfileutils.h to /home/runner/work/layercraft/layercraft/native-prefix/include/glib-2.0/glib
Installing /tmp/tmp.h3JAIj8PRr/glib/glib/ggettext.h to /home/runner/work/layercraft/layercraft/native-prefix/include/glib-2.0/glib
Installing /tmp/tmp.h3JAIj8PRr/glib/glib/ghash.h to /home/runner/work/layercraft/layercraft/native-prefix/include/glib-2.0/glib
Installing /tmp/tmp.h3JAIj8PRr/glib/glib/ghmac.h to /home/runner/work/layercraft/layercraft/native-prefix/include/glib-2.0/glib
Installing /tmp/tmp.h3JAIj8PRr/glib/glib/ghook.h to /home/runner/work/layercraft/layercraft/native-prefix/include/glib-2.0/glib
Installing /tmp/tmp.h3JAIj8PRr/glib/glib/ghostutils.h to /home/runner/work/layercraft/layercraft/native-prefix/include/glib-2.0/glib
Installing /tmp/tmp.h3JAIj8PRr/glib/glib/gi18n.h to /home/runner/work/layercraft/layercraft/native-prefix/include/glib-2.0/glib
Installing /tmp/tmp.h3JAIj8PRr/glib/glib/gi18n-lib.h to /home/runner/work/layercraft/layercraft/native-prefix/include/glib-2.0/glib
Installing /tmp/tmp.h3JAIj8PRr/glib/glib/giochannel.h to /home/runner/work/layercraft/layercraft/native-prefix/include/glib-2.0/glib
Installing /tmp/tmp.h3JAIj8PRr/glib/glib/gkeyfile.h to /home/runner/work/layercraft/layercraft/native-prefix/include/glib-2.0/glib
Installing /tmp/tmp.h3JAIj8PRr/glib/glib/glist.h to /home/runner/work/layercraft/layercraft/native-prefix/include/glib-2.0/glib
Installing /tmp/tmp.h3JAIj8PRr/glib/glib/gmacros.h to /home/runner/work/layercraft/layercraft/native-prefix/include/glib-2.0/glib
Installing /tmp/tmp.h3JAIj8PRr/glib/glib/gmain.h to /home/runner/work/layercraft/layercraft/native-prefix/include/glib-2.0/glib
Installing /tmp/tmp.h3JAIj8PRr/glib/glib/gmappedfile.h to /home/runner/work/layercraft/layercraft/native-prefix/include/glib-2.0/glib
Installing /tmp/tmp.h3JAIj8PRr/glib/glib/gmarkup.h to /home/runner/work/layercraft/layercraft/native-prefix/include/glib-2.0/glib
Installing /tmp/tmp.h3JAIj8PRr/glib/glib/gmem.h to /home/runner/work/layercraft/layercraft/native-prefix/include/glib-2.0/glib
Installing /tmp/tmp.h3JAIj8PRr/glib/glib/gmessages.h to /home/runner/work/layercraft/layercraft/native-prefix/include/glib-2.0/glib
Installing /tmp/tmp.h3JAIj8PRr/glib/glib/gnode.h to /home/runner/work/layercraft/layercraft/native-prefix/include/glib-2.0/glib
Installing /tmp/tmp.h3JAIj8PRr/glib/glib/goption.h to /home/runner/work/layercraft/layercraft/native-prefix/include/glib-2.0/glib
Installing /tmp/tmp.h3JAIj8PRr/glib/glib/gpathbuf.h to /home/runner/work/layercraft/layercraft/native-prefix/include/glib-2.0/glib
Installing /tmp/tmp.h3JAIj8PRr/glib/glib/gpattern.h to /home/runner/work/layercraft/layercraft/native-prefix/include/glib-2.0/glib
Installing /tmp/tmp.h3JAIj8PRr/glib/glib/gpoll.h to /home/runner/work/layercraft/layercraft/native-prefix/include/glib-2.0/glib
Installing /tmp/tmp.h3JAIj8PRr/glib/glib/gprimes.h to /home/runner/work/layercraft/layercraft/native-prefix/include/glib-2.0/glib
Installing /tmp/tmp.h3JAIj8PRr/glib/glib/gqsort.h to /home/runner/work/layercraft/layercraft/native-prefix/include/glib-2.0/glib
Installing /tmp/tmp.h3JAIj8PRr/glib/glib/gquark.h to /home/runner/work/layercraft/layercraft/native-prefix/include/glib-2.0/glib
Installing /tmp/tmp.h3JAIj8PRr/glib/glib/gqueue.h to /home/runner/work/layercraft/layercraft/native-prefix/include/glib-2.0/glib
Installing /tmp/tmp.h3JAIj8PRr/glib/glib/grand.h to /home/runner/work/layercraft/layercraft/native-prefix/include/glib-2.0/glib
Installing /tmp/tmp.h3JAIj8PRr/glib/glib/grcbox.h to /home/runner/work/layercraft/layercraft/native-prefix/include/glib-2.0/glib
Installing /tmp/tmp.h3JAIj8PRr/glib/glib/grefcount.h to /home/runner/work/layercraft/layercraft/native-prefix/include/glib-2.0/glib
Installing /tmp/tmp.h3JAIj8PRr/glib/glib/grefstring.h to /home/runner/work/layercraft/layercraft/native-prefix/include/glib-2.0/glib
Installing /tmp/tmp.h3JAIj8PRr/glib/glib/gregex.h to /home/runner/work/layercraft/layercraft/native-prefix/include/glib-2.0/glib
Installing /tmp/tmp.h3JAIj8PRr/glib/glib/gscanner.h to /home/runner/work/layercraft/layercraft/native-prefix/include/glib-2.0/glib
Installing /tmp/tmp.h3JAIj8PRr/glib/glib/gsequence.h to /home/runner/work/layercraft/layercraft/native-prefix/include/glib-2.0/glib
Installing /tmp/tmp.h3JAIj8PRr/glib/glib/gshell.h to /home/runner/work/layercraft/layercraft/native-prefix/include/glib-2.0/glib
Installing /tmp/tmp.h3JAIj8PRr/glib/glib/gslice.h to /home/runner/work/layercraft/layercraft/native-prefix/include/glib-2.0/glib
Installing /tmp/tmp.h3JAIj8PRr/glib/glib/gslist.h to /home/runner/work/layercraft/layercraft/native-prefix/include/glib-2.0/glib
Installing /tmp/tmp.h3JAIj8PRr/glib/glib/gspawn.h to /home/runner/work/layercraft/layercraft/native-prefix/include/glib-2.0/glib
Installing /tmp/tmp.h3JAIj8PRr/glib/glib/gstdio.h to /home/runner/work/layercraft/layercraft/native-prefix/include/glib-2.0/glib
Installing /tmp/tmp.h3JAIj8PRr/glib/glib/gstrfuncs.h to /home/runner/work/layercraft/layercraft/native-prefix/include/glib-2.0/glib
Installing /tmp/tmp.h3JAIj8PRr/glib/glib/gstrvbuilder.h to /home/runner/work/layercraft/layercraft/native-prefix/include/glib-2.0/glib
Installing /tmp/tmp.h3JAIj8PRr/glib/glib/gtestutils.h to /home/runner/work/layercraft/layercraft/native-prefix/include/glib-2.0/glib
Installing /tmp/tmp.h3JAIj8PRr/glib/glib/gstring.h to /home/runner/work/layercraft/layercraft/native-prefix/include/glib-2.0/glib
Installing /tmp/tmp.h3JAIj8PRr/glib/glib/gstringchunk.h to /home/runner/work/layercraft/layercraft/native-prefix/include/glib-2.0/glib
Installing /tmp/tmp.h3JAIj8PRr/glib/glib/gthread.h to /home/runner/work/layercraft/layercraft/native-prefix/include/glib-2.0/glib
Installing /tmp/tmp.h3JAIj8PRr/glib/glib/gthreadpool.h to /home/runner/work/layercraft/layercraft/native-prefix/include/glib-2.0/glib
Installing /tmp/tmp.h3JAIj8PRr/glib/glib/gtimer.h to /home/runner/work/layercraft/layercraft/native-prefix/include/glib-2.0/glib
Installing /tmp/tmp.h3JAIj8PRr/glib/glib/gtimezone.h to /home/runner/work/layercraft/layercraft/native-prefix/include/glib-2.0/glib
Installing /tmp/tmp.h3JAIj8PRr/glib/glib/gtrashstack.h to /home/runner/work/layercraft/layercraft/native-prefix/include/glib-2.0/glib
Installing /tmp/tmp.h3JAIj8PRr/glib/glib/gtree.h to /home/runner/work/layercraft/layercraft/native-prefix/include/glib-2.0/glib
Installing /tmp/tmp.h3JAIj8PRr/glib/glib/gtypes.h to /home/runner/work/layercraft/layercraft/native-prefix/include/glib-2.0/glib
Installing /tmp/tmp.h3JAIj8PRr/glib/glib/guuid.h to /home/runner/work/layercraft/layercraft/native-prefix/include/glib-2.0/glib
Installing /tmp/tmp.h3JAIj8PRr/glib/glib/gunicode.h to /home/runner/work/layercraft/layercraft/native-prefix/include/glib-2.0/glib
Installing /tmp/tmp.h3JAIj8PRr/glib/glib/guri.h to /home/runner/work/layercraft/layercraft/native-prefix/include/glib-2.0/glib
Installing /tmp/tmp.h3JAIj8PRr/glib/glib/gutils.h to /home/runner/work/layercraft/layercraft/native-prefix/include/glib-2.0/glib
Installing /tmp/tmp.h3JAIj8PRr/glib/glib/gvarianttype.h to /home/runner/work/layercraft/layercraft/native-prefix/include/glib-2.0/glib
Installing /tmp/tmp.h3JAIj8PRr/glib/glib/gvariant.h to /home/runner/work/layercraft/layercraft/native-prefix/include/glib-2.0/glib
Installing /tmp/tmp.h3JAIj8PRr/glib/glib/gversion.h to /home/runner/work/layercraft/layercraft/native-prefix/include/glib-2.0/glib
Installing /tmp/tmp.h3JAIj8PRr/glib/glib/gprintf.h to /home/runner/work/layercraft/layercraft/native-prefix/include/glib-2.0/glib
Installing /tmp/tmp.h3JAIj8PRr/glib/gobject/gobject-autocleanups.h to /home/runner/work/layercraft/layercraft/native-prefix/include/glib-2.0/gobject
Installing /tmp/tmp.h3JAIj8PRr/glib/gobject/glib-types.h to /home/runner/work/layercraft/layercraft/native-prefix/include/glib-2.0/gobject
Installing /tmp/tmp.h3JAIj8PRr/glib/gobject/gbinding.h to /home/runner/work/layercraft/layercraft/native-prefix/include/glib-2.0/gobject
Installing /tmp/tmp.h3JAIj8PRr/glib/gobject/gbindinggroup.h to /home/runner/work/layercraft/layercraft/native-prefix/include/glib-2.0/gobject
Installing /tmp/tmp.h3JAIj8PRr/glib/gobject/gboxed.h to /home/runner/work/layercraft/layercraft/native-prefix/include/glib-2.0/gobject
Installing /tmp/tmp.h3JAIj8PRr/glib/gobject/gclosure.h to /home/runner/work/layercraft/layercraft/native-prefix/include/glib-2.0/gobject
Installing /tmp/tmp.h3JAIj8PRr/glib/gobject/genums.h to /home/runner/work/layercraft/layercraft/native-prefix/include/glib-2.0/gobject
Installing /tmp/tmp.h3JAIj8PRr/glib/gobject/gmarshal.h to /home/runner/work/layercraft/layercraft/native-prefix/include/glib-2.0/gobject
Installing /tmp/tmp.h3JAIj8PRr/glib/gobject/gobject.h to /home/runner/work/layercraft/layercraft/native-prefix/include/glib-2.0/gobject
Installing /tmp/tmp.h3JAIj8PRr/glib/gobject/gparam.h to /home/runner/work/layercraft/layercraft/native-prefix/include/glib-2.0/gobject
Installing /tmp/tmp.h3JAIj8PRr/glib/gobject/gparamspecs.h to /home/runner/work/layercraft/layercraft/native-prefix/include/glib-2.0/gobject
Installing /tmp/tmp.h3JAIj8PRr/glib/gobject/gsignal.h to /home/runner/work/layercraft/layercraft/native-prefix/include/glib-2.0/gobject
Installing /tmp/tmp.h3JAIj8PRr/glib/gobject/gsignalgroup.h to /home/runner/work/layercraft/layercraft/native-prefix/include/glib-2.0/gobject
Installing /tmp/tmp.h3JAIj8PRr/glib/gobject/gsourceclosure.h to /home/runner/work/layercraft/layercraft/native-prefix/include/glib-2.0/gobject
Installing /tmp/tmp.h3JAIj8PRr/glib/gobject/gtype.h to /home/runner/work/layercraft/layercraft/native-prefix/include/glib-2.0/gobject
Installing /tmp/tmp.h3JAIj8PRr/glib/gobject/gtypemodule.h to /home/runner/work/layercraft/layercraft/native-prefix/include/glib-2.0/gobject
Installing /tmp/tmp.h3JAIj8PRr/glib/gobject/gtypeplugin.h to /home/runner/work/layercraft/layercraft/native-prefix/include/glib-2.0/gobject
Installing /tmp/tmp.h3JAIj8PRr/glib/gobject/gvalue.h to /home/runner/work/layercraft/layercraft/native-prefix/include/glib-2.0/gobject
Installing /tmp/tmp.h3JAIj8PRr/glib/gobject/gvaluearray.h to /home/runner/work/layercraft/layercraft/native-prefix/include/glib-2.0/gobject
Installing /tmp/tmp.h3JAIj8PRr/glib/gobject/gvaluecollector.h to /home/runner/work/layercraft/layercraft/native-prefix/include/glib-2.0/gobject
Installing /tmp/tmp.h3JAIj8PRr/glib/gobject/gvaluetypes.h to /home/runner/work/layercraft/layercraft/native-prefix/include/glib-2.0/gobject
Installing /tmp/tmp.h3JAIj8PRr/glib/gobject/gobjectnotifyqueue.c to /home/runner/work/layercraft/layercraft/native-prefix/include/glib-2.0/gobject
Installing /tmp/tmp.h3JAIj8PRr/glib/gmodule/gmodule.h to /home/runner/work/layercraft/layercraft/native-prefix/include/glib-2.0
Installing /tmp/tmp.h3JAIj8PRr/glib/gio/gfiledescriptorbased.h to /home/runner/work/layercraft/layercraft/native-prefix/include/gio-unix-2.0/gio
Installing /tmp/tmp.h3JAIj8PRr/glib/gio/gunixmounts.h to /home/runner/work/layercraft/layercraft/native-prefix/include/gio-unix-2.0/gio
Installing /tmp/tmp.h3JAIj8PRr/glib/gio/gunixfdmessage.h to /home/runner/work/layercraft/layercraft/native-prefix/include/gio-unix-2.0/gio
Installing /tmp/tmp.h3JAIj8PRr/glib/gio/gunixinputstream.h to /home/runner/work/layercraft/layercraft/native-prefix/include/gio-unix-2.0/gio
Installing /tmp/tmp.h3JAIj8PRr/glib/gio/gunixoutputstream.h to /home/runner/work/layercraft/layercraft/native-prefix/include/gio-unix-2.0/gio
Installing /tmp/tmp.h3JAIj8PRr/glib/gio/gdesktopappinfo.h to /home/runner/work/layercraft/layercraft/native-prefix/include/gio-unix-2.0/gio
Installing /tmp/tmp.h3JAIj8PRr/glib/gio/gappinfo.h to /home/runner/work/layercraft/layercraft/native-prefix/include/glib-2.0/gio
Installing /tmp/tmp.h3JAIj8PRr/glib/gio/gasyncinitable.h to /home/runner/work/layercraft/layercraft/native-prefix/include/glib-2.0/gio
Installing /tmp/tmp.h3JAIj8PRr/glib/gio/gasyncresult.h to /home/runner/work/layercraft/layercraft/native-prefix/include/glib-2.0/gio
Installing /tmp/tmp.h3JAIj8PRr/glib/gio/gbufferedinputstream.h to /home/runner/work/layercraft/layercraft/native-prefix/include/glib-2.0/gio
Installing /tmp/tmp.h3JAIj8PRr/glib/gio/gbufferedoutputstream.h to /home/runner/work/layercraft/layercraft/native-prefix/include/glib-2.0/gio
Installing /tmp/tmp.h3JAIj8PRr/glib/gio/gbytesicon.h to /home/runner/work/layercraft/layercraft/native-prefix/include/glib-2.0/gio
Installing /tmp/tmp.h3JAIj8PRr/glib/gio/gcancellable.h to /home/runner/work/layercraft/layercraft/native-prefix/include/glib-2.0/gio
Installing /tmp/tmp.h3JAIj8PRr/glib/gio/gcontenttype.h to /home/runner/work/layercraft/layercraft/native-prefix/include/glib-2.0/gio
Installing /tmp/tmp.h3JAIj8PRr/glib/gio/gcharsetconverter.h to /home/runner/work/layercraft/layercraft/native-prefix/include/glib-2.0/gio
Installing /tmp/tmp.h3JAIj8PRr/glib/gio/gconverter.h to /home/runner/work/layercraft/layercraft/native-prefix/include/glib-2.0/gio
Installing /tmp/tmp.h3JAIj8PRr/glib/gio/gconverterinputstream.h to /home/runner/work/layercraft/layercraft/native-prefix/include/glib-2.0/gio
Installing /tmp/tmp.h3JAIj8PRr/glib/gio/gconverteroutputstream.h to /home/runner/work/layercraft/layercraft/native-prefix/include/glib-2.0/gio
Installing /tmp/tmp.h3JAIj8PRr/glib/gio/gdatagrambased.h to /home/runner/work/layercraft/layercraft/native-prefix/include/glib-2.0/gio
Installing /tmp/tmp.h3JAIj8PRr/glib/gio/gdatainputstream.h to /home/runner/work/layercraft/layercraft/native-prefix/include/glib-2.0/gio
Installing /tmp/tmp.h3JAIj8PRr/glib/gio/gdataoutputstream.h to /home/runner/work/layercraft/layercraft/native-prefix/include/glib-2.0/gio
Installing /tmp/tmp.h3JAIj8PRr/glib/gio/gdebugcontroller.h to /home/runner/work/layercraft/layercraft/native-prefix/include/glib-2.0/gio
Installing /tmp/tmp.h3JAIj8PRr/glib/gio/gdebugcontrollerdbus.h to /home/runner/work/layercraft/layercraft/native-prefix/include/glib-2.0/gio
Installing /tmp/tmp.h3JAIj8PRr/glib/gio/gdrive.h to /home/runner/work/layercraft/layercraft/native-prefix/include/glib-2.0/gio
Installing /tmp/tmp.h3JAIj8PRr/glib/gio/gemblem.h to /home/runner/work/layercraft/layercraft/native-prefix/include/glib-2.0/gio
Installing /tmp/tmp.h3JAIj8PRr/glib/gio/gemblemedicon.h to /home/runner/work/layercraft/layercraft/native-prefix/include/glib-2.0/gio
Installing /tmp/tmp.h3JAIj8PRr/glib/gio/gfile.h to /home/runner/work/layercraft/layercraft/native-prefix/include/glib-2.0/gio
Installing /tmp/tmp.h3JAIj8PRr/glib/gio/gfileattribute.h to /home/runner/work/layercraft/layercraft/native-prefix/include/glib-2.0/gio
Installing /tmp/tmp.h3JAIj8PRr/glib/gio/gfileenumerator.h to /home/runner/work/layercraft/layercraft/native-prefix/include/glib-2.0/gio
Installing /tmp/tmp.h3JAIj8PRr/glib/gio/gfileicon.h to /home/runner/work/layercraft/layercraft/native-prefix/include/glib-2.0/gio
Installing /tmp/tmp.h3JAIj8PRr/glib/gio/gfileinfo.h to /home/runner/work/layercraft/layercraft/native-prefix/include/glib-2.0/gio
Installing /tmp/tmp.h3JAIj8PRr/glib/gio/gfileinputstream.h to /home/runner/work/layercraft/layercraft/native-prefix/include/glib-2.0/gio
Installing /tmp/tmp.h3JAIj8PRr/glib/gio/gfilemonitor.h to /home/runner/work/layercraft/layercraft/native-prefix/include/glib-2.0/gio
Installing /tmp/tmp.h3JAIj8PRr/glib/gio/gfilenamecompleter.h to /home/runner/work/layercraft/layercraft/native-prefix/include/glib-2.0/gio
Installing /tmp/tmp.h3JAIj8PRr/glib/gio/gfileoutputstream.h to /home/runner/work/layercraft/layercraft/native-prefix/include/glib-2.0/gio
Installing /tmp/tmp.h3JAIj8PRr/glib/gio/gfileiostream.h to /home/runner/work/layercraft/layercraft/native-prefix/include/glib-2.0/gio
Installing /tmp/tmp.h3JAIj8PRr/glib/gio/gfilterinputstream.h to /home/runner/work/layercraft/layercraft/native-prefix/include/glib-2.0/gio
Installing /tmp/tmp.h3JAIj8PRr/glib/gio/gfilteroutputstream.h to /home/runner/work/layercraft/layercraft/native-prefix/include/glib-2.0/gio
Installing /tmp/tmp.h3JAIj8PRr/glib/gio/gicon.h to /home/runner/work/layercraft/layercraft/native-prefix/include/glib-2.0/gio
Installing /tmp/tmp.h3JAIj8PRr/glib/gio/ginetaddress.h to /home/runner/work/layercraft/layercraft/native-prefix/include/glib-2.0/gio
Installing /tmp/tmp.h3JAIj8PRr/glib/gio/ginetaddressmask.h to /home/runner/work/layercraft/layercraft/native-prefix/include/glib-2.0/gio
Installing /tmp/tmp.h3JAIj8PRr/glib/gio/ginetsocketaddress.h to /home/runner/work/layercraft/layercraft/native-prefix/include/glib-2.0/gio
Installing /tmp/tmp.h3JAIj8PRr/glib/gio/ginitable.h to /home/runner/work/layercraft/layercraft/native-prefix/include/glib-2.0/gio
Installing /tmp/tmp.h3JAIj8PRr/glib/gio/ginputstream.h to /home/runner/work/layercraft/layercraft/native-prefix/include/glib-2.0/gio
Installing /tmp/tmp.h3JAIj8PRr/glib/gio/gio.h to /home/runner/work/layercraft/layercraft/native-prefix/include/glib-2.0/gio
Installing /tmp/tmp.h3JAIj8PRr/glib/gio/gio-autocleanups.h to /home/runner/work/layercraft/layercraft/native-prefix/include/glib-2.0/gio
Installing /tmp/tmp.h3JAIj8PRr/glib/gio/gioenums.h to /home/runner/work/layercraft/layercraft/native-prefix/include/glib-2.0/gio
Installing /tmp/tmp.h3JAIj8PRr/glib/gio/gioerror.h to /home/runner/work/layercraft/layercraft/native-prefix/include/glib-2.0/gio
Installing /tmp/tmp.h3JAIj8PRr/glib/gio/giomodule.h to /home/runner/work/layercraft/layercraft/native-prefix/include/glib-2.0/gio
Installing /tmp/tmp.h3JAIj8PRr/glib/gio/gioscheduler.h to /home/runner/work/layercraft/layercraft/native-prefix/include/glib-2.0/gio
Installing /tmp/tmp.h3JAIj8PRr/glib/gio/giostream.h to /home/runner/work/layercraft/layercraft/native-prefix/include/glib-2.0/gio
Installing /tmp/tmp.h3JAIj8PRr/glib/gio/giotypes.h to /home/runner/work/layercraft/layercraft/native-prefix/include/glib-2.0/gio
Installing /tmp/tmp.h3JAIj8PRr/glib/gio/giptosmessage.h to /home/runner/work/layercraft/layercraft/native-prefix/include/glib-2.0/gio
Installing /tmp/tmp.h3JAIj8PRr/glib/gio/gipv6tclassmessage.h to /home/runner/work/layercraft/layercraft/native-prefix/include/glib-2.0/gio
Installing /tmp/tmp.h3JAIj8PRr/glib/gio/gloadableicon.h to /home/runner/work/layercraft/layercraft/native-prefix/include/glib-2.0/gio
Installing /tmp/tmp.h3JAIj8PRr/glib/gio/gmount.h to /home/runner/work/layercraft/layercraft/native-prefix/include/glib-2.0/gio
Installing /tmp/tmp.h3JAIj8PRr/glib/gio/gmemoryinputstream.h to /home/runner/work/layercraft/layercraft/native-prefix/include/glib-2.0/gio
Installing /tmp/tmp.h3JAIj8PRr/glib/gio/gmemorymonitor.h to /home/runner/work/layercraft/layercraft/native-prefix/include/glib-2.0/gio
Installing /tmp/tmp.h3JAIj8PRr/glib/gio/gmemoryoutputstream.h to /home/runner/work/layercraft/layercraft/native-prefix/include/glib-2.0/gio
Installing /tmp/tmp.h3JAIj8PRr/glib/gio/gmountoperation.h to /home/runner/work/layercraft/layercraft/native-prefix/include/glib-2.0/gio
Installing /tmp/tmp.h3JAIj8PRr/glib/gio/gnativesocketaddress.h to /home/runner/work/layercraft/layercraft/native-prefix/include/glib-2.0/gio
Installing /tmp/tmp.h3JAIj8PRr/glib/gio/gnativevolumemonitor.h to /home/runner/work/layercraft/layercraft/native-prefix/include/glib-2.0/gio
Installing /tmp/tmp.h3JAIj8PRr/glib/gio/gnetworkaddress.h to /home/runner/work/layercraft/layercraft/native-prefix/include/glib-2.0/gio
Installing /tmp/tmp.h3JAIj8PRr/glib/gio/gnetworkmonitor.h to /home/runner/work/layercraft/layercraft/native-prefix/include/glib-2.0/gio
Installing /tmp/tmp.h3JAIj8PRr/glib/gio/gnetworkservice.h to /home/runner/work/layercraft/layercraft/native-prefix/include/glib-2.0/gio
Installing /tmp/tmp.h3JAIj8PRr/glib/gio/goutputstream.h to /home/runner/work/layercraft/layercraft/native-prefix/include/glib-2.0/gio
Installing /tmp/tmp.h3JAIj8PRr/glib/gio/gpermission.h to /home/runner/work/layercraft/layercraft/native-prefix/include/glib-2.0/gio
Installing /tmp/tmp.h3JAIj8PRr/glib/gio/gpollableinputstream.h to /home/runner/work/layercraft/layercraft/native-prefix/include/glib-2.0/gio
Installing /tmp/tmp.h3JAIj8PRr/glib/gio/gpollableoutputstream.h to /home/runner/work/layercraft/layercraft/native-prefix/include/glib-2.0/gio
Installing /tmp/tmp.h3JAIj8PRr/glib/gio/gpollableutils.h to /home/runner/work/layercraft/layercraft/native-prefix/include/glib-2.0/gio
Installing /tmp/tmp.h3JAIj8PRr/glib/gio/gpowerprofilemonitor.h to /home/runner/work/layercraft/layercraft/native-prefix/include/glib-2.0/gio
Installing /tmp/tmp.h3JAIj8PRr/glib/gio/gproxy.h to /home/runner/work/layercraft/layercraft/native-prefix/include/glib-2.0/gio
Installing /tmp/tmp.h3JAIj8PRr/glib/gio/gproxyaddress.h to /home/runner/work/layercraft/layercraft/native-prefix/include/glib-2.0/gio
Installing /tmp/tmp.h3JAIj8PRr/glib/gio/gproxyaddressenumerator.h to /home/runner/work/layercraft/layercraft/native-prefix/include/glib-2.0/gio
Installing /tmp/tmp.h3JAIj8PRr/glib/gio/gproxyresolver.h to /home/runner/work/layercraft/layercraft/native-prefix/include/glib-2.0/gio
Installing /tmp/tmp.h3JAIj8PRr/glib/gio/gresolver.h to /home/runner/work/layercraft/layercraft/native-prefix/include/glib-2.0/gio
Installing /tmp/tmp.h3JAIj8PRr/glib/gio/gresource.h to /home/runner/work/layercraft/layercraft/native-prefix/include/glib-2.0/gio
Installing /tmp/tmp.h3JAIj8PRr/glib/gio/gseekable.h to /home/runner/work/layercraft/layercraft/native-prefix/include/glib-2.0/gio
Installing /tmp/tmp.h3JAIj8PRr/glib/gio/gsimpleasyncresult.h to /home/runner/work/layercraft/layercraft/native-prefix/include/glib-2.0/gio
Installing /tmp/tmp.h3JAIj8PRr/glib/gio/gsimpleiostream.h to /home/runner/work/layercraft/layercraft/native-prefix/include/glib-2.0/gio
Installing /tmp/tmp.h3JAIj8PRr/glib/gio/gsimplepermission.h to /home/runner/work/layercraft/layercraft/native-prefix/include/glib-2.0/gio
Installing /tmp/tmp.h3JAIj8PRr/glib/gio/gsimpleproxyresolver.h to /home/runner/work/layercraft/layercraft/native-prefix/include/glib-2.0/gio
Installing /tmp/tmp.h3JAIj8PRr/glib/gio/gsocket.h to /home/runner/work/layercraft/layercraft/native-prefix/include/glib-2.0/gio
Installing /tmp/tmp.h3JAIj8PRr/glib/gio/gsocketaddress.h to /home/runner/work/layercraft/layercraft/native-prefix/include/glib-2.0/gio
Installing /tmp/tmp.h3JAIj8PRr/glib/gio/gsocketaddressenumerator.h to /home/runner/work/layercraft/layercraft/native-prefix/include/glib-2.0/gio
Installing /tmp/tmp.h3JAIj8PRr/glib/gio/gsocketclient.h to /home/runner/work/layercraft/layercraft/native-prefix/include/glib-2.0/gio
Installing /tmp/tmp.h3JAIj8PRr/glib/gio/gsocketconnectable.h to /home/runner/work/layercraft/layercraft/native-prefix/include/glib-2.0/gio
Installing /tmp/tmp.h3JAIj8PRr/glib/gio/gsocketconnection.h to /home/runner/work/layercraft/layercraft/native-prefix/include/glib-2.0/gio
Installing /tmp/tmp.h3JAIj8PRr/glib/gio/gsocketcontrolmessage.h to /home/runner/work/layercraft/layercraft/native-prefix/include/glib-2.0/gio
Installing /tmp/tmp.h3JAIj8PRr/glib/gio/gsocketlistener.h to /home/runner/work/layercraft/layercraft/native-prefix/include/glib-2.0/gio
Installing /tmp/tmp.h3JAIj8PRr/glib/gio/gsocketservice.h to /home/runner/work/layercraft/layercraft/native-prefix/include/glib-2.0/gio
Installing /tmp/tmp.h3JAIj8PRr/glib/gio/gsrvtarget.h to /home/runner/work/layercraft/layercraft/native-prefix/include/glib-2.0/gio
Installing /tmp/tmp.h3JAIj8PRr/glib/gio/gsubprocess.h to /home/runner/work/layercraft/layercraft/native-prefix/include/glib-2.0/gio
Installing /tmp/tmp.h3JAIj8PRr/glib/gio/gsubprocesslauncher.h to /home/runner/work/layercraft/layercraft/native-prefix/include/glib-2.0/gio
Installing /tmp/tmp.h3JAIj8PRr/glib/gio/gtask.h to /home/runner/work/layercraft/layercraft/native-prefix/include/glib-2.0/gio
Installing /tmp/tmp.h3JAIj8PRr/glib/gio/gtcpconnection.h to /home/runner/work/layercraft/layercraft/native-prefix/include/glib-2.0/gio
Installing /tmp/tmp.h3JAIj8PRr/glib/gio/gtcpwrapperconnection.h to /home/runner/work/layercraft/layercraft/native-prefix/include/glib-2.0/gio
Installing /tmp/tmp.h3JAIj8PRr/glib/gio/gthemedicon.h to /home/runner/work/layercraft/layercraft/native-prefix/include/glib-2.0/gio
Installing /tmp/tmp.h3JAIj8PRr/glib/gio/gthreadedsocketservice.h to /home/runner/work/layercraft/layercraft/native-prefix/include/glib-2.0/gio
Installing /tmp/tmp.h3JAIj8PRr/glib/gio/gtlsbackend.h to /home/runner/work/layercraft/layercraft/native-prefix/include/glib-2.0/gio
Installing /tmp/tmp.h3JAIj8PRr/glib/gio/gtlscertificate.h to /home/runner/work/layercraft/layercraft/native-prefix/include/glib-2.0/gio
Installing /tmp/tmp.h3JAIj8PRr/glib/gio/gtlsclientconnection.h to /home/runner/work/layercraft/layercraft/native-prefix/include/glib-2.0/gio
Installing /tmp/tmp.h3JAIj8PRr/glib/gio/gtlsconnection.h to /home/runner/work/layercraft/layercraft/native-prefix/include/glib-2.0/gio
Installing /tmp/tmp.h3JAIj8PRr/glib/gio/gtlsdatabase.h to /home/runner/work/layercraft/layercraft/native-prefix/include/glib-2.0/gio
Installing /tmp/tmp.h3JAIj8PRr/glib/gio/gtlsfiledatabase.h to /home/runner/work/layercraft/layercraft/native-prefix/include/glib-2.0/gio
Installing /tmp/tmp.h3JAIj8PRr/glib/gio/gtlsinteraction.h to /home/runner/work/layercraft/layercraft/native-prefix/include/glib-2.0/gio
Installing /tmp/tmp.h3JAIj8PRr/glib/gio/gtlspassword.h to /home/runner/work/layercraft/layercraft/native-prefix/include/glib-2.0/gio
Installing /tmp/tmp.h3JAIj8PRr/glib/gio/gtlsserverconnection.h to /home/runner/work/layercraft/layercraft/native-prefix/include/glib-2.0/gio
Installing /tmp/tmp.h3JAIj8PRr/glib/gio/gdtlsconnection.h to /home/runner/work/layercraft/layercraft/native-prefix/include/glib-2.0/gio
Installing /tmp/tmp.h3JAIj8PRr/glib/gio/gdtlsclientconnection.h to /home/runner/work/layercraft/layercraft/native-prefix/include/glib-2.0/gio
Installing /tmp/tmp.h3JAIj8PRr/glib/gio/gdtlsserverconnection.h to /home/runner/work/layercraft/layercraft/native-prefix/include/glib-2.0/gio
Installing /tmp/tmp.h3JAIj8PRr/glib/gio/gunixconnection.h to /home/runner/work/layercraft/layercraft/native-prefix/include/glib-2.0/gio
Installing /tmp/tmp.h3JAIj8PRr/glib/gio/gunixcredentialsmessage.h to /home/runner/work/layercraft/layercraft/native-prefix/include/glib-2.0/gio
Installing /tmp/tmp.h3JAIj8PRr/glib/gio/gunixfdlist.h to /home/runner/work/layercraft/layercraft/native-prefix/include/glib-2.0/gio
Installing /tmp/tmp.h3JAIj8PRr/glib/gio/gunixsocketaddress.h to /home/runner/work/layercraft/layercraft/native-prefix/include/glib-2.0/gio
Installing /tmp/tmp.h3JAIj8PRr/glib/gio/gvfs.h to /home/runner/work/layercraft/layercraft/native-prefix/include/glib-2.0/gio
Installing /tmp/tmp.h3JAIj8PRr/glib/gio/gvolume.h to /home/runner/work/layercraft/layercraft/native-prefix/include/glib-2.0/gio
Installing /tmp/tmp.h3JAIj8PRr/glib/gio/gvolumemonitor.h to /home/runner/work/layercraft/layercraft/native-prefix/include/glib-2.0/gio
Installing /tmp/tmp.h3JAIj8PRr/glib/gio/gzlibcompressor.h to /home/runner/work/layercraft/layercraft/native-prefix/include/glib-2.0/gio
Installing /tmp/tmp.h3JAIj8PRr/glib/gio/gzlibdecompressor.h to /home/runner/work/layercraft/layercraft/native-prefix/include/glib-2.0/gio
Installing /tmp/tmp.h3JAIj8PRr/glib/gio/glistmodel.h to /home/runner/work/layercraft/layercraft/native-prefix/include/glib-2.0/gio
Installing /tmp/tmp.h3JAIj8PRr/glib/gio/gliststore.h to /home/runner/work/layercraft/layercraft/native-prefix/include/glib-2.0/gio
Installing /tmp/tmp.h3JAIj8PRr/glib/gio/gapplication.h to /home/runner/work/layercraft/layercraft/native-prefix/include/glib-2.0/gio
Installing /tmp/tmp.h3JAIj8PRr/glib/gio/gapplicationcommandline.h to /home/runner/work/layercraft/layercraft/native-prefix/include/glib-2.0/gio
Installing /tmp/tmp.h3JAIj8PRr/glib/gio/gactiongroup.h to /home/runner/work/layercraft/layercraft/native-prefix/include/glib-2.0/gio
Installing /tmp/tmp.h3JAIj8PRr/glib/gio/gactionmap.h to /home/runner/work/layercraft/layercraft/native-prefix/include/glib-2.0/gio
Installing /tmp/tmp.h3JAIj8PRr/glib/gio/gsimpleactiongroup.h to /home/runner/work/layercraft/layercraft/native-prefix/include/glib-2.0/gio
Installing /tmp/tmp.h3JAIj8PRr/glib/gio/gremoteactiongroup.h to /home/runner/work/layercraft/layercraft/native-prefix/include/glib-2.0/gio
Installing /tmp/tmp.h3JAIj8PRr/glib/gio/gactiongroupexporter.h to /home/runner/work/layercraft/layercraft/native-prefix/include/glib-2.0/gio
Installing /tmp/tmp.h3JAIj8PRr/glib/gio/gdbusactiongroup.h to /home/runner/work/layercraft/layercraft/native-prefix/include/glib-2.0/gio
Installing /tmp/tmp.h3JAIj8PRr/glib/gio/gaction.h to /home/runner/work/layercraft/layercraft/native-prefix/include/glib-2.0/gio
Installing /tmp/tmp.h3JAIj8PRr/glib/gio/gpropertyaction.h to /home/runner/work/layercraft/layercraft/native-prefix/include/glib-2.0/gio
Installing /tmp/tmp.h3JAIj8PRr/glib/gio/gsimpleaction.h to /home/runner/work/layercraft/layercraft/native-prefix/include/glib-2.0/gio
Installing /tmp/tmp.h3JAIj8PRr/glib/gio/gmenumodel.h to /home/runner/work/layercraft/layercraft/native-prefix/include/glib-2.0/gio
Installing /tmp/tmp.h3JAIj8PRr/glib/gio/gmenu.h to /home/runner/work/layercraft/layercraft/native-prefix/include/glib-2.0/gio
Installing /tmp/tmp.h3JAIj8PRr/glib/gio/gmenuexporter.h to /home/runner/work/layercraft/layercraft/native-prefix/include/glib-2.0/gio
Installing /tmp/tmp.h3JAIj8PRr/glib/gio/gdbusmenumodel.h to /home/runner/work/layercraft/layercraft/native-prefix/include/glib-2.0/gio
Installing /tmp/tmp.h3JAIj8PRr/glib/gio/gnotification.h to /home/runner/work/layercraft/layercraft/native-prefix/include/glib-2.0/gio
Installing /tmp/tmp.h3JAIj8PRr/glib/gio/gsettingsbackend.h to /home/runner/work/layercraft/layercraft/native-prefix/include/glib-2.0/gio
Installing /tmp/tmp.h3JAIj8PRr/glib/gio/gsettingsschema.h to /home/runner/work/layercraft/layercraft/native-prefix/include/glib-2.0/gio
Installing /tmp/tmp.h3JAIj8PRr/glib/gio/gsettings.h to /home/runner/work/layercraft/layercraft/native-prefix/include/glib-2.0/gio
Installing /tmp/tmp.h3JAIj8PRr/glib/gio/gdbusauthobserver.h to /home/runner/work/layercraft/layercraft/native-prefix/include/glib-2.0/gio
Installing /tmp/tmp.h3JAIj8PRr/glib/gio/gcredentials.h to /home/runner/work/layercraft/layercraft/native-prefix/include/glib-2.0/gio
Installing /tmp/tmp.h3JAIj8PRr/glib/gio/gdbusutils.h to /home/runner/work/layercraft/layercraft/native-prefix/include/glib-2.0/gio
Installing /tmp/tmp.h3JAIj8PRr/glib/gio/gdbuserror.h to /home/runner/work/layercraft/layercraft/native-prefix/include/glib-2.0/gio
Installing /tmp/tmp.h3JAIj8PRr/glib/gio/gdbusaddress.h to /home/runner/work/layercraft/layercraft/native-prefix/include/glib-2.0/gio
Installing /tmp/tmp.h3JAIj8PRr/glib/gio/gdbusconnection.h to /home/runner/work/layercraft/layercraft/native-prefix/include/glib-2.0/gio
Installing /tmp/tmp.h3JAIj8PRr/glib/gio/gdbusmessage.h to /home/runner/work/layercraft/layercraft/native-prefix/include/glib-2.0/gio
Installing /tmp/tmp.h3JAIj8PRr/glib/gio/gdbusnameowning.h to /home/runner/work/layercraft/layercraft/native-prefix/include/glib-2.0/gio
Installing /tmp/tmp.h3JAIj8PRr/glib/gio/gdbusnamewatching.h to /home/runner/work/layercraft/layercraft/native-prefix/include/glib-2.0/gio
Installing /tmp/tmp.h3JAIj8PRr/glib/gio/gdbusproxy.h to /home/runner/work/layercraft/layercraft/native-prefix/include/glib-2.0/gio
Installing /tmp/tmp.h3JAIj8PRr/glib/gio/gdbusintrospection.h to /home/runner/work/layercraft/layercraft/native-prefix/include/glib-2.0/gio
Installing /tmp/tmp.h3JAIj8PRr/glib/gio/gdbusmethodinvocation.h to /home/runner/work/layercraft/layercraft/native-prefix/include/glib-2.0/gio
Installing /tmp/tmp.h3JAIj8PRr/glib/gio/gdbusserver.h to /home/runner/work/layercraft/layercraft/native-prefix/include/glib-2.0/gio
Installing /tmp/tmp.h3JAIj8PRr/glib/gio/gdbusinterface.h to /home/runner/work/layercraft/layercraft/native-prefix/include/glib-2.0/gio
Installing /tmp/tmp.h3JAIj8PRr/glib/gio/gdbusinterfaceskeleton.h to /home/runner/work/layercraft/layercraft/native-prefix/include/glib-2.0/gio
Installing /tmp/tmp.h3JAIj8PRr/glib/gio/gdbusobject.h to /home/runner/work/layercraft/layercraft/native-prefix/include/glib-2.0/gio
Installing /tmp/tmp.h3JAIj8PRr/glib/gio/gdbusobjectskeleton.h to /home/runner/work/layercraft/layercraft/native-prefix/include/glib-2.0/gio
Installing /tmp/tmp.h3JAIj8PRr/glib/gio/gdbusobjectproxy.h to /home/runner/work/layercraft/layercraft/native-prefix/include/glib-2.0/gio
Installing /tmp/tmp.h3JAIj8PRr/glib/gio/gdbusobjectmanager.h to /home/runner/work/layercraft/layercraft/native-prefix/include/glib-2.0/gio
Installing /tmp/tmp.h3JAIj8PRr/glib/gio/gdbusobjectmanagerclient.h to /home/runner/work/layercraft/layercraft/native-prefix/include/glib-2.0/gio
Installing /tmp/tmp.h3JAIj8PRr/glib/gio/gdbusobjectmanagerserver.h to /home/runner/work/layercraft/layercraft/native-prefix/include/glib-2.0/gio
Installing /tmp/tmp.h3JAIj8PRr/glib/gio/gtestdbus.h to /home/runner/work/layercraft/layercraft/native-prefix/include/glib-2.0/gio
Installing /tmp/tmp.h3JAIj8PRr/glib/girepository/giarginfo.h to /home/runner/work/layercraft/layercraft/native-prefix/include/glib-2.0/girepository
Installing /tmp/tmp.h3JAIj8PRr/glib/girepository/gibaseinfo.h to /home/runner/work/layercraft/layercraft/native-prefix/include/glib-2.0/girepository
Installing /tmp/tmp.h3JAIj8PRr/glib/girepository/gicallableinfo.h to /home/runner/work/layercraft/layercraft/native-prefix/include/glib-2.0/girepository
Installing /tmp/tmp.h3JAIj8PRr/glib/girepository/gicallbackinfo.h to /home/runner/work/layercraft/layercraft/native-prefix/include/glib-2.0/girepository
Installing /tmp/tmp.h3JAIj8PRr/glib/girepository/giconstantinfo.h to /home/runner/work/layercraft/layercraft/native-prefix/include/glib-2.0/girepository
Installing /tmp/tmp.h3JAIj8PRr/glib/girepository/gienuminfo.h to /home/runner/work/layercraft/layercraft/native-prefix/include/glib-2.0/girepository
Installing /tmp/tmp.h3JAIj8PRr/glib/girepository/gifieldinfo.h to /home/runner/work/layercraft/layercraft/native-prefix/include/glib-2.0/girepository
Installing /tmp/tmp.h3JAIj8PRr/glib/girepository/giflagsinfo.h to /home/runner/work/layercraft/layercraft/native-prefix/include/glib-2.0/girepository
Installing /tmp/tmp.h3JAIj8PRr/glib/girepository/gifunctioninfo.h to /home/runner/work/layercraft/layercraft/native-prefix/include/glib-2.0/girepository
Installing /tmp/tmp.h3JAIj8PRr/glib/girepository/giinterfaceinfo.h to /home/runner/work/layercraft/layercraft/native-prefix/include/glib-2.0/girepository
Installing /tmp/tmp.h3JAIj8PRr/glib/girepository/giobjectinfo.h to /home/runner/work/layercraft/layercraft/native-prefix/include/glib-2.0/girepository
Installing /tmp/tmp.h3JAIj8PRr/glib/girepository/gipropertyinfo.h to /home/runner/work/layercraft/layercraft/native-prefix/include/glib-2.0/girepository
Installing /tmp/tmp.h3JAIj8PRr/glib/girepository/giregisteredtypeinfo.h to /home/runner/work/layercraft/layercraft/native-prefix/include/glib-2.0/girepository
Installing /tmp/tmp.h3JAIj8PRr/glib/girepository/girepository.h to /home/runner/work/layercraft/layercraft/native-prefix/include/glib-2.0/girepository
Installing /tmp/tmp.h3JAIj8PRr/glib/girepository/girepository-autocleanups.h to /home/runner/work/layercraft/layercraft/native-prefix/include/glib-2.0/girepository
Installing /tmp/tmp.h3JAIj8PRr/glib/girepository/gisignalinfo.h to /home/runner/work/layercraft/layercraft/native-prefix/include/glib-2.0/girepository
Installing /tmp/tmp.h3JAIj8PRr/glib/girepository/gistructinfo.h to /home/runner/work/layercraft/layercraft/native-prefix/include/glib-2.0/girepository
Installing /tmp/tmp.h3JAIj8PRr/glib/girepository/gitypeinfo.h to /home/runner/work/layercraft/layercraft/native-prefix/include/glib-2.0/girepository
Installing /tmp/tmp.h3JAIj8PRr/glib/girepository/gitypelib.h to /home/runner/work/layercraft/layercraft/native-prefix/include/glib-2.0/girepository
Installing /tmp/tmp.h3JAIj8PRr/glib/girepository/gitypes.h to /home/runner/work/layercraft/layercraft/native-prefix/include/glib-2.0/girepository
Installing /tmp/tmp.h3JAIj8PRr/glib/girepository/giunioninfo.h to /home/runner/work/layercraft/layercraft/native-prefix/include/glib-2.0/girepository
Installing /tmp/tmp.h3JAIj8PRr/glib/girepository/giunresolvedinfo.h to /home/runner/work/layercraft/layercraft/native-prefix/include/glib-2.0/girepository
Installing /tmp/tmp.h3JAIj8PRr/glib/girepository/givalueinfo.h to /home/runner/work/layercraft/layercraft/native-prefix/include/glib-2.0/girepository
Installing /tmp/tmp.h3JAIj8PRr/glib/girepository/givfuncinfo.h to /home/runner/work/layercraft/layercraft/native-prefix/include/glib-2.0/girepository
Installing /tmp/tmp.h3JAIj8PRr/glib/girepository/girffi.h to /home/runner/work/layercraft/layercraft/native-prefix/include/glib-2.0/girepository
Installing /tmp/tmp.h3JAIj8PRr/glib/subprojects/libffi-3.5.2/man/ffi.3 to /home/runner/work/layercraft/layercraft/native-prefix/share/man/man3
Installing /tmp/tmp.h3JAIj8PRr/glib/subprojects/libffi-3.5.2/man/ffi_call.3 to /home/runner/work/layercraft/layercraft/native-prefix/share/man/man3
Installing /tmp/tmp.h3JAIj8PRr/glib/subprojects/libffi-3.5.2/man/ffi_prep_cif.3 to /home/runner/work/layercraft/layercraft/native-prefix/share/man/man3
Installing /tmp/tmp.h3JAIj8PRr/glib/subprojects/libffi-3.5.2/man/ffi_prep_cif_var.3 to /home/runner/work/layercraft/layercraft/native-prefix/share/man/man3
Installing new directory /home/runner/work/layercraft/layercraft/native-prefix/lib/gio/modules
Installing /tmp/tmp.h3JAIj8PRr/glib/_build-arm64-v8a/meson-private/libpcre2-8.pc to /home/runner/work/layercraft/layercraft/native-prefix/lib/pkgconfig
Installing /tmp/tmp.h3JAIj8PRr/glib/_build-arm64-v8a/meson-private/libpcre2-16.pc to /home/runner/work/layercraft/layercraft/native-prefix/lib/pkgconfig
Installing /tmp/tmp.h3JAIj8PRr/glib/_build-arm64-v8a/meson-private/libpcre2-32.pc to /home/runner/work/layercraft/layercraft/native-prefix/lib/pkgconfig
Installing /tmp/tmp.h3JAIj8PRr/glib/_build-arm64-v8a/subprojects/libffi-3.5.2/include/ffi.h to /home/runner/work/layercraft/layercraft/native-prefix/include
Installing /tmp/tmp.h3JAIj8PRr/glib/_build-arm64-v8a/meson-private/libffi.pc to /home/runner/work/layercraft/layercraft/native-prefix/lib/pkgconfig
Installing /tmp/tmp.h3JAIj8PRr/glib/_build-arm64-v8a/tools/glib-gettextize to /home/runner/work/layercraft/layercraft/native-prefix/bin
Installing /tmp/tmp.h3JAIj8PRr/glib/tools/glib.supp to /home/runner/work/layercraft/layercraft/native-prefix/share/glib-2.0/valgrind
Installing /tmp/tmp.h3JAIj8PRr/glib/_build-arm64-v8a/glib/glibconfig.h to /home/runner/work/layercraft/layercraft/native-prefix/lib/glib-2.0/include
Installing /tmp/tmp.h3JAIj8PRr/glib/_build-arm64-v8a/meson-private/glib-2.0.pc to /home/runner/work/layercraft/layercraft/native-prefix/lib/pkgconfig
Installing /tmp/tmp.h3JAIj8PRr/glib/_build-arm64-v8a/glib/gtester-report to /home/runner/work/layercraft/layercraft/native-prefix/bin
Installing /tmp/tmp.h3JAIj8PRr/glib/glib/glib_gdb.py to /home/runner/work/layercraft/layercraft/native-prefix/share/glib-2.0/gdb
Installing /tmp/tmp.h3JAIj8PRr/glib/_build-arm64-v8a/glib/libglib-2.0.so.0.8904.0-gdb.py to /home/runner/work/layercraft/layercraft/native-prefix/share/gdb/auto-load/.//home/runner/work/layercraft/layercraft/native-prefix/lib
Installing /tmp/tmp.h3JAIj8PRr/glib/_build-arm64-v8a/gobject/glib-genmarshal to /home/runner/work/layercraft/layercraft/native-prefix/bin
Installing /tmp/tmp.h3JAIj8PRr/glib/_build-arm64-v8a/gobject/glib-mkenums to /home/runner/work/layercraft/layercraft/native-prefix/bin
Installing /tmp/tmp.h3JAIj8PRr/glib/_build-arm64-v8a/meson-private/gobject-2.0.pc to /home/runner/work/layercraft/layercraft/native-prefix/lib/pkgconfig
Installing /tmp/tmp.h3JAIj8PRr/glib/gobject/gobject_gdb.py to /home/runner/work/layercraft/layercraft/native-prefix/share/glib-2.0/gdb
Installing /tmp/tmp.h3JAIj8PRr/glib/_build-arm64-v8a/gobject/libgobject-2.0.so.0.8904.0-gdb.py to /home/runner/work/layercraft/layercraft/native-prefix/share/gdb/auto-load/.//home/runner/work/layercraft/layercraft/native-prefix/lib
Installing /tmp/tmp.h3JAIj8PRr/glib/_build-arm64-v8a/meson-private/gthread-2.0.pc to /home/runner/work/layercraft/layercraft/native-prefix/lib/pkgconfig
Installing /tmp/tmp.h3JAIj8PRr/glib/_build-arm64-v8a/meson-private/gmodule-no-export-2.0.pc to /home/runner/work/layercraft/layercraft/native-prefix/lib/pkgconfig
Installing /tmp/tmp.h3JAIj8PRr/glib/_build-arm64-v8a/meson-private/gmodule-export-2.0.pc to /home/runner/work/layercraft/layercraft/native-prefix/lib/pkgconfig
Installing /tmp/tmp.h3JAIj8PRr/glib/_build-arm64-v8a/meson-private/gmodule-2.0.pc to /home/runner/work/layercraft/layercraft/native-prefix/lib/pkgconfig
Installing /tmp/tmp.h3JAIj8PRr/glib/_build-arm64-v8a/gio/gnetworking.h to /home/runner/work/layercraft/layercraft/native-prefix/include/glib-2.0/gio
Installing /tmp/tmp.h3JAIj8PRr/glib/_build-arm64-v8a/gio/gdbus-2.0/codegen/gdbus-codegen to /home/runner/work/layercraft/layercraft/native-prefix/bin
Installing /tmp/tmp.h3JAIj8PRr/glib/_build-arm64-v8a/gio/gdbus-2.0/codegen/config.py to /home/runner/work/layercraft/layercraft/native-prefix/share/glib-2.0/codegen
Installing /tmp/tmp.h3JAIj8PRr/glib/gio/completion/gapplication to /home/runner/work/layercraft/layercraft/native-prefix/share/bash-completion/completions
Installing /tmp/tmp.h3JAIj8PRr/glib/gio/completion/gdbus to /home/runner/work/layercraft/layercraft/native-prefix/share/bash-completion/completions
Installing /tmp/tmp.h3JAIj8PRr/glib/gio/completion/gio to /home/runner/work/layercraft/layercraft/native-prefix/share/bash-completion/completions
Installing /tmp/tmp.h3JAIj8PRr/glib/gio/completion/gsettings to /home/runner/work/layercraft/layercraft/native-prefix/share/bash-completion/completions
Installing /tmp/tmp.h3JAIj8PRr/glib/gio/completion/gresource to /home/runner/work/layercraft/layercraft/native-prefix/share/bash-completion/completions
Installing /tmp/tmp.h3JAIj8PRr/glib/_build-arm64-v8a/meson-private/gio-2.0.pc to /home/runner/work/layercraft/layercraft/native-prefix/lib/pkgconfig
Installing /tmp/tmp.h3JAIj8PRr/glib/_build-arm64-v8a/meson-private/gio-unix-2.0.pc to /home/runner/work/layercraft/layercraft/native-prefix/lib/pkgconfig
Installing /tmp/tmp.h3JAIj8PRr/glib/gio/gresource.dtd to /home/runner/work/layercraft/layercraft/native-prefix/share/glib-2.0/dtds
Installing /tmp/tmp.h3JAIj8PRr/glib/gio/gschema.dtd to /home/runner/work/layercraft/layercraft/native-prefix/share/glib-2.0/schemas
Installing /tmp/tmp.h3JAIj8PRr/glib/gio/gschema.loc to /home/runner/work/layercraft/layercraft/native-prefix/share/gettext/its
Installing /tmp/tmp.h3JAIj8PRr/glib/gio/gschema.its to /home/runner/work/layercraft/layercraft/native-prefix/share/gettext/its
Installing /tmp/tmp.h3JAIj8PRr/glib/_build-arm64-v8a/meson-private/girepository-2.0.pc to /home/runner/work/layercraft/layercraft/native-prefix/lib/pkgconfig
Installing /tmp/tmp.h3JAIj8PRr/glib/m4macros/glib-2.0.m4 to /home/runner/work/layercraft/layercraft/native-prefix/share/aclocal
Installing /tmp/tmp.h3JAIj8PRr/glib/m4macros/glib-gettext.m4 to /home/runner/work/layercraft/layercraft/native-prefix/share/aclocal
Installing /tmp/tmp.h3JAIj8PRr/glib/m4macros/gsettings.m4 to /home/runner/work/layercraft/layercraft/native-prefix/share/aclocal
== [2/7] json-glib ==
Cloning into '/tmp/tmp.h3JAIj8PRr/json-glib'...
DEPRECATION: "pkgconfig" entry is deprecated and should be replaced by "pkg-config"
The Meson build system
Version: 1.12.0
Source dir: /tmp/tmp.h3JAIj8PRr/json-glib
Build dir: /tmp/tmp.h3JAIj8PRr/json-glib/_build-arm64-v8a
Build type: cross build
DEPRECATION: Option "gtk_doc" is replaced by 'documentation'
Project name: json-glib
Project version: 1.10.9
C compiler for the host machine: /usr/local/lib/android/sdk/ndk/29.0.14206865/toolchains/llvm/prebuilt/linux-x86_64/bin/aarch64-linux-android28-clang (clang 21.0.0 "Android (13989888, +pgo, +bolt, +lto, +mlgo, based on r563880c) clang version 21.0.0 (https://android.googlesource.com/toolchain/llvm-project 5e96669f06077099aa41290cdb4c5e6fa0f59349)")
C linker for the host machine: /usr/local/lib/android/sdk/ndk/29.0.14206865/toolchains/llvm/prebuilt/linux-x86_64/bin/aarch64-linux-android28-clang ld.lld 21.0.0
C compiler for the build machine: cc (gcc 13.3.0 "cc (Ubuntu 13.3.0-6ubuntu2~24.04.1) 13.3.0")
C linker for the build machine: cc ld.bfd 2.42
Build machine cpu family: x86_64
Build machine cpu: x86_64
Host machine cpu family: aarch64
Host machine cpu: aarch64
Target machine cpu family: aarch64
Target machine cpu: aarch64
Found pkg-config: YES (/usr/bin/pkg-config) 1.8.1
Run-time dependency gio-2.0 found: YES 2.89.4
Has header "unistd.h" : YES 
Compiler for C supports arguments -Wcast-align: YES 
Compiler for C supports arguments -Wlogical-op: NO 
Compiler for C supports arguments -Wmissing-declarations: YES 
Compiler for C supports arguments -Wmissing-format-attribute: YES 
Compiler for C supports arguments -Wmissing-prototypes: YES 
Compiler for C supports arguments -Wmissing-noreturn: YES 
Compiler for C supports arguments -Wold-style-definition: YES 
Compiler for C supports arguments -Wpointer-arith: YES 
Compiler for C supports arguments -Wshadow: YES 
Compiler for C supports arguments -Wstrict-prototypes: YES 
Compiler for C supports arguments -Wunused: YES 
Compiler for C supports arguments -Wno-discarded-qualifiers: NO 
Compiler for C supports arguments -Wno-int-conversion: YES 
Compiler for C supports arguments -fno-strict-aliasing: YES 
Compiler for C supports arguments -Wno-uninitialized: YES 
Compiler for C supports arguments -Werror=address: YES 
Compiler for C supports arguments -Werror=array-bounds: YES 
Compiler for C supports arguments -Werror=empty-body: YES 
Compiler for C supports arguments -Werror=format=2: YES 
Compiler for C supports arguments -Werror=implicit: YES 
Compiler for C supports arguments -Werror=init-self: YES 
Compiler for C supports arguments -Werror=int-to-pointer-cast: YES 
Compiler for C supports arguments -Werror=main: YES 
Compiler for C supports arguments -Werror=missing-braces: YES 
Compiler for C supports arguments -Werror=nested-externs: YES 
Compiler for C supports arguments -Werror=nonnull: YES 
Compiler for C supports arguments -Werror=pointer-to-int-cast: YES 
Compiler for C supports arguments -Werror=return-type: YES 
Compiler for C supports arguments -Werror=sequence-point: YES 
Compiler for C supports arguments -Werror=trigraphs: YES 
Compiler for C supports arguments -Werror=undef: YES 
Compiler for C supports arguments -Werror=write-strings: YES 
Compiler for C supports link arguments -Wl,-Bsymbolic: YES 
Compiler for C supports link arguments -Wl,-z,relro: YES 
Compiler for C supports link arguments -Wl,-z,now: YES 
Compiler for C supports link arguments -Wl,--default-symver: NO 
Program g-ir-scanner skipped: feature introspection disabled
Program python3 found: YES (/usr/bin/python3)
Configuring config.h using configuration
Found pkg-config: YES (/usr/bin/pkg-config) 1.8.1
Build-time dependency glib-2.0 found: YES 2.89.4
Program /home/runner/work/layercraft/layercraft/native-prefix/bin/glib-mkenums found: YES (/home/runner/work/layercraft/layercraft/native-prefix/bin/glib-mkenums)
Dependency glib-2.0 for build machine found: YES 2.89.4 (cached)
Program /home/runner/work/layercraft/layercraft/native-prefix/bin/glib-mkenums found: YES (/home/runner/work/layercraft/layercraft/native-prefix/bin/glib-mkenums)
Configuring json-version.h using configuration
Found pkg-config: YES (/usr/bin/pkg-config) 1.8.1
Program xgettext found: NO
Program rst2man rst2man.py found: NO
Program rst2html5 rst2html5.py skipped: feature documentation disabled
Program gi-docgen skipped: feature documentation disabled
Build targets in project: 5

json-glib 1.10.9

  Directories
    prefix           : /home/runner/work/layercraft/layercraft/native-prefix
    includedir       : /home/runner/work/layercraft/layercraft/native-prefix/include
    libdir           : /home/runner/work/layercraft/layercraft/native-prefix/lib
    datadir          : /home/runner/work/layercraft/layercraft/native-prefix/share

  Build
    Localization     : auto
    Introspection    : NO
    Documentation    : NO
    Manual pages     : NO
    Tests            : NO
    Installed tests  : YES
    Conformance tests: YES

  User defined options
    Cross files      : /tmp/tmp.h3JAIj8PRr/android-arm64-v8a.ini
    buildtype        : release
    default_library  : shared
    gtk_doc          : disabled
    introspection    : disabled
    libdir           : lib
    prefix           : /home/runner/work/layercraft/layercraft/native-prefix
    tests            : false
    wrap_mode        : default

Found ninja-1.13.2 at /usr/local/bin/ninja
ninja: Entering directory `/tmp/tmp.h3JAIj8PRr/json-glib/_build-arm64-v8a'
[1/25] Generating GObject enum file json-glib/json-enum-types.h (wrapped by meson because command contains newlines, to capture output)
[2/25] Generating GObject enum file json-glib/json-enum-types.c (wrapped by meson because command contains newlines, to capture output)
[3/25] Compiling C object json-glib/libjson-glib-1.0.so.p/json-debug.c.o
[4/25] Compiling C object json-glib/libjson-glib-1.0.so.p/json-array.c.o
[5/25] Compiling C object json-glib/libjson-glib-1.0.so.p/json-builder.c.o
[6/25] Compiling C object json-glib/libjson-glib-1.0.so.p/meson-generated_.._json-enum-types.c.o
In file included from json-glib/json-enum-types.c:7:
In file included from ../json-glib/json-generator.h:32:
In file included from /home/runner/work/layercraft/layercraft/native-prefix/include/glib-2.0/gio/gio.h:52:
/home/runner/work/layercraft/layercraft/native-prefix/include/glib-2.0/gio/gdbusactiongroup.h:36:23: warning: redefinition of typedef 'GDBusActionGroup' is a C11 feature [-Wtypedef-redefinition]
   36 | G_DECLARE_FINAL_TYPE (GDBusActionGroup, g_dbus_action_group, G, DBUS_ACTION_GROUP, GObject)
      |                       ^
/home/runner/work/layercraft/layercraft/native-prefix/include/glib-2.0/gio/giotypes.h:53:47: note: previous definition is here
   53 | typedef struct _GDBusActionGroup              GDBusActionGroup;
      |                                               ^
1 warning generated.
[7/25] Compiling C object json-glib/libjson-glib-1.0.so.p/json-gboxed.c.o
[8/25] Compiling C object json-glib/libjson-glib-1.0.so.p/json-node.c.o
[9/25] Compiling C object json-glib/libjson-glib-1.0.so.p/json-gobject.c.o
In file included from ../json-glib/json-gobject.c:33:
In file included from ../json-glib/json-parser.h:31:
In file included from /home/runner/work/layercraft/layercraft/native-prefix/include/glib-2.0/gio/gio.h:52:
/home/runner/work/layercraft/layercraft/native-prefix/include/glib-2.0/gio/gdbusactiongroup.h:36:23: warning: redefinition of typedef 'GDBusActionGroup' is a C11 feature [-Wtypedef-redefinition]
   36 | G_DECLARE_FINAL_TYPE (GDBusActionGroup, g_dbus_action_group, G, DBUS_ACTION_GROUP, GObject)
      |                       ^
/home/runner/work/layercraft/layercraft/native-prefix/include/glib-2.0/gio/giotypes.h:53:47: note: previous definition is here
   53 | typedef struct _GDBusActionGroup              GDBusActionGroup;
      |                                               ^
1 warning generated.
[10/25] Compiling C object json-glib/libjson-glib-1.0.so.p/json-generator.c.o
In file included from ../json-glib/json-generator.c:41:
In file included from ../json-glib/json-generator.h:32:
In file included from /home/runner/work/layercraft/layercraft/native-prefix/include/glib-2.0/gio/gio.h:52:
/home/runner/work/layercraft/layercraft/native-prefix/include/glib-2.0/gio/gdbusactiongroup.h:36:23: warning: redefinition of typedef 'GDBusActionGroup' is a C11 feature [-Wtypedef-redefinition]
   36 | G_DECLARE_FINAL_TYPE (GDBusActionGroup, g_dbus_action_group, G, DBUS_ACTION_GROUP, GObject)
      |                       ^
/home/runner/work/layercraft/layercraft/native-prefix/include/glib-2.0/gio/giotypes.h:53:47: note: previous definition is here
   53 | typedef struct _GDBusActionGroup              GDBusActionGroup;
      |                                               ^
1 warning generated.
[11/25] Compiling C object json-glib/libjson-glib-1.0.so.p/json-gvariant.c.o
In file included from ../json-glib/json-gvariant.c:30:
In file included from /home/runner/work/layercraft/layercraft/native-prefix/include/glib-2.0/gio/gio.h:52:
/home/runner/work/layercraft/layercraft/native-prefix/include/glib-2.0/gio/gdbusactiongroup.h:36:23: warning: redefinition of typedef 'GDBusActionGroup' is a C11 feature [-Wtypedef-redefinition]
   36 | G_DECLARE_FINAL_TYPE (GDBusActionGroup, g_dbus_action_group, G, DBUS_ACTION_GROUP, GObject)
      |                       ^
/home/runner/work/layercraft/layercraft/native-prefix/include/glib-2.0/gio/giotypes.h:53:47: note: previous definition is here
   53 | typedef struct _GDBusActionGroup              GDBusActionGroup;
      |                                               ^
1 warning generated.
[12/25] Compiling C object json-glib/libjson-glib-1.0.so.p/json-object.c.o
[13/25] Compiling C object json-glib/libjson-glib-1.0.so.p/json-path.c.o
[14/25] Compiling C object json-glib/libjson-glib-1.0.so.p/json-reader.c.o
[15/25] Compiling C object json-glib/libjson-glib-1.0.so.p/json-serializable.c.o
[16/25] Compiling C object json-glib/libjson-glib-1.0.so.p/json-parser.c.o
In file included from ../json-glib/json-parser.c:78:
In file included from ../json-glib/json-parser.h:31:
In file included from /home/runner/work/layercraft/layercraft/native-prefix/include/glib-2.0/gio/gio.h:52:
/home/runner/work/layercraft/layercraft/native-prefix/include/glib-2.0/gio/gdbusactiongroup.h:36:23: warning: redefinition of typedef 'GDBusActionGroup' is a C11 feature [-Wtypedef-redefinition]
   36 | G_DECLARE_FINAL_TYPE (GDBusActionGroup, g_dbus_action_group, G, DBUS_ACTION_GROUP, GObject)
      |                       ^
/home/runner/work/layercraft/layercraft/native-prefix/include/glib-2.0/gio/giotypes.h:53:47: note: previous definition is here
   53 | typedef struct _GDBusActionGroup              GDBusActionGroup;
      |                                               ^
1 warning generated.
[17/25] Compiling C object json-glib/libjson-glib-1.0.so.p/json-utils.c.o
In file included from ../json-glib/json-utils.c:25:
In file included from ../json-glib/json-parser.h:31:
In file included from /home/runner/work/layercraft/layercraft/native-prefix/include/glib-2.0/gio/gio.h:52:
/home/runner/work/layercraft/layercraft/native-prefix/include/glib-2.0/gio/gdbusactiongroup.h:36:23: warning: redefinition of typedef 'GDBusActionGroup' is a C11 feature [-Wtypedef-redefinition]
   36 | G_DECLARE_FINAL_TYPE (GDBusActionGroup, g_dbus_action_group, G, DBUS_ACTION_GROUP, GObject)
      |                       ^
/home/runner/work/layercraft/layercraft/native-prefix/include/glib-2.0/gio/giotypes.h:53:47: note: previous definition is here
   53 | typedef struct _GDBusActionGroup              GDBusActionGroup;
      |                                               ^
1 warning generated.
[18/25] Compiling C object json-glib/libjson-glib-1.0.so.p/json-value.c.o
[19/25] Compiling C object json-glib/libjson-glib-1.0.so.p/json-scanner.c.o
[20/25] Linking target json-glib/libjson-glib-1.0.so
[21/25] Generating symbol file json-glib/libjson-glib-1.0.so.p/libjson-glib-1.0.so.symbols
[22/25] Compiling C object json-glib/json-glib-validate.p/json-glib-validate.c.o
In file included from ../json-glib/json-glib-validate.c:37:
In file included from ../json-glib/json-glib.h:32:
In file included from ../json-glib/json-generator.h:32:
In file included from /home/runner/work/layercraft/layercraft/native-prefix/include/glib-2.0/gio/gio.h:52:
/home/runner/work/layercraft/layercraft/native-prefix/include/glib-2.0/gio/gdbusactiongroup.h:36:23: warning: redefinition of typedef 'GDBusActionGroup' is a C11 feature [-Wtypedef-redefinition]
   36 | G_DECLARE_FINAL_TYPE (GDBusActionGroup, g_dbus_action_group, G, DBUS_ACTION_GROUP, GObject)
      |                       ^
/home/runner/work/layercraft/layercraft/native-prefix/include/glib-2.0/gio/giotypes.h:53:47: note: previous definition is here
   53 | typedef struct _GDBusActionGroup              GDBusActionGroup;
      |                                               ^
1 warning generated.
[23/25] Linking target json-glib/json-glib-validate
[24/25] Compiling C object json-glib/json-glib-format.p/json-glib-format.c.o
In file included from ../json-glib/json-glib-format.c:45:
In file included from ../json-glib/json-glib.h:32:
In file included from ../json-glib/json-generator.h:32:
In file included from /home/runner/work/layercraft/layercraft/native-prefix/include/glib-2.0/gio/gio.h:52:
/home/runner/work/layercraft/layercraft/native-prefix/include/glib-2.0/gio/gdbusactiongroup.h:36:23: warning: redefinition of typedef 'GDBusActionGroup' is a C11 feature [-Wtypedef-redefinition]
   36 | G_DECLARE_FINAL_TYPE (GDBusActionGroup, g_dbus_action_group, G, DBUS_ACTION_GROUP, GObject)
      |                       ^
/home/runner/work/layercraft/layercraft/native-prefix/include/glib-2.0/gio/giotypes.h:53:47: note: previous definition is here
   53 | typedef struct _GDBusActionGroup              GDBusActionGroup;
      |                                               ^
1 warning generated.
[25/25] Linking target json-glib/json-glib-format
INFO: autodetecting backend as ninja
INFO: calculating backend command to run: /usr/local/bin/ninja -C /tmp/tmp.h3JAIj8PRr/json-glib/_build-arm64-v8a -j 4
ninja: Entering directory `/tmp/tmp.h3JAIj8PRr/json-glib/_build-arm64-v8a'
ninja: no work to do.
Installing json-glib/json-enum-types.h to /home/runner/work/layercraft/layercraft/native-prefix/include/json-glib-1.0/json-glib
Installing json-glib/libjson-glib-1.0.so to /home/runner/work/layercraft/layercraft/native-prefix/lib
Installing json-glib/json-glib-validate to /home/runner/work/layercraft/layercraft/native-prefix/bin
Installing json-glib/json-glib-format to /home/runner/work/layercraft/layercraft/native-prefix/bin
Installing /tmp/tmp.h3JAIj8PRr/json-glib/json-glib/json-builder.h to /home/runner/work/layercraft/layercraft/native-prefix/include/json-glib-1.0/json-glib
Installing /tmp/tmp.h3JAIj8PRr/json-glib/json-glib/json-generator.h to /home/runner/work/layercraft/layercraft/native-prefix/include/json-glib-1.0/json-glib
Installing /tmp/tmp.h3JAIj8PRr/json-glib/json-glib/json-gobject.h to /home/runner/work/layercraft/layercraft/native-prefix/include/json-glib-1.0/json-glib
Installing /tmp/tmp.h3JAIj8PRr/json-glib/json-glib/json-gvariant.h to /home/runner/work/layercraft/layercraft/native-prefix/include/json-glib-1.0/json-glib
Installing /tmp/tmp.h3JAIj8PRr/json-glib/json-glib/json-parser.h to /home/runner/work/layercraft/layercraft/native-prefix/include/json-glib-1.0/json-glib
Installing /tmp/tmp.h3JAIj8PRr/json-glib/json-glib/json-path.h to /home/runner/work/layercraft/layercraft/native-prefix/include/json-glib-1.0/json-glib
Installing /tmp/tmp.h3JAIj8PRr/json-glib/json-glib/json-reader.h to /home/runner/work/layercraft/layercraft/native-prefix/include/json-glib-1.0/json-glib
Installing /tmp/tmp.h3JAIj8PRr/json-glib/json-glib/json-types.h to /home/runner/work/layercraft/layercraft/native-prefix/include/json-glib-1.0/json-glib
Installing /tmp/tmp.h3JAIj8PRr/json-glib/json-glib/json-utils.h to /home/runner/work/layercraft/layercraft/native-prefix/include/json-glib-1.0/json-glib
Installing /tmp/tmp.h3JAIj8PRr/json-glib/json-glib/json-version-macros.h to /home/runner/work/layercraft/layercraft/native-prefix/include/json-glib-1.0/json-glib
Installing /tmp/tmp.h3JAIj8PRr/json-glib/json-glib/json-glib.h to /home/runner/work/layercraft/layercraft/native-prefix/include/json-glib-1.0/json-glib
Installing /tmp/tmp.h3JAIj8PRr/json-glib/_build-arm64-v8a/json-glib/json-version.h to /home/runner/work/layercraft/layercraft/native-prefix/include/json-glib-1.0/json-glib
Installing /tmp/tmp.h3JAIj8PRr/json-glib/_build-arm64-v8a/meson-private/json-glib-1.0.pc to /home/runner/work/layercraft/layercraft/native-prefix/lib/pkgconfig
== [3/7] libjpeg-turbo (gegl hard dep, no meson-wrap fallback) ==
Cloning into '/tmp/tmp.h3JAIj8PRr/libjpeg-turbo'...
-- The C compiler identification is Clang 21.0.0
-- Detecting C compiler ABI info
-- Detecting C compiler ABI info - done
-- Check for working C compiler: /usr/local/lib/android/sdk/ndk/29.0.14206865/toolchains/llvm/prebuilt/linux-x86_64/bin/clang - skipped
-- Detecting C compile features
-- Detecting C compile features - done
-- CMAKE_BUILD_TYPE = Release
-- VERSION = 3.2.1, BUILD = 20260904
-- 64-bit build (arm64)
-- CMAKE_INSTALL_PREFIX = /home/runner/work/layercraft/layercraft/native-prefix
-- CMAKE_INSTALL_BINDIR = bin (/home/runner/work/layercraft/layercraft/native-prefix/bin)
-- CMAKE_INSTALL_DATAROOTDIR = share (/home/runner/work/layercraft/layercraft/native-prefix/share)
-- CMAKE_INSTALL_DOCDIR = share/doc/libjpeg-turbo (/home/runner/work/layercraft/layercraft/native-prefix/share/doc/libjpeg-turbo)
-- CMAKE_INSTALL_INCLUDEDIR = include (/home/runner/work/layercraft/layercraft/native-prefix/include)
-- CMAKE_INSTALL_LIBDIR = lib (/home/runner/work/layercraft/layercraft/native-prefix/lib)
-- CMAKE_INSTALL_MANDIR = share/man (/home/runner/work/layercraft/layercraft/native-prefix/share/man)
-- Shared libraries enabled (ENABLE_SHARED = 1)
-- Static libraries disabled (ENABLE_STATIC = 0)
-- Arithmetic decoding support enabled (WITH_ARITH_DEC = 1)
-- Arithmetic encoding support enabled (WITH_ARITH_ENC = 1)
-- TurboJPEG API library disabled (WITH_TURBOJPEG = 0)
-- TurboJPEG Java Native Access interfaces (TurboJPEG/JNA) disabled
   (WITH_JNA = )
-- Command-line tools enabled (WITH_TOOLS = 1)
-- Regression tests enabled (WITH_TESTS = 1)
-- Emulating libjpeg API/ABI v6.2 (WITH_JPEG7 = 0, WITH_JPEG8 = 0)
-- libjpeg API shared library version = 62.4.0
-- Compiler flags = -g -DANDROID -fdata-sections -ffunction-sections -funwind-tables -fstack-protector-strong -no-canonical-prefixes -D_FORTIFY_SOURCE=2 -Wformat -Werror=format-security  -O3 -DNDEBUG 
-- Linker flags = -static-libstdc++ -Wl,--build-id=sha1 -Wl,--no-rosegment -Wl,--no-undefined-version -Wl,--fatal-warnings -Wl,--no-undefined -Qunused-arguments   -Wl,--gc-sections 
-- Looking for sys/types.h
-- Looking for sys/types.h - found
-- Looking for stdint.h
-- Looking for stdint.h - found
-- Looking for stddef.h
-- Looking for stddef.h - found
-- Check size of size_t
-- Check size of size_t - done
-- Check size of unsigned long
-- Check size of unsigned long - done
-- Performing Test HAVE_BUILTIN_CTZL
-- Performing Test HAVE_BUILTIN_CTZL - Success
-- Performing Test HIDDEN_WORKS
-- Performing Test HIDDEN_WORKS - Success
-- HIDDEN = __attribute__((visibility("hidden")))
-- Performing Test INLINE_WORKS
-- Performing Test INLINE_WORKS - Success
-- INLINE = __inline__ __attribute__((always_inline)) (FORCE_INLINE = 1)
-- Performing Test HAVE_THREAD_LOCAL
-- Performing Test HAVE_THREAD_LOCAL - Success
-- THREAD_LOCAL = __thread
-- Performing Test HAVE_VERSION_SCRIPT
-- Performing Test HAVE_VERSION_SCRIPT - Success
-- Linker supports GNU-style version scripts
-- CMAKE_EXECUTABLE_SUFFIX = 
-- SIMD extensions: None (WITH_SIMD = 0)
-- System-supplied libspng disabled (WITH_SYSTEM_SPNG = 0)
-- System-supplied zlib disabled (WITH_SYSTEM_ZLIB = 0)
-- Looking for fmemopen
-- Looking for fmemopen - found
-- FLOATTEST8 = fp-contract
-- FLOATTEST12 = fp-contract
-- Configuring done (1.1s)
-- Generating done (0.1s)
-- Build files have been written to: /tmp/tmp.h3JAIj8PRr/libjpeg-turbo/_build-arm64-v8a
[  1%] Building C object CMakeFiles/rdjpgcom.dir/src/rdjpgcom.c.o
[  2%] Building C object CMakeFiles/wrjpgcom.dir/src/wrjpgcom.c.o
[  3%] Building C object CMakeFiles/strtest.dir/src/strtest.c.o
[  3%] Building C object src/spng/CMakeFiles/zlib-static.dir/zlib/adler32.c.o
[  3%] Linking C executable strtest
[  4%] Building C object src/spng/CMakeFiles/zlib-static.dir/zlib/compress.c.o
[  4%] Linking C executable rdjpgcom
[  4%] Built target strtest
[  4%] Built target rdjpgcom
[  4%] Building C object src/spng/CMakeFiles/spng-static.dir/spng.c.o
[  4%] Linking C executable wrjpgcom
[  4%] Building C object src/spng/CMakeFiles/zlib-static.dir/zlib/crc32.c.o
[  5%] Building C object sharedlib/CMakeFiles/jpeg.dir/__/src/jcapimin.c.o
[  5%] Built target wrjpgcom
[  5%] Building C object sharedlib/CMakeFiles/jpeg.dir/__/src/wrapper/jcapistd-8.c.o
[  6%] Building C object sharedlib/CMakeFiles/jpeg.dir/__/src/wrapper/jcapistd-12.c.o
[  7%] Building C object sharedlib/spng/CMakeFiles/zlib.dir/__/__/src/spng/zlib/adler32.c.o
[  8%] Building C object src/spng/CMakeFiles/zlib-static.dir/zlib/deflate.c.o
[  8%] Building C object sharedlib/CMakeFiles/jpeg.dir/__/src/wrapper/jcapistd-16.c.o
[  8%] Building C object sharedlib/spng/CMakeFiles/zlib.dir/__/__/src/spng/zlib/compress.c.o
[  9%] Building C object sharedlib/CMakeFiles/jpeg.dir/__/src/wrapper/jccoefct-8.c.o
[ 10%] Building C object sharedlib/spng/CMakeFiles/zlib.dir/__/__/src/spng/zlib/crc32.c.o
[ 10%] Building C object sharedlib/CMakeFiles/jpeg.dir/__/src/wrapper/jccoefct-12.c.o
[ 10%] Building C object sharedlib/spng/CMakeFiles/zlib.dir/__/__/src/spng/zlib/deflate.c.o
[ 11%] Building C object sharedlib/CMakeFiles/jpeg.dir/__/src/wrapper/jccolor-8.c.o
[ 11%] Building C object src/spng/CMakeFiles/zlib-static.dir/zlib/inffast.c.o
[ 12%] Building C object src/spng/CMakeFiles/zlib-static.dir/zlib/inflate.c.o
[ 13%] Building C object sharedlib/spng/CMakeFiles/zlib.dir/__/__/src/spng/zlib/inffast.c.o
[ 13%] Building C object sharedlib/CMakeFiles/jpeg.dir/__/src/wrapper/jccolor-12.c.o
[ 13%] Building C object sharedlib/spng/CMakeFiles/zlib.dir/__/__/src/spng/zlib/inflate.c.o
[ 13%] Building C object src/spng/CMakeFiles/zlib-static.dir/zlib/inftrees.c.o
[ 14%] Building C object src/spng/CMakeFiles/zlib-static.dir/zlib/trees.c.o
[ 15%] Building C object sharedlib/CMakeFiles/jpeg.dir/__/src/wrapper/jccolor-16.c.o
[ 16%] Building C object sharedlib/spng/CMakeFiles/zlib.dir/__/__/src/spng/zlib/inftrees.c.o
[ 16%] Building C object sharedlib/spng/CMakeFiles/zlib.dir/__/__/src/spng/zlib/trees.c.o
[ 16%] Building C object sharedlib/CMakeFiles/jpeg.dir/__/src/wrapper/jcdctmgr-8.c.o
[ 17%] Building C object src/spng/CMakeFiles/zlib-static.dir/zlib/zutil.c.o
[ 17%] Built target zlib-static
[ 18%] Building C object sharedlib/spng/CMakeFiles/spng.dir/__/__/src/spng/spng.c.o
[ 19%] Building C object sharedlib/CMakeFiles/jpeg.dir/__/src/wrapper/jcdctmgr-12.c.o
[ 20%] Building C object sharedlib/spng/CMakeFiles/zlib.dir/__/__/src/spng/zlib/zutil.c.o
[ 20%] Built target spng-static
[ 20%] Building C object sharedlib/CMakeFiles/jpeg.dir/__/src/wrapper/jcdiffct-8.c.o
[ 20%] Built target zlib
[ 21%] Building C object src/md5/CMakeFiles/md5cmp.dir/md5cmp.c.o
[ 21%] Building C object src/md5/CMakeFiles/md5cmp.dir/md5.c.o
[ 22%] Building C object src/md5/CMakeFiles/md5sum.dir/md5sum.c.o
[ 23%] Building C object sharedlib/CMakeFiles/jpeg.dir/__/src/wrapper/jcdiffct-12.c.o
[ 23%] Building C object src/md5/CMakeFiles/md5sum.dir/md5.c.o
[ 24%] Building C object src/md5/CMakeFiles/md5cmp.dir/md5hl.c.o
[ 24%] Building C object sharedlib/CMakeFiles/jpeg.dir/__/src/wrapper/jcdiffct-16.c.o
[ 24%] Linking C executable ../../test/md5cmp
[ 25%] Building C object src/md5/CMakeFiles/md5sum.dir/md5hl.c.o
[ 25%] Built target md5cmp
[ 26%] Building C object sharedlib/CMakeFiles/jpeg.dir/__/src/jchuff.c.o
[ 26%] Building C object sharedlib/CMakeFiles/jpeg.dir/__/src/jcicc.c.o
[ 26%] Linking C executable ../../test/md5sum
[ 26%] Built target md5sum
[ 27%] Building C object sharedlib/CMakeFiles/jpeg.dir/__/src/jcinit.c.o
[ 27%] Building C object sharedlib/CMakeFiles/jpeg.dir/__/src/jclhuff.c.o
[ 28%] Building C object sharedlib/CMakeFiles/jpeg.dir/__/src/wrapper/jclossls-8.c.o
[ 28%] Building C object sharedlib/CMakeFiles/jpeg.dir/__/src/wrapper/jclossls-12.c.o
[ 29%] Building C object sharedlib/CMakeFiles/jpeg.dir/__/src/wrapper/jclossls-16.c.o
[ 29%] Building C object sharedlib/CMakeFiles/jpeg.dir/__/src/wrapper/jcmainct-8.c.o
[ 30%] Building C object sharedlib/CMakeFiles/jpeg.dir/__/src/wrapper/jcmainct-12.c.o
[ 31%] Building C object sharedlib/CMakeFiles/jpeg.dir/__/src/wrapper/jcmainct-16.c.o
[ 31%] Building C object sharedlib/CMakeFiles/jpeg.dir/__/src/jcmarker.c.o
[ 32%] Building C object sharedlib/CMakeFiles/jpeg.dir/__/src/jcmaster.c.o
[ 32%] Building C object sharedlib/CMakeFiles/jpeg.dir/__/src/jcomapi.c.o
[ 33%] Building C object sharedlib/CMakeFiles/jpeg.dir/__/src/jcparam.c.o
[ 33%] Building C object sharedlib/CMakeFiles/jpeg.dir/__/src/jcphuff.c.o
[ 34%] Building C object sharedlib/CMakeFiles/jpeg.dir/__/src/wrapper/jcprepct-8.c.o
[ 34%] Building C object sharedlib/CMakeFiles/jpeg.dir/__/src/wrapper/jcprepct-12.c.o
[ 35%] Building C object sharedlib/CMakeFiles/jpeg.dir/__/src/wrapper/jcprepct-16.c.o
[ 35%] Building C object sharedlib/CMakeFiles/jpeg.dir/__/src/wrapper/jcsample-8.c.o
[ 35%] Built target spng
[ 36%] Building C object sharedlib/CMakeFiles/jpeg.dir/__/src/wrapper/jcsample-12.c.o
[ 36%] Building C object sharedlib/CMakeFiles/jpeg.dir/__/src/wrapper/jcsample-16.c.o
[ 37%] Building C object sharedlib/CMakeFiles/jpeg.dir/__/src/jctrans.c.o
[ 37%] Building C object sharedlib/CMakeFiles/jpeg.dir/__/src/jdapimin.c.o
[ 38%] Building C object sharedlib/CMakeFiles/jpeg.dir/__/src/wrapper/jdapistd-8.c.o
[ 38%] Building C object sharedlib/CMakeFiles/jpeg.dir/__/src/wrapper/jdapistd-12.c.o
[ 39%] Building C object sharedlib/CMakeFiles/jpeg.dir/__/src/wrapper/jdapistd-16.c.o
[ 39%] Building C object sharedlib/CMakeFiles/jpeg.dir/__/src/jdatadst.c.o
[ 40%] Building C object sharedlib/CMakeFiles/jpeg.dir/__/src/jdatasrc.c.o
[ 40%] Building C object sharedlib/CMakeFiles/jpeg.dir/__/src/wrapper/jdcoefct-8.c.o
[ 41%] Building C object sharedlib/CMakeFiles/jpeg.dir/__/src/wrapper/jdcoefct-12.c.o
[ 41%] Building C object sharedlib/CMakeFiles/jpeg.dir/__/src/wrapper/jdcolor-8.c.o
[ 42%] Building C object sharedlib/CMakeFiles/jpeg.dir/__/src/wrapper/jdcolor-12.c.o
[ 42%] Building C object sharedlib/CMakeFiles/jpeg.dir/__/src/wrapper/jdcolor-16.c.o
[ 43%] Building C object sharedlib/CMakeFiles/jpeg.dir/__/src/wrapper/jddctmgr-8.c.o
[ 43%] Building C object sharedlib/CMakeFiles/jpeg.dir/__/src/wrapper/jddctmgr-12.c.o
[ 44%] Building C object sharedlib/CMakeFiles/jpeg.dir/__/src/wrapper/jddiffct-8.c.o
[ 44%] Building C object sharedlib/CMakeFiles/jpeg.dir/__/src/wrapper/jddiffct-12.c.o
[ 45%] Building C object sharedlib/CMakeFiles/jpeg.dir/__/src/wrapper/jddiffct-16.c.o
[ 45%] Building C object sharedlib/CMakeFiles/jpeg.dir/__/src/jdhuff.c.o
[ 46%] Building C object sharedlib/CMakeFiles/jpeg.dir/__/src/jdicc.c.o
[ 46%] Building C object sharedlib/CMakeFiles/jpeg.dir/__/src/jdinput.c.o
[ 47%] Building C object sharedlib/CMakeFiles/jpeg.dir/__/src/jdlhuff.c.o
[ 47%] Building C object sharedlib/CMakeFiles/jpeg.dir/__/src/wrapper/jdlossls-8.c.o
[ 48%] Building C object sharedlib/CMakeFiles/jpeg.dir/__/src/wrapper/jdlossls-12.c.o
[ 48%] Building C object sharedlib/CMakeFiles/jpeg.dir/__/src/wrapper/jdlossls-16.c.o
[ 49%] Building C object sharedlib/CMakeFiles/jpeg.dir/__/src/wrapper/jdmainct-8.c.o
[ 49%] Building C object sharedlib/CMakeFiles/jpeg.dir/__/src/wrapper/jdmainct-12.c.o
[ 50%] Building C object sharedlib/CMakeFiles/jpeg.dir/__/src/wrapper/jdmainct-16.c.o
[ 51%] Building C object sharedlib/CMakeFiles/jpeg.dir/__/src/jdmarker.c.o
[ 51%] Building C object sharedlib/CMakeFiles/jpeg.dir/__/src/jdmaster.c.o
[ 52%] Building C object sharedlib/CMakeFiles/jpeg.dir/__/src/wrapper/jdmerge-8.c.o
[ 52%] Building C object sharedlib/CMakeFiles/jpeg.dir/__/src/wrapper/jdmerge-12.c.o
[ 53%] Building C object sharedlib/CMakeFiles/jpeg.dir/__/src/jdphuff.c.o
[ 53%] Building C object sharedlib/CMakeFiles/jpeg.dir/__/src/wrapper/jdpostct-8.c.o
[ 54%] Building C object sharedlib/CMakeFiles/jpeg.dir/__/src/wrapper/jdpostct-12.c.o
[ 54%] Building C object sharedlib/CMakeFiles/jpeg.dir/__/src/wrapper/jdpostct-16.c.o
[ 55%] Building C object sharedlib/CMakeFiles/jpeg.dir/__/src/wrapper/jdsample-8.c.o
[ 55%] Building C object sharedlib/CMakeFiles/jpeg.dir/__/src/wrapper/jdsample-12.c.o
[ 56%] Building C object sharedlib/CMakeFiles/jpeg.dir/__/src/wrapper/jdsample-16.c.o
[ 56%] Building C object sharedlib/CMakeFiles/jpeg.dir/__/src/jdtrans.c.o
[ 57%] Building C object sharedlib/CMakeFiles/jpeg.dir/__/src/jerror.c.o
[ 57%] Building C object sharedlib/CMakeFiles/jpeg.dir/__/src/jfdctflt.c.o
[ 58%] Building C object sharedlib/CMakeFiles/jpeg.dir/__/src/wrapper/jfdctfst-8.c.o
[ 58%] Building C object sharedlib/CMakeFiles/jpeg.dir/__/src/wrapper/jfdctfst-12.c.o
[ 59%] Building C object sharedlib/CMakeFiles/jpeg.dir/__/src/wrapper/jfdctint-8.c.o
[ 59%] Building C object sharedlib/CMakeFiles/jpeg.dir/__/src/wrapper/jfdctint-12.c.o
[ 60%] Building C object sharedlib/CMakeFiles/jpeg.dir/__/src/wrapper/jidctflt-8.c.o
[ 60%] Building C object sharedlib/CMakeFiles/jpeg.dir/__/src/wrapper/jidctflt-12.c.o
[ 61%] Building C object sharedlib/CMakeFiles/jpeg.dir/__/src/wrapper/jidctfst-12.c.o
[ 61%] Building C object sharedlib/CMakeFiles/jpeg.dir/__/src/wrapper/jidctfst-8.c.o
[ 62%] Building C object sharedlib/CMakeFiles/jpeg.dir/__/src/wrapper/jidctint-8.c.o
[ 62%] Building C object sharedlib/CMakeFiles/jpeg.dir/__/src/wrapper/jidctint-12.c.o
[ 63%] Building C object sharedlib/CMakeFiles/jpeg.dir/__/src/wrapper/jidctred-8.c.o
[ 63%] Building C object sharedlib/CMakeFiles/jpeg.dir/__/src/wrapper/jidctred-12.c.o
[ 64%] Building C object sharedlib/CMakeFiles/jpeg.dir/__/src/jmemmgr.c.o
[ 64%] Building C object sharedlib/CMakeFiles/jpeg.dir/__/src/jmemnobs.c.o
[ 65%] Building C object sharedlib/CMakeFiles/jpeg.dir/__/src/jpeg_nbits.c.o
[ 65%] Building C object sharedlib/CMakeFiles/jpeg.dir/__/src/wrapper/jquant1-8.c.o
[ 66%] Building C object sharedlib/CMakeFiles/jpeg.dir/__/src/wrapper/jquant1-12.c.o
[ 66%] Building C object sharedlib/CMakeFiles/jpeg.dir/__/src/wrapper/jquant2-8.c.o
[ 67%] Building C object sharedlib/CMakeFiles/jpeg.dir/__/src/wrapper/jquant2-12.c.o
[ 67%] Building C object sharedlib/CMakeFiles/jpeg.dir/__/src/wrapper/jutils-8.c.o
[ 68%] Building C object sharedlib/CMakeFiles/jpeg.dir/__/src/wrapper/jutils-12.c.o
[ 68%] Building C object sharedlib/CMakeFiles/jpeg.dir/__/src/wrapper/jutils-16.c.o
[ 69%] Building C object sharedlib/CMakeFiles/jpeg.dir/__/src/jaricom.c.o
[ 69%] Building C object sharedlib/CMakeFiles/jpeg.dir/__/src/jcarith.c.o
[ 70%] Building C object sharedlib/CMakeFiles/jpeg.dir/__/src/jdarith.c.o
[ 71%] Linking C shared library ../libjpeg.so
[ 71%] Built target jpeg
[ 72%] Building C object sharedlib/CMakeFiles/cjpeg.dir/__/src/cjpeg.c.o
[ 72%] Building C object sharedlib/CMakeFiles/jpegtran.dir/__/src/jpegtran.c.o
[ 73%] Building C object sharedlib/CMakeFiles/example.dir/__/src/example.c.o
[ 73%] Building C object sharedlib/CMakeFiles/djpeg.dir/__/src/djpeg.c.o
[ 73%] Linking C executable ../example
[ 73%] Built target example
[ 74%] Building C object sharedlib/CMakeFiles/jcstest.dir/__/src/jcstest.c.o
[ 75%] Building C object sharedlib/CMakeFiles/jpegtran.dir/__/src/cdjpeg.c.o
[ 75%] Building C object sharedlib/CMakeFiles/cjpeg.dir/__/src/cdjpeg.c.o
[ 75%] Linking C executable ../jcstest
[ 76%] Building C object sharedlib/CMakeFiles/djpeg.dir/__/src/cdjpeg.c.o
[ 76%] Building C object sharedlib/CMakeFiles/jpegtran.dir/__/src/rdswitch.c.o
[ 77%] Building C object sharedlib/CMakeFiles/cjpeg.dir/__/src/rdbmp.c.o
[ 77%] Built target jcstest
[ 77%] Building C object sharedlib/CMakeFiles/cjpeg.dir/__/src/rdgif.c.o
[ 77%] Building C object sharedlib/CMakeFiles/djpeg.dir/__/src/wrapper/rdcolmap-8.c.o
[ 78%] Building C object sharedlib/CMakeFiles/jpegtran.dir/__/src/transupp.c.o
[ 79%] Building C object sharedlib/CMakeFiles/djpeg.dir/__/src/wrapper/rdcolmap-12.c.o
[ 80%] Building C object sharedlib/CMakeFiles/djpeg.dir/__/src/rdswitch.c.o
[ 81%] Building C object sharedlib/CMakeFiles/cjpeg.dir/__/src/wrapper/rdpng-8.c.o
[ 81%] Building C object sharedlib/CMakeFiles/bmpsizetest.dir/__/src/bmpsizetest.c.o
[ 81%] Building C object sharedlib/CMakeFiles/djpeg.dir/__/src/wrbmp.c.o
[ 82%] Building C object sharedlib/CMakeFiles/djpeg.dir/__/src/wrapper/wrgif-8.c.o
[ 82%] Building C object sharedlib/CMakeFiles/cjpeg.dir/__/src/wrapper/rdpng-12.c.o
[ 82%] Building C object sharedlib/CMakeFiles/djpeg.dir/__/src/wrapper/wrgif-12.c.o
[ 83%] Building C object sharedlib/CMakeFiles/bmpsizetest.dir/__/src/rdbmp.c.o
[ 84%] Building C object sharedlib/CMakeFiles/cjpeg.dir/__/src/wrapper/rdpng-16.c.o
[ 85%] Building C object sharedlib/CMakeFiles/djpeg.dir/__/src/wrapper/wrpng-8.c.o
[ 85%] Building C object sharedlib/CMakeFiles/djpeg.dir/__/src/wrapper/wrpng-12.c.o
[ 85%] Building C object sharedlib/CMakeFiles/bmpsizetest.dir/__/src/wrbmp.c.o
[ 85%] Building C object sharedlib/CMakeFiles/cjpeg.dir/__/src/wrapper/rdppm-8.c.o
[ 86%] Building C object sharedlib/CMakeFiles/djpeg.dir/__/src/wrapper/wrpng-16.c.o
[ 87%] Building C object sharedlib/CMakeFiles/bmpsizetest.dir/__/src/rdgif.c.o
[ 87%] Building C object sharedlib/CMakeFiles/djpeg.dir/__/src/wrapper/wrppm-8.c.o
[ 87%] Building C object sharedlib/CMakeFiles/bmpsizetest.dir/__/src/wrapper/wrgif-8.c.o
[ 88%] Building C object sharedlib/CMakeFiles/cjpeg.dir/__/src/wrapper/rdppm-12.c.o
[ 89%] Building C object sharedlib/CMakeFiles/djpeg.dir/__/src/wrapper/wrppm-12.c.o
[ 90%] Building C object sharedlib/CMakeFiles/bmpsizetest.dir/__/src/wrapper/wrgif-12.c.o
[ 90%] Building C object sharedlib/CMakeFiles/bmpsizetest.dir/__/src/wrapper/rdpng-8.c.o
[ 90%] Building C object sharedlib/CMakeFiles/djpeg.dir/__/src/wrapper/wrppm-16.c.o
[ 91%] Building C object sharedlib/CMakeFiles/djpeg.dir/__/src/wrtarga.c.o
[ 91%] Building C object sharedlib/CMakeFiles/cjpeg.dir/__/src/wrapper/rdppm-16.c.o
[ 91%] Linking C executable ../djpeg
[ 92%] Building C object sharedlib/CMakeFiles/bmpsizetest.dir/__/src/wrapper/rdpng-12.c.o
[ 92%] Linking C executable ../jpegtran
[ 92%] Built target djpeg
[ 92%] Building C object sharedlib/CMakeFiles/bmpsizetest.dir/__/src/wrapper/rdpng-16.c.o
[ 92%] Built target jpegtran
[ 93%] Building C object sharedlib/CMakeFiles/cjpeg.dir/__/src/rdswitch.c.o
[ 94%] Building C object sharedlib/CMakeFiles/bmpsizetest.dir/__/src/wrapper/wrpng-8.c.o
[ 94%] Building C object sharedlib/CMakeFiles/cjpeg.dir/__/src/rdtarga.c.o
[ 94%] Building C object sharedlib/CMakeFiles/bmpsizetest.dir/__/src/wrapper/wrpng-12.c.o
[ 95%] Building C object sharedlib/CMakeFiles/bmpsizetest.dir/__/src/wrapper/wrpng-16.c.o
[ 96%] Linking C executable ../cjpeg
[ 96%] Built target cjpeg
[ 96%] Building C object sharedlib/CMakeFiles/bmpsizetest.dir/__/src/wrapper/rdppm-8.c.o
[ 97%] Building C object sharedlib/CMakeFiles/bmpsizetest.dir/__/src/wrapper/rdppm-12.c.o
[ 97%] Building C object sharedlib/CMakeFiles/bmpsizetest.dir/__/src/wrapper/rdppm-16.c.o
[ 98%] Building C object sharedlib/CMakeFiles/bmpsizetest.dir/__/src/wrapper/wrppm-8.c.o
[ 98%] Building C object sharedlib/CMakeFiles/bmpsizetest.dir/__/src/wrapper/wrppm-12.c.o
[ 99%] Building C object sharedlib/CMakeFiles/bmpsizetest.dir/__/src/wrapper/wrppm-16.c.o
[ 99%] Building C object sharedlib/CMakeFiles/bmpsizetest.dir/__/src/rdtarga.c.o
[100%] Building C object sharedlib/CMakeFiles/bmpsizetest.dir/__/src/wrtarga.c.o
[100%] Linking C executable ../bmpsizetest
[100%] Built target bmpsizetest
-- Install configuration: "Release"
-- Installing: /home/runner/work/layercraft/layercraft/native-prefix/lib/libjpeg.so
-- Installing: /home/runner/work/layercraft/layercraft/native-prefix/bin/cjpeg
-- Installing: /home/runner/work/layercraft/layercraft/native-prefix/bin/djpeg
-- Installing: /home/runner/work/layercraft/layercraft/native-prefix/bin/jpegtran
-- Installing: /home/runner/work/layercraft/layercraft/native-prefix/bin/rdjpgcom
-- Installing: /home/runner/work/layercraft/layercraft/native-prefix/bin/wrjpgcom
-- Installing: /home/runner/work/layercraft/layercraft/native-prefix/share/doc/libjpeg-turbo/README.ijg
-- Installing: /home/runner/work/layercraft/layercraft/native-prefix/share/doc/libjpeg-turbo/README.md
-- Installing: /home/runner/work/layercraft/layercraft/native-prefix/share/doc/libjpeg-turbo/example.c
-- Installing: /home/runner/work/layercraft/layercraft/native-prefix/share/doc/libjpeg-turbo/libjpeg.txt
-- Installing: /home/runner/work/layercraft/layercraft/native-prefix/share/doc/libjpeg-turbo/structure.txt
-- Installing: /home/runner/work/layercraft/layercraft/native-prefix/share/doc/libjpeg-turbo/usage.txt
-- Installing: /home/runner/work/layercraft/layercraft/native-prefix/share/doc/libjpeg-turbo/wizard.txt
-- Installing: /home/runner/work/layercraft/layercraft/native-prefix/share/doc/libjpeg-turbo/LICENSE.md
-- Installing: /home/runner/work/layercraft/layercraft/native-prefix/share/man/man1/cjpeg.1
-- Installing: /home/runner/work/layercraft/layercraft/native-prefix/share/man/man1/djpeg.1
-- Installing: /home/runner/work/layercraft/layercraft/native-prefix/share/man/man1/jpegtran.1
-- Installing: /home/runner/work/layercraft/layercraft/native-prefix/share/man/man1/rdjpgcom.1
-- Installing: /home/runner/work/layercraft/layercraft/native-prefix/share/man/man1/wrjpgcom.1
-- Installing: /home/runner/work/layercraft/layercraft/native-prefix/lib/pkgconfig/libjpeg.pc
-- Installing: /home/runner/work/layercraft/layercraft/native-prefix/lib/cmake/libjpeg-turbo/libjpeg-turboConfig.cmake
-- Installing: /home/runner/work/layercraft/layercraft/native-prefix/lib/cmake/libjpeg-turbo/libjpeg-turboConfigVersion.cmake
-- Installing: /home/runner/work/layercraft/layercraft/native-prefix/lib/cmake/libjpeg-turbo/libjpeg-turboTargets.cmake
-- Installing: /home/runner/work/layercraft/layercraft/native-prefix/lib/cmake/libjpeg-turbo/libjpeg-turboTargets-release.cmake
-- Installing: /home/runner/work/layercraft/layercraft/native-prefix/include/jconfig.h
-- Installing: /home/runner/work/layercraft/layercraft/native-prefix/include/jerror.h
-- Installing: /home/runner/work/layercraft/layercraft/native-prefix/include/jmorecfg.h
-- Installing: /home/runner/work/layercraft/layercraft/native-prefix/include/jpeglib.h
== [4/7] zlib (libpng hard dep; NDK sysroot has libz.so but no .pc file) ==
Cloning into '/tmp/tmp.h3JAIj8PRr/zlib'...
-- The C compiler identification is Clang 21.0.0
-- Detecting C compiler ABI info
-- Detecting C compiler ABI info - done
-- Check for working C compiler: /usr/local/lib/android/sdk/ndk/29.0.14206865/toolchains/llvm/prebuilt/linux-x86_64/bin/clang - skipped
-- Detecting C compile features
-- Detecting C compile features - done
-- Looking for sys/types.h
-- Looking for sys/types.h - found
-- Looking for stdint.h
-- Looking for stdint.h - found
-- Looking for stddef.h
-- Looking for stddef.h - found
-- Check size of off64_t
-- Check size of off64_t - done
-- Looking for fseeko
-- Looking for fseeko - found
-- Looking for stdarg.h
-- Looking for stdarg.h - found
-- Looking for unistd.h
-- Looking for unistd.h - found
-- Performing Test HAVE___ATTR__VIS_HIDDEN
-- Performing Test HAVE___ATTR__VIS_HIDDEN - Success
-- Configuring done (0.6s)
-- Generating done (0.0s)
CMake Warning:
  Manually-specified variables were not used by the project:

    ZLIB_BUILD_EXAMPLES


-- Build files have been written to: /tmp/tmp.h3JAIj8PRr/zlib/_build-arm64-v8a
[  2%] Building C object CMakeFiles/zlib.dir/adler32.c.o
[  6%] Building C object CMakeFiles/zlib.dir/compress.c.o
[  6%] Building C object CMakeFiles/zlibstatic.dir/adler32.c.o
[  9%] Building C object CMakeFiles/zlib.dir/crc32.c.o
[ 11%] Building C object CMakeFiles/zlib.dir/deflate.c.o
[ 15%] Building C object CMakeFiles/zlibstatic.dir/compress.c.o
[ 15%] Building C object CMakeFiles/zlib.dir/gzclose.c.o
[ 18%] Building C object CMakeFiles/zlib.dir/gzlib.c.o
[ 20%] Building C object CMakeFiles/zlib.dir/gzread.c.o
[ 22%] Building C object CMakeFiles/zlibstatic.dir/crc32.c.o
[ 25%] Building C object CMakeFiles/zlib.dir/gzwrite.c.o
[ 27%] Building C object CMakeFiles/zlibstatic.dir/deflate.c.o
[ 29%] Building C object CMakeFiles/zlibstatic.dir/gzclose.c.o
[ 31%] Building C object CMakeFiles/zlib.dir/inflate.c.o
[ 34%] Building C object CMakeFiles/zlib.dir/infback.c.o
[ 36%] Building C object CMakeFiles/zlib.dir/inftrees.c.o
[ 38%] Building C object CMakeFiles/zlib.dir/inffast.c.o
[ 40%] Building C object CMakeFiles/zlib.dir/trees.c.o
[ 43%] Building C object CMakeFiles/zlibstatic.dir/gzlib.c.o
[ 45%] Building C object CMakeFiles/zlibstatic.dir/gzread.c.o
[ 47%] Building C object CMakeFiles/zlibstatic.dir/gzwrite.c.o
[ 50%] Building C object CMakeFiles/zlib.dir/uncompr.c.o
[ 52%] Building C object CMakeFiles/zlibstatic.dir/inflate.c.o
[ 54%] Building C object CMakeFiles/zlib.dir/zutil.c.o
[ 56%] Building C object CMakeFiles/zlibstatic.dir/infback.c.o
[ 59%] Building C object CMakeFiles/zlibstatic.dir/inftrees.c.o
[ 61%] Linking C shared library libz.so
[ 61%] Built target zlib
[ 63%] Building C object CMakeFiles/zlibstatic.dir/inffast.c.o
[ 65%] Building C object test/CMakeFiles/zlib_example.dir/example.c.o
[ 68%] Building C object CMakeFiles/zlibstatic.dir/trees.c.o
[ 70%] Building C object test/CMakeFiles/zlib_minigzip.dir/minigzip.c.o
[ 72%] Linking C executable zlib_example
[ 72%] Built target zlib_example
[ 75%] Building C object CMakeFiles/zlibstatic.dir/uncompr.c.o
[ 77%] Linking C executable minigzip
[ 77%] Built target zlib_minigzip
[ 79%] Building C object test/CMakeFiles/zlib_example64.dir/example.c.o
[ 81%] Building C object CMakeFiles/zlibstatic.dir/zutil.c.o
[ 84%] Linking C static library libz.a
[ 86%] Linking C executable zlib_example64
[ 86%] Built target zlibstatic
[ 88%] Building C object test/CMakeFiles/zlib_examplestatic.dir/example.c.o
[ 90%] Building C object test/CMakeFiles/zlib_minigzipstatic.dir/minigzip.c.o
[ 93%] Building C object test/CMakeFiles/zlib_example64static.dir/example.c.o
[ 93%] Built target zlib_example64
[ 95%] Linking C executable minigzipstatic
[ 95%] Built target zlib_minigzipstatic
[ 97%] Linking C executable zlib_examplestatic
[100%] Linking C executable zlib_example64static
[100%] Built target zlib_example64static
[100%] Built target zlib_examplestatic
-- Install configuration: "Release"
-- Installing: /home/runner/work/layercraft/layercraft/native-prefix/lib/libz.so
-- Installing: /home/runner/work/layercraft/layercraft/native-prefix/lib/cmake/zlib/ZLIB-shared.cmake
-- Installing: /home/runner/work/layercraft/layercraft/native-prefix/lib/cmake/zlib/ZLIB-shared-release.cmake
-- Installing: /home/runner/work/layercraft/layercraft/native-prefix/lib/libz.a
-- Installing: /home/runner/work/layercraft/layercraft/native-prefix/lib/cmake/zlib/ZLIB-static.cmake
-- Installing: /home/runner/work/layercraft/layercraft/native-prefix/lib/cmake/zlib/ZLIB-static-release.cmake
-- Installing: /home/runner/work/layercraft/layercraft/native-prefix/lib/cmake/zlib/ZLIBConfig.cmake
-- Installing: /home/runner/work/layercraft/layercraft/native-prefix/lib/cmake/zlib/ZLIBConfigVersion.cmake
-- Installing: /home/runner/work/layercraft/layercraft/native-prefix/include/zconf.h
-- Installing: /home/runner/work/layercraft/layercraft/native-prefix/include/zlib.h
-- Installing: /home/runner/work/layercraft/layercraft/native-prefix/share/man/man3/zlib.3
-- Installing: /home/runner/work/layercraft/layercraft/native-prefix/share/doc/zlib/zlib/LICENSE
-- Installing: /home/runner/work/layercraft/layercraft/native-prefix/share/doc/zlib/zlib/algorithm.txt
-- Installing: /home/runner/work/layercraft/layercraft/native-prefix/share/doc/zlib/zlib/crc-doc.1.0.pdf
-- Installing: /home/runner/work/layercraft/layercraft/native-prefix/share/doc/zlib/zlib/rfc1950.txt
-- Installing: /home/runner/work/layercraft/layercraft/native-prefix/share/doc/zlib/zlib/rfc1951.txt
-- Installing: /home/runner/work/layercraft/layercraft/native-prefix/share/doc/zlib/zlib/rfc1952.txt
-- Installing: /home/runner/work/layercraft/layercraft/native-prefix/share/doc/zlib/zlib/txtvsbin.txt
-- Installing: /home/runner/work/layercraft/layercraft/native-prefix/lib/pkgconfig/zlib.pc
== [5/7] libpng (gegl hard dep, no meson-wrap fallback) ==
Cloning into '/tmp/tmp.h3JAIj8PRr/libpng'...
-- The C compiler identification is Clang 21.0.0
-- Detecting C compiler ABI info
-- Detecting C compiler ABI info - done
-- Check for working C compiler: /usr/local/lib/android/sdk/ndk/29.0.14206865/toolchains/llvm/prebuilt/linux-x86_64/bin/clang - skipped
-- Detecting C compile features
-- Detecting C compile features - done
-- Building for target architecture: aarch64
-- Found ZLIB: /home/runner/work/layercraft/layercraft/native-prefix/lib/libz.so (found version "1.3.2.1")
-- Looking for pow in m
-- Looking for pow in m - found
-- Using standard libconf header: /tmp/tmp.h3JAIj8PRr/libpng/pnglibconf.h.prebuilt
-- Configuring done (0.2s)
-- Generating done (0.0s)
-- Build files have been written to: /tmp/tmp.h3JAIj8PRr/libpng/_build-arm64-v8a
[  0%] Built target png_genfiles
[  5%] Building C object CMakeFiles/png_shared.dir/png.c.o
[ 11%] Building C object CMakeFiles/png_shared.dir/pngerror.c.o
[ 17%] Building C object CMakeFiles/png_shared.dir/pngget.c.o
[ 23%] Building C object CMakeFiles/png_shared.dir/pngmem.c.o
[ 29%] Building C object CMakeFiles/png_shared.dir/pngpread.c.o
[ 35%] Building C object CMakeFiles/png_shared.dir/pngread.c.o
[ 41%] Building C object CMakeFiles/png_shared.dir/pngrio.c.o
[ 47%] Building C object CMakeFiles/png_shared.dir/pngrtran.c.o
[ 52%] Building C object CMakeFiles/png_shared.dir/pngrutil.c.o
[ 58%] Building C object CMakeFiles/png_shared.dir/pngset.c.o
[ 64%] Building C object CMakeFiles/png_shared.dir/pngtrans.c.o
[ 70%] Building C object CMakeFiles/png_shared.dir/pngwio.c.o
[ 76%] Building C object CMakeFiles/png_shared.dir/pngwrite.c.o
[ 82%] Building C object CMakeFiles/png_shared.dir/pngwtran.c.o
[ 88%] Building C object CMakeFiles/png_shared.dir/pngwutil.c.o
[ 94%] Building C object CMakeFiles/png_shared.dir/pngsimd.c.o
[100%] Linking C shared library libpng18.so
[100%] Built target png_shared
-- Install configuration: "Release"
-- Installing: /home/runner/work/layercraft/layercraft/native-prefix/lib/libpng18.so
-- Installing: /home/runner/work/layercraft/layercraft/native-prefix/lib/libpng.so
-- Installing: /home/runner/work/layercraft/layercraft/native-prefix/include/png.h
-- Installing: /home/runner/work/layercraft/layercraft/native-prefix/include/pngconf.h
-- Installing: /home/runner/work/layercraft/layercraft/native-prefix/include/pnglibconf.h
-- Installing: /home/runner/work/layercraft/layercraft/native-prefix/include/libpng18/png.h
-- Installing: /home/runner/work/layercraft/layercraft/native-prefix/include/libpng18/pngconf.h
-- Installing: /home/runner/work/layercraft/layercraft/native-prefix/include/libpng18/pnglibconf.h
-- Installing: /home/runner/work/layercraft/layercraft/native-prefix/bin/libpng-config
-- Installing: /home/runner/work/layercraft/layercraft/native-prefix/bin/libpng18-config
-- Installing: /home/runner/work/layercraft/layercraft/native-prefix/share/man/man3/libpng.3
-- Installing: /home/runner/work/layercraft/layercraft/native-prefix/share/man/man5/png.5
-- Installing: /home/runner/work/layercraft/layercraft/native-prefix/lib/pkgconfig/libpng.pc
-- Up-to-date: /home/runner/work/layercraft/layercraft/native-prefix/bin/libpng-config
-- Installing: /home/runner/work/layercraft/layercraft/native-prefix/lib/pkgconfig/libpng18.pc
-- Up-to-date: /home/runner/work/layercraft/layercraft/native-prefix/bin/libpng18-config
-- Installing: /home/runner/work/layercraft/layercraft/native-prefix/lib/libpng/libpng18.cmake
-- Installing: /home/runner/work/layercraft/layercraft/native-prefix/lib/libpng/libpng18-release.cmake
-- Up-to-date: /home/runner/work/layercraft/layercraft/native-prefix/lib/libpng18.so
-- Installing: /home/runner/work/layercraft/layercraft/native-prefix/lib/cmake/PNG/PNGTargets.cmake
-- Installing: /home/runner/work/layercraft/layercraft/native-prefix/lib/cmake/PNG/PNGTargets-release.cmake
-- Installing: /home/runner/work/layercraft/layercraft/native-prefix/lib/cmake/PNG/PNGConfig.cmake
-- Installing: /home/runner/work/layercraft/layercraft/native-prefix/lib/cmake/PNG/PNGConfigVersion.cmake
== [6/7] babl ==
Cloning into '/tmp/tmp.h3JAIj8PRr/babl'...
DEPRECATION: "pkgconfig" entry is deprecated and should be replaced by "pkg-config"
The Meson build system
Version: 1.12.0
Source dir: /tmp/tmp.h3JAIj8PRr/babl
Build dir: /tmp/tmp.h3JAIj8PRr/babl/_build-arm64-v8a
Build type: cross build
Project name: babl
Project version: 0.1.129
C compiler for the host machine: /usr/local/lib/android/sdk/ndk/29.0.14206865/toolchains/llvm/prebuilt/linux-x86_64/bin/aarch64-linux-android28-clang (clang 21.0.0 "Android (13989888, +pgo, +bolt, +lto, +mlgo, based on r563880c) clang version 21.0.0 (https://android.googlesource.com/toolchain/llvm-project 5e96669f06077099aa41290cdb4c5e6fa0f59349)")
C linker for the host machine: /usr/local/lib/android/sdk/ndk/29.0.14206865/toolchains/llvm/prebuilt/linux-x86_64/bin/aarch64-linux-android28-clang ld.lld 21.0.0
C compiler for the build machine: cc (gcc 13.3.0 "cc (Ubuntu 13.3.0-6ubuntu2~24.04.1) 13.3.0")
C linker for the build machine: cc ld.bfd 2.42
Build machine cpu family: x86_64
Build machine cpu: x86_64
Host machine cpu family: aarch64
Host machine cpu: aarch64
Target machine cpu family: aarch64
Target machine cpu: aarch64
Program python3 found: YES (/usr/bin/python3)
Message: Host os: android
Message: Build os: linux
Compiler for C supports arguments -fno-unsafe-math-optimizations: YES 
Compiler for C supports arguments -ftree-vectorize: YES 
Compiler for C supports arguments -Wdeclaration-after-statement: YES 
Compiler for C supports arguments -Winit-self: YES 
Compiler for C supports arguments -Wmissing-declarations: YES 
Compiler for C supports arguments -Wmissing-prototypes: YES 
Compiler for C supports arguments -Wold-style-definition: YES 
Compiler for C supports arguments -Wpointer-arith: YES 
Compiler for C supports arguments -mfpu=neon-fp-armv8: NO 
Compiler for C supports arguments -ftree-vectorize: YES (cached)
Compiler for C supports arguments -mmmx: NO 
Has header "stdatomic.h" : YES 
Has header "dlfcn.h" : YES 
Has header "dl.h" : NO 
Checking for function "gettimeofday" : YES 
Checking for function "srandom" : YES 
Library m found: YES
Run-time dependency threads found: YES
Library log found: YES
Library dl found: YES
Found pkg-config: YES (/usr/bin/pkg-config) 1.8.1
Found CMake: NO
Run-time dependency gobject-introspection-1.0 found: NO  (tried pkg-config and cmake)
Run-time dependency lcms2 found: NO  (tried pkg-config and cmake)
Run-time dependency vapigen found: NO  (tried pkg-config and cmake)
Program git found: YES (/usr/bin/git)
Program rsvg-convert found: NO
Program w3m found: NO
Program gi-docgen found: NO
Configuring config.h using configuration
Program tools/gen_babl_map.py found: YES (/usr/bin/python3 /tmp/tmp.h3JAIj8PRr/babl/tools/gen_babl_map.py)
Checking if "-Wl,--version-script" links: YES 
Configuring babl-version.h using configuration
Program nm found: YES (/usr/bin/nm)
Found pkg-config: YES (/usr/bin/pkg-config) 1.8.1
Build targets in project: 73
NOTICE: Future-deprecated features used:
 * 0.62.0: {'pkgconfig.generate variable for builtin directories'}

babl 0.1.129

  Directories
    prefix                  : /home/runner/work/layercraft/layercraft/native-prefix
    libdir                  : lib

  Optional features
    BABL docs (babl website): false
    gi-docgen               : false
    Introspection           : false
    VALA support            : false
    Debug symbols format    : Disabled
    relocatable             : false

  Processor extensions
    mmx                     : false
    sse                     : false
    sse2                    : false
    sse4_1                  : false
    avx2                    : false
    f16c (half fp)          : false

  Optional dependencies
    lcms                    : false

  User defined options
    Cross files             : /tmp/tmp.h3JAIj8PRr/android-arm64-v8a.ini
    buildtype               : release
    default_library         : shared
    enable-gir              : false
    libdir                  : lib
    prefix                  : /home/runner/work/layercraft/layercraft/native-prefix
    with-docs               : false
    wrap_mode               : default

Found ninja-1.13.2 at /usr/local/bin/ninja
ninja: Entering directory `/tmp/tmp.h3JAIj8PRr/babl/_build-arm64-v8a'
[1/190] Compiling C object babl/base/libbabl_base.a.p/babl-base.c.o
[2/190] Compiling C object babl/base/libbabl_base.a.p/formats.c.o
[3/190] Generating git-version.h with a custom command
[4/190] Compiling C object babl/base/libbabl_base.a.p/model-cmyk.c.o
[5/190] Compiling C object babl/base/libbabl_base.a.p/model-ycbcr.c.o
[6/190] Compiling C object babl/base/libbabl_base.a.p/pow-24.c.o
[7/190] Compiling C object babl/base/libbabl_base.a.p/type-float.c.o
[8/190] Compiling C object babl/base/libbabl_base.a.p/type-half.c.o
[9/190] Compiling C object babl/base/libbabl_base.a.p/type-u15.c.o
[10/190] Compiling C object babl/base/libbabl_base.a.p/type-u16.c.o
[11/190] Compiling C object babl/base/libbabl_base.a.p/type-u32.c.o
[12/190] Compiling C object babl/base/libbabl_base.a.p/type-u8.c.o
[13/190] Compiling C object babl/base/libbabl_base.a.p/model-gray.c.o
[14/190] Compiling C object babl/base/libbabl_base.a.p/model-rgb.c.o
[15/190] Generating babl/babl.map with a custom command
[16/190] Compiling C object babl/base/libbabl_base.a.p/babl-trc.c.o
[17/190] Compiling C object babl/libbabl-0.1.so.p/babl-cache.c.o
[18/190] Compiling C object babl/base/libbabl_base.a.p/babl-rgb-converter.c.o
[19/190] Compiling C object babl/libbabl-0.1.so.p/babl-component.c.o
[20/190] Linking static target babl/base/libbabl_base.a
[21/190] Compiling C object babl/libbabl-0.1.so.p/babl-cpuaccel.c.o
[22/190] Compiling C object babl/libbabl-0.1.so.p/babl-db.c.o
[23/190] Compiling C object babl/libbabl-0.1.so.p/babl-core.c.o
[24/190] Compiling C object babl/libbabl-0.1.so.p/babl-conversion.c.o
[25/190] Compiling C object babl/libbabl-0.1.so.p/babl-extension.c.o
[26/190] Compiling C object babl/libbabl-0.1.so.p/babl-fish-simple.c.o
[27/190] Compiling C object babl/libbabl-0.1.so.p/babl-fish.c.o
[28/190] Compiling C object babl/libbabl-0.1.so.p/babl-hash-table.c.o
[29/190] Compiling C object babl/libbabl-0.1.so.p/babl-format.c.o
[30/190] Compiling C object babl/libbabl-0.1.so.p/babl-fish-reference.c.o
[31/190] Compiling C object babl/libbabl-0.1.so.p/babl-fish-path.c.o
[32/190] Compiling C object babl/libbabl-0.1.so.p/babl-internal.c.o
[33/190] Compiling C object babl/libbabl-0.1.so.p/babl-image.c.o
[34/190] Compiling C object babl/libbabl-0.1.so.p/babl-introspect.c.o
[35/190] Compiling C object babl/libbabl-0.1.so.p/babl-list.c.o
[36/190] Compiling C object babl/libbabl-0.1.so.p/babl-memory.c.o
[37/190] Compiling C object babl/libbabl-0.1.so.p/babl-mutex.c.o
[38/190] Compiling C object babl/libbabl-0.1.so.p/babl-model.c.o
[39/190] Compiling C object babl/libbabl-0.1.so.p/babl-ref-pixels.c.o
[40/190] Compiling C object babl/libbabl-0.1.so.p/babl-palette.c.o
[41/190] Compiling C object babl/libbabl-0.1.so.p/babl-sampling.c.o
[42/190] Compiling C object babl/libbabl-0.1.so.p/babl-sanity.c.o
[43/190] Compiling C object babl/libbabl-0.1.so.p/babl-polynomial.c.o
[44/190] Compiling C object babl/libbabl-0.1.so.p/babl-shared-util.c.o
[45/190] Compiling C object babl/libbabl-0.1.so.p/babl-icc.c.o
[46/190] Compiling C object babl/libbabl-0.1.so.p/babl-type.c.o
[47/190] Compiling C object babl/libbabl-0.1.so.p/babl-version.c.o
[48/190] Compiling C object babl/libbabl-0.1.so.p/babl-util.c.o
[49/190] Compiling C object babl/libbabl-0.1.so.p/babl.c.o
[50/190] Compiling C object extensions/u16.so.p/u16.c.o
[51/190] Compiling C object babl/libbabl-0.1.so.p/babl-space.c.o
[52/190] Linking target babl/libbabl-0.1.so
[53/190] Compiling C object extensions/u32.so.p/u32.c.o
[54/190] Generating symbol file babl/libbabl-0.1.so.p/libbabl-0.1.so.symbols
[55/190] Compiling C object extensions/cairo.so.p/cairo.c.o
[56/190] Compiling C object extensions/oklab.so.p/oklab.c.o
[57/190] Compiling C object extensions/fast-float.so.p/fast-float.c.o
[58/190] Compiling C object extensions/double.so.p/double.c.o
[59/190] Compiling C object extensions/formats.so.p/formats.c.o
[60/190] Compiling C object extensions/half.so.p/half.c.o
[61/190] Compiling C object extensions/float.so.p/float.c.o
[62/190] Compiling C object extensions/gegl-fixups.so.p/gegl-fixups.c.o
[63/190] Compiling C object extensions/gggl-table-lies.so.p/gggl-table-lies.c.o
[64/190] Compiling C object extensions/CIE.so.p/CIE.c.o
[65/190] Compiling C object extensions/gggl-table.so.p/gggl-table.c.o
[66/190] Compiling C object extensions/gggl-lies.so.p/gggl-lies.c.o
[67/190] Compiling C object extensions/grey.so.p/grey.c.o
[68/190] Compiling C object extensions/HCY.so.p/HCY.c.o
[69/190] Compiling C object extensions/HSV.so.p/HSV.c.o
[70/190] Compiling C object extensions/gimp-8bit.so.p/gimp-8bit.c.o
[71/190] Compiling C object extensions/HSL.so.p/HSL.c.o
[72/190] Compiling C object extensions/naive-CMYK.so.p/naive-CMYK.c.o
[73/190] Compiling C object extensions/sse-half.so.p/sse-half.c.o
[74/190] Compiling C object extensions/sse2-float.so.p/sse2-float.c.o
[75/190] Compiling C object extensions/sse2-int16.so.p/sse2-int16.c.o
[76/190] Compiling C object extensions/sse2-int8.so.p/sse2-int8.c.o
[77/190] Compiling C object extensions/sse4-int8.so.p/sse4-int8.c.o
[78/190] Compiling C object extensions/avx2-int8.so.p/avx2-int8.c.o
[79/190] Compiling C object extensions/gggl.so.p/gggl.c.o
[80/190] Compiling C object extensions/ycbcr.so.p/ycbcr.c.o
[81/190] Compiling C object extensions/two-table.so.p/two-table.c.o
[82/190] Compiling C object tests/babl_class_name.p/babl_class_name.c.o
[83/190] Compiling C object tests/cairo_cmyk_hack.p/cairo_cmyk_hack.c.o
[84/190] Compiling C object tests/cairo-RGB24.p/cairo-RGB24.c.o
[85/190] Compiling C object tests/cmyk.p/cmyk.c.o
[86/190] Compiling C object extensions/simple.so.p/simple.c.o
[87/190] Compiling C object tests/chromaticities.p/chromaticities.c.o
[88/190] Compiling C object tests/conversions.p/conversions.c.o
[89/190] Compiling C object tests/extract.p/extract.c.o
[90/190] Compiling C object tests/floatclamp.p/floatclamp.c.o
[91/190] Compiling C object tests/float-to-8bit.p/float-to-8bit.c.o
[92/190] Compiling C object tests/format_with_space.p/format_with_space.c.o
[93/190] Compiling C object tests/grayscale_to_rgb.p/grayscale_to_rgb.c.o
[94/190] Compiling C object tests/hsl.p/hsl.c.o
[95/190] Compiling C object tests/hsva.p/hsva.c.o
[96/190] Compiling C object tests/models.p/models.c.o
[97/190] Compiling C object tests/n_components.p/n_components.c.o
[98/190] Compiling C object tests/nop.p/nop.c.o
[99/190] Compiling C object tests/n_components_cast.p/n_components_cast.c.o
[100/190] Compiling C object tests/rgb_to_bgr.p/rgb_to_bgr.c.o
[101/190] Compiling C object tests/sanity.p/sanity.c.o
[102/190] Compiling C object tests/rgb_to_ycbcr.p/rgb_to_ycbcr.c.o
[103/190] Compiling C object tests/palette.p/palette.c.o
[104/190] Compiling C object tests/srgb_to_lab_u8.p/srgb_to_lab_u8.c.o
[105/190] Compiling C object tests/transparent.p/transparent.c.o
[106/190] Compiling C object tests/alpha_symmetric_transform.p/alpha_symmetric_transform.c.o
[107/190] Compiling C object tests/types.p/types.c.o
[108/190] Compiling C object tests/xyz_to_lab.p/xyz_to_lab.c.o
[109/190] Compiling C object tools/babl_fish_path_fitness.p/babl_fish_path_fitness.c.o
[110/190] Compiling C object tools/babl-lut-verify.p/babl-lut-verify.c.o
[111/190] Compiling C object tools/babl-icc-rewrite.p/babl-icc-rewrite.c.o
[112/190] Compiling C object tools/babl-verify.p/babl-verify.c.o
[113/190] Compiling C object tools/conversions.p/conversions.c.o
[114/190] Compiling C object tools/formats.p/formats.c.o
[115/190] Compiling C object tools/introspect.p/introspect.c.o
[116/190] Compiling C object tools/trc-validator.p/trc-validator.c.o
[117/190] Compiling C object tools/babl-gen-test-pixels.p/babl-gen-test-pixels.c.o
[118/190] Compiling C object tools/babl-icc-dump.p/babl-icc-dump.c.o
[119/190] Compiling C object bin/babl.p/.._babl_babl-shared-util.c.o
[120/190] Compiling C object tools/babl-benchmark.p/babl-benchmark.c.o
[121/190] Linking target extensions/u16.so
[122/190] Linking target extensions/u32.so
[123/190] Linking target extensions/cairo.so
[124/190] Linking target extensions/oklab.so
[125/190] Linking target extensions/CIE.so
[126/190] Linking target extensions/double.so
[127/190] Compiling C object bin/babl.p/babl.c.o
[128/190] Linking target extensions/half.so
[129/190] Linking target extensions/fast-float.so
[130/190] Linking target extensions/formats.so
[131/190] Linking target extensions/float.so
[132/190] Linking target extensions/gggl-lies.so
[133/190] Linking target extensions/gegl-fixups.so
[134/190] Linking target extensions/gggl-table.so
[135/190] Linking target extensions/gggl-table-lies.so
[136/190] Linking target extensions/gggl.so
[137/190] Linking target extensions/gimp-8bit.so
[138/190] Linking target extensions/HCY.so
[139/190] Linking target extensions/grey.so
[140/190] Linking target extensions/HSL.so
[141/190] Linking target extensions/HSV.so
[142/190] Linking target extensions/naive-CMYK.so
[143/190] Linking target extensions/sse2-float.so
[144/190] Linking target extensions/simple.so
[145/190] Linking target extensions/sse-half.so
[146/190] Linking target extensions/sse2-int16.so
[147/190] Linking target extensions/avx2-int8.so
[148/190] Linking target extensions/sse2-int8.so
[149/190] Linking target extensions/sse4-int8.so
[150/190] Linking target extensions/two-table.so
[151/190] Linking target tests/babl_class_name
[152/190] Linking target extensions/ycbcr.so
[153/190] Linking target tests/cairo_cmyk_hack
[154/190] Linking target tests/conversions
[155/190] Linking target tests/cmyk
[156/190] Linking target tests/cairo-RGB24
[157/190] Linking target tests/chromaticities
[158/190] Linking target tests/floatclamp
[159/190] Linking target tests/extract
[160/190] Linking target tests/float-to-8bit
[161/190] Linking target tests/format_with_space
[162/190] Linking target tests/hsl
[163/190] Linking target tests/grayscale_to_rgb
[164/190] Linking target tests/models
[165/190] Linking target tests/hsva
[166/190] Linking target tests/n_components
[167/190] Linking target tests/palette
[168/190] Linking target tests/n_components_cast
[169/190] Linking target tests/nop
[170/190] Linking target tests/srgb_to_lab_u8
[171/190] Linking target tests/rgb_to_bgr
[172/190] Linking target tests/sanity
[173/190] Linking target tests/rgb_to_ycbcr
[174/190] Linking target tests/types
[175/190] Linking target tests/transparent
[176/190] Linking target tests/xyz_to_lab
[177/190] Linking target tests/alpha_symmetric_transform
[178/190] Linking target tools/babl-lut-verify
[179/190] Linking target tools/babl-benchmark
[180/190] Linking target tools/babl-icc-dump
[181/190] Linking target tools/babl_fish_path_fitness
[182/190] Linking target tools/formats
[183/190] Linking target tools/babl-verify
[184/190] Linking target tools/conversions
[185/190] Linking target tools/babl-icc-rewrite
[186/190] Linking target tools/introspect
[187/190] Linking target tools/babl-gen-test-pixels
[188/190] Linking target tools/trc-validator
[189/190] Linking target bin/babl
[190/190] Generating check-def-files with a custom command (wrapped by meson to set env)
INFO: autodetecting backend as ninja
INFO: calculating backend command to run: /usr/local/bin/ninja -C /tmp/tmp.h3JAIj8PRr/babl/_build-arm64-v8a -j 4
ninja: Entering directory `/tmp/tmp.h3JAIj8PRr/babl/_build-arm64-v8a'
[1/73] Generating git-version.h with a custom command
[2/2] Generating check-def-files with a custom command (wrapped by meson to set env)
Installing babl/libbabl-0.1.so to /home/runner/work/layercraft/layercraft/native-prefix/lib
Installing extensions/u16.so to /home/runner/work/layercraft/layercraft/native-prefix/lib/babl-0.1
Installing extensions/u32.so to /home/runner/work/layercraft/layercraft/native-prefix/lib/babl-0.1
Installing extensions/cairo.so to /home/runner/work/layercraft/layercraft/native-prefix/lib/babl-0.1
Installing extensions/oklab.so to /home/runner/work/layercraft/layercraft/native-prefix/lib/babl-0.1
Installing extensions/CIE.so to /home/runner/work/layercraft/layercraft/native-prefix/lib/babl-0.1
Installing extensions/double.so to /home/runner/work/layercraft/layercraft/native-prefix/lib/babl-0.1
Installing extensions/fast-float.so to /home/runner/work/layercraft/layercraft/native-prefix/lib/babl-0.1
Installing extensions/half.so to /home/runner/work/layercraft/layercraft/native-prefix/lib/babl-0.1
Installing extensions/float.so to /home/runner/work/layercraft/layercraft/native-prefix/lib/babl-0.1
Installing extensions/formats.so to /home/runner/work/layercraft/layercraft/native-prefix/lib/babl-0.1
Installing extensions/gegl-fixups.so to /home/runner/work/layercraft/layercraft/native-prefix/lib/babl-0.1
Installing extensions/gggl-lies.so to /home/runner/work/layercraft/layercraft/native-prefix/lib/babl-0.1
Installing extensions/gggl-table-lies.so to /home/runner/work/layercraft/layercraft/native-prefix/lib/babl-0.1
Installing extensions/gggl-table.so to /home/runner/work/layercraft/layercraft/native-prefix/lib/babl-0.1
Installing extensions/gggl.so to /home/runner/work/layercraft/layercraft/native-prefix/lib/babl-0.1
Installing extensions/gimp-8bit.so to /home/runner/work/layercraft/layercraft/native-prefix/lib/babl-0.1
Installing extensions/grey.so to /home/runner/work/layercraft/layercraft/native-prefix/lib/babl-0.1
Installing extensions/HCY.so to /home/runner/work/layercraft/layercraft/native-prefix/lib/babl-0.1
Installing extensions/HSL.so to /home/runner/work/layercraft/layercraft/native-prefix/lib/babl-0.1
Installing extensions/HSV.so to /home/runner/work/layercraft/layercraft/native-prefix/lib/babl-0.1
Installing extensions/naive-CMYK.so to /home/runner/work/layercraft/layercraft/native-prefix/lib/babl-0.1
Installing extensions/simple.so to /home/runner/work/layercraft/layercraft/native-prefix/lib/babl-0.1
Installing extensions/sse-half.so to /home/runner/work/layercraft/layercraft/native-prefix/lib/babl-0.1
Installing extensions/sse2-float.so to /home/runner/work/layercraft/layercraft/native-prefix/lib/babl-0.1
Installing extensions/sse2-int16.so to /home/runner/work/layercraft/layercraft/native-prefix/lib/babl-0.1
Installing extensions/sse2-int8.so to /home/runner/work/layercraft/layercraft/native-prefix/lib/babl-0.1
Installing extensions/sse4-int8.so to /home/runner/work/layercraft/layercraft/native-prefix/lib/babl-0.1
Installing extensions/avx2-int8.so to /home/runner/work/layercraft/layercraft/native-prefix/lib/babl-0.1
Installing extensions/two-table.so to /home/runner/work/layercraft/layercraft/native-prefix/lib/babl-0.1
Installing extensions/ycbcr.so to /home/runner/work/layercraft/layercraft/native-prefix/lib/babl-0.1
Installing bin/babl to /home/runner/work/layercraft/layercraft/native-prefix/bin
Installing /tmp/tmp.h3JAIj8PRr/babl/babl/babl-introspect.h to /home/runner/work/layercraft/layercraft/native-prefix/include/babl-0.1/babl
Installing /tmp/tmp.h3JAIj8PRr/babl/babl/babl-macros.h to /home/runner/work/layercraft/layercraft/native-prefix/include/babl-0.1/babl
Installing /tmp/tmp.h3JAIj8PRr/babl/babl/babl-types.h to /home/runner/work/layercraft/layercraft/native-prefix/include/babl-0.1/babl
Installing /tmp/tmp.h3JAIj8PRr/babl/babl/babl.h to /home/runner/work/layercraft/layercraft/native-prefix/include/babl-0.1/babl
Installing /tmp/tmp.h3JAIj8PRr/babl/_build-arm64-v8a/babl/babl-version.h to /home/runner/work/layercraft/layercraft/native-prefix/include/babl-0.1/babl
Installing /tmp/tmp.h3JAIj8PRr/babl/_build-arm64-v8a/meson-private/babl-0.1.pc to /home/runner/work/layercraft/layercraft/native-prefix/lib/pkgconfig
== [7/7] gegl ==
Cloning into '/tmp/tmp.h3JAIj8PRr/gegl'...
DEPRECATION: "pkgconfig" entry is deprecated and should be replaced by "pkg-config"
The Meson build system
Version: 1.12.0
Source dir: /tmp/tmp.h3JAIj8PRr/gegl
Build dir: /tmp/tmp.h3JAIj8PRr/gegl/_build-arm64-v8a
Build type: cross build
Project name: gegl
Project version: 0.4.71
C compiler for the host machine: /usr/local/lib/android/sdk/ndk/29.0.14206865/toolchains/llvm/prebuilt/linux-x86_64/bin/aarch64-linux-android28-clang (clang 21.0.0 "Android (13989888, +pgo, +bolt, +lto, +mlgo, based on r563880c) clang version 21.0.0 (https://android.googlesource.com/toolchain/llvm-project 5e96669f06077099aa41290cdb4c5e6fa0f59349)")
C linker for the host machine: /usr/local/lib/android/sdk/ndk/29.0.14206865/toolchains/llvm/prebuilt/linux-x86_64/bin/aarch64-linux-android28-clang ld.lld 21.0.0
C++ compiler for the host machine: /usr/local/lib/android/sdk/ndk/29.0.14206865/toolchains/llvm/prebuilt/linux-x86_64/bin/aarch64-linux-android28-clang++ (clang 21.0.0 "Android (13989888, +pgo, +bolt, +lto, +mlgo, based on r563880c) clang version 21.0.0 (https://android.googlesource.com/toolchain/llvm-project 5e96669f06077099aa41290cdb4c5e6fa0f59349)")
C++ linker for the host machine: /usr/local/lib/android/sdk/ndk/29.0.14206865/toolchains/llvm/prebuilt/linux-x86_64/bin/aarch64-linux-android28-clang++ ld.lld 21.0.0
C compiler for the build machine: cc (gcc 13.3.0 "cc (Ubuntu 13.3.0-6ubuntu2~24.04.1) 13.3.0")
C linker for the build machine: cc ld.bfd 2.42
C++ compiler for the build machine: c++ (gcc 13.3.0 "c++ (Ubuntu 13.3.0-6ubuntu2~24.04.1) 13.3.0")
C++ linker for the build machine: c++ ld.bfd 2.42
Build machine cpu family: x86_64
Build machine cpu: x86_64
Host machine cpu family: aarch64
Host machine cpu: aarch64
Target machine cpu family: aarch64
Target machine cpu: aarch64
Program python3 found: YES (/usr/bin/python3)
Compiler for C supports arguments -ftree-vectorize: YES 
Compiler for C supports arguments -mfpu=neon-fp-armv8: NO 
Compiler for C supports arguments -ftree-vectorize: YES (cached)
Compiler for C supports arguments -DHAVE_CONFIG_H: YES 
Compiler for C supports arguments -Winit-self: YES 
Compiler for C supports arguments -Wmissing-declarations: YES 
Compiler for C supports arguments -Wpointer-arith: YES 
Compiler for C supports arguments -Wno-unused-parameter: YES 
Compiler for C supports arguments -Wno-cast-function-type: YES 
Compiler for C supports arguments -ftree-vectorize: YES (cached)
Compiler for C supports arguments -ftree-vectorize: YES (cached)
Compiler for C supports arguments -Wmissing-prototypes: YES 
Compiler for C supports arguments -Wold-style-definition: YES 
Compiler for C++ supports arguments -DHAVE_CONFIG_H: YES 
Compiler for C++ supports arguments -Winit-self: YES 
Compiler for C++ supports arguments -Wmissing-declarations: YES 
Compiler for C++ supports arguments -Wpointer-arith: YES 
Compiler for C++ supports arguments -Wno-unused-parameter: YES 
Compiler for C++ supports arguments -Wno-cast-function-type: YES 
Compiler for C++ supports arguments -ftree-vectorize: YES 
Compiler for C++ supports arguments -ftree-vectorize: YES (cached)
Checking if "GNU C variadic macros extension" compiles: YES 
Program asciidoc found: NO
Program dot found: NO
Program gtkdoc-scan found: NO
Program source-highlight found: NO
Program w3m found: NO
Has header "unistd.h" : YES 
Has header "execinfo.h" : YES 
Checking for function "fsync" : YES 
Checking for function "malloc_trim" : NO 
Checking for function "strptime" : YES 
Library m found: YES
Library dl found: YES
Run-time dependency threads found: YES
Found pkg-config: YES (/usr/bin/pkg-config) 1.8.1
Run-time dependency babl-0.1 found: YES 0.1.129
Run-time dependency glib-2.0 found: YES 2.89.4
Run-time dependency gobject-2.0 found: YES 2.89.4
Run-time dependency gmodule-2.0 found: YES 2.89.4
Run-time dependency gthread-2.0 found: YES 2.89.4
Run-time dependency gio-2.0 found: YES 2.89.4
Run-time dependency gio-unix-2.0 found: YES 2.89.4
Run-time dependency json-glib-1.0 found: YES 1.10.9
Run-time dependency libjpeg found: YES 3.2.1
Run-time dependency libpng found: YES 1.8.0
Has header "ctx.h" : NO 
Message: using built-in ctx headers
Found CMake: NO
Run-time dependency opencl-headers found: NO  (tried pkg-config and cmake)
Message: using built-in OpenCL headers
Run-time dependency poly2tri-c found: NO  (tried pkg-config and cmake)
Looking for a fallback subproject for the dependency poly2tri-c

Executing subproject poly2tri-c for machine: host 

poly2tri-c| Project name: poly2tri-c
poly2tri-c| Project version: 0.1.0
poly2tri-c| C compiler for the host machine: /usr/local/lib/android/sdk/ndk/29.0.14206865/toolchains/llvm/prebuilt/linux-x86_64/bin/aarch64-linux-android28-clang (clang 21.0.0 "Android (13989888, +pgo, +bolt, +lto, +mlgo, based on r563880c) clang version 21.0.0 (https://android.googlesource.com/toolchain/llvm-project 5e96669f06077099aa41290cdb4c5e6fa0f59349)")
poly2tri-c| C linker for the host machine: /usr/local/lib/android/sdk/ndk/29.0.14206865/toolchains/llvm/prebuilt/linux-x86_64/bin/aarch64-linux-android28-clang ld.lld 21.0.0
poly2tri-c| C compiler for the build machine: cc (gcc 13.3.0 "cc (Ubuntu 13.3.0-6ubuntu2~24.04.1) 13.3.0")
poly2tri-c| C linker for the build machine: cc ld.bfd 2.42
poly2tri-c| Dependency glib-2.0 for host machine found: YES 2.89.4 (cached)
poly2tri-c| Library m found: YES
poly2tri-c| Build targets in project: 4
poly2tri-c| Subproject poly2tri-c finished.

Dependency poly2tri-c for host machine from subproject subprojects/poly2tri-c found: YES 0.1.0
Run-time dependency libnsgif found: NO  (tried pkg-config and cmake)
Looking for a fallback subproject for the dependency libnsgif

Executing subproject libnsgif for machine: host 

libnsgif| Project name: libnsgif
libnsgif| Project version: 1.0.0
libnsgif| C compiler for the host machine: /usr/local/lib/android/sdk/ndk/29.0.14206865/toolchains/llvm/prebuilt/linux-x86_64/bin/aarch64-linux-android28-clang (clang 21.0.0 "Android (13989888, +pgo, +bolt, +lto, +mlgo, based on r563880c) clang version 21.0.0 (https://android.googlesource.com/toolchain/llvm-project 5e96669f06077099aa41290cdb4c5e6fa0f59349)")
libnsgif| C linker for the host machine: /usr/local/lib/android/sdk/ndk/29.0.14206865/toolchains/llvm/prebuilt/linux-x86_64/bin/aarch64-linux-android28-clang ld.lld 21.0.0
libnsgif| C compiler for the build machine: cc (gcc 13.3.0 "cc (Ubuntu 13.3.0-6ubuntu2~24.04.1) 13.3.0")
libnsgif| C linker for the build machine: cc ld.bfd 2.42
libnsgif| Build targets in project: 5
libnsgif| Subproject libnsgif finished.

Dependency libnsgif for host machine from subproject subprojects/libnsgif found: YES 1.0.0
Run-time dependency gexiv2 found: NO  (tried pkg-config and cmake)
Run-time dependency luajit found: NO  (tried pkg-config and cmake)
Run-time dependency mrg found: NO  (tried pkg-config and cmake)
Run-time dependency gdk-pixbuf-2.0 found: NO  (tried pkg-config and cmake)
Dependency cairo for host machine skipped: feature cairo disabled
Run-time dependency pango found: NO  (tried pkg-config and cmake)
Run-time dependency pangocairo found: NO  (tried pkg-config and cmake)
Run-time dependency jasper found: NO  (tried pkg-config and cmake)
Run-time dependency lcms2 found: NO  (tried pkg-config and cmake)
Run-time dependency lensfun found: NO  (tried pkg-config and cmake)
Run-time dependency libraw found: NO  (tried pkg-config and cmake)
Run-time dependency librsvg-2.0 found: NO  (tried pkg-config and cmake)
Run-time dependency libspiro found: NO  (tried pkg-config and cmake)
Run-time dependency libtiff-4 found: NO  (tried pkg-config and cmake)
Run-time dependency libv4l1 found: NO  (tried pkg-config and cmake)
Run-time dependency libv4l2 found: NO  (tried pkg-config and cmake)
Run-time dependency libwebp found: NO  (tried pkg-config and cmake)
Run-time dependency maxflow found: NO  (tried pkg-config and cmake)
Run-time dependency openexr found: NO  (tried pkg-config and cmake)
Run-time dependency OpenMP found: YES 5.1
Run-time dependency poppler-glib found: NO  (tried pkg-config and cmake)
Dependency sdl for host machine skipped: feature sdl1 disabled
sdl2-config found: NO need ['>=2.0.5']
Run-time dependency sdl2 found: NO  (tried pkg-config, config-tool and cmake)
sdl2-config found: NO need ['>=2.0.5']
Run-time dependency sdl2 found: NO  (tried pkg-config, config-tool and cmake)
Run-time dependency sdl3 found: NO  (tried pkg-config and cmake)
Run-time dependency sdl3 found: NO  (tried pkg-config and cmake)
Dependency libavcodec for host machine skipped: feature libav disabled
Dependency libavformat for host machine skipped: feature libav disabled
Dependency libavutil for host machine skipped: feature libav disabled
Dependency libswscale for host machine skipped: feature libav disabled
Library umfpack found: NO
Program gi-docgen found: NO
Configuring config.h using configuration
Program tools/argvs_extract.sh found: YES (/tmp/tmp.h3JAIj8PRr/gegl/tools/argvs_extract.sh)
Configuring gegl-version.h using configuration
Found pkg-config: YES (/usr/bin/pkg-config) 1.8.1
../../../../../tmp/tmp.h3JAIj8PRr/gegl/meson.build:691: WARNING: Conditional on version '>= 0.54.0' always evaluates to true
Configuring gegl-sc.def using configuration
../../../../../tmp/tmp.h3JAIj8PRr/gegl/seamless-clone/meson.build:62: WARNING: Conditional on version '>= 0.54.0' always evaluates to true
Program gen-loader.py found: YES (/usr/bin/python3 /tmp/tmp.h3JAIj8PRr/gegl/tools/gen-loader.py)
Has header "unistd.h" : YES (cached)
Program test-runner.py found: YES (/usr/bin/python3 /tmp/tmp.h3JAIj8PRr/gegl/tests/test-runner.py)
Program buffer-test.py found: YES (/usr/bin/python3 /tmp/tmp.h3JAIj8PRr/gegl/tests/buffer/buffer-test.py)
Compiler for C supports arguments -Wno-unused-function: YES 
Program msgfmt found: NO
../../../../../tmp/tmp.h3JAIj8PRr/gegl/po/meson.build:1: WARNING: Gettext not found, all translation (po) targets will be ignored.
Program nm found: YES (/usr/bin/nm)
Build targets in project: 212
NOTICE: Future-deprecated features used:
 * 1.1.0: {'"boolean option" keyword argument "value" of type str'}
 * 1.11.0: {'should_fail arg in test'}

gegl 0.4.71

  Directories
    prefix              : /home/runner/work/layercraft/layercraft/native-prefix
    libdir              : lib

  GEGL docs
    GTK-docs reference  : false
    GI-docgen reference : false
    Docs (GEGL website) : false

  Optional features
    Build workshop      : false
    Introspection       : false
    Vala support        : false
    Debug symbols format: Disabled
    Relocatable         : false

  Optional build utilities
    asciidoc            : false
    dot                 : false
    pygobject           : false
    source-highlight    : false
    w3m                 : false

  Optional dependencies
    avlibs              : false
    Cairo               : false
    GDKPixbuf           : false
    gexiv2              : false
    Jasper              : false
    lcms                : false
    libnsgif            : true
    libraw              : false
    Luajit              : false
    maxflow             : false
    mrg                 : false
    OpenEXR             : false
    openMP              : true
    Pango               : false
    pangocairo          : false
    poly2tri-c          : true
    poppler             : false
    rsvg                : false
    SDL1                : false
    SDL2                : false
    SDL3                : false
    spiro               : false
    TIFF                : false
    umfpack             : false
    V4L                 : false
    V4L2                : false
    webp                : false

  Subprojects (for host machine)
    libnsgif            : YES
    poly2tri-c          : YES

  User defined options
    Cross files         : /tmp/tmp.h3JAIj8PRr/android-arm64-v8a.ini
    buildtype           : release
    cairo               : disabled
    default_library     : shared
    docs                : false
    gtk-doc             : false
    introspection       : false
    libdir              : lib
    prefix              : /home/runner/work/layercraft/layercraft/native-prefix
    workshop            : false
    wrap_mode           : default

Found ninja-1.13.2 at /usr/local/bin/ninja
ninja: Entering directory `/tmp/tmp.h3JAIj8PRr/gegl/_build-arm64-v8a'
[1/740] Generating operations/opencl/alien-map.cl.h with a custom command
[2/740] Generating operations/opencl/bilateral-filter.cl.h with a custom command
[3/740] Generating operations/opencl/box-blur.cl.h with a custom command
[4/740] Generating operations/opencl/bilateral-filter-fast.cl.h with a custom command
[5/740] Generating operations/opencl/box-min.cl.h with a custom command
[6/740] Generating operations/opencl/box-max.cl.h with a custom command
[7/740] Generating operations/opencl/boxblur-1d.cl.h with a custom command
[8/740] Generating operations/opencl/brightness-contrast.cl.h with a custom command
[9/740] Generating operations/opencl/checkerboard.cl.h with a custom command
[10/740] Generating operations/opencl/color-temperature.cl.h with a custom command
[11/740] Generating operations/opencl/c2g.cl.h with a custom command
[12/740] Generating operations/opencl/color-exchange.cl.h with a custom command
[13/740] Generating operations/opencl/color-to-alpha.cl.h with a custom command
[14/740] Generating operations/opencl/contrast-curve.cl.h with a custom command
[15/740] Generating operations/opencl/colors-8bit-lut.cl.h with a custom command
[16/740] Generating operations/opencl/colors.cl.h with a custom command
[17/740] Generating operations/opencl/edge-laplace.cl.h with a custom command
[18/740] Generating operations/opencl/diffraction-patterns.cl.h with a custom command
[19/740] Generating operations/opencl/edge-sobel.cl.h with a custom command
[20/740] Generating operations/opencl/gaussian-blur-selective.cl.h with a custom command
[21/740] Generating operations/opencl/hue-chroma.cl.h with a custom command
[22/740] Generating operations/opencl/gblur-1d.cl.h with a custom command
[23/740] Generating operations/opencl/invert-linear.cl.h with a custom command
[24/740] Generating operations/opencl/levels.cl.h with a custom command
[25/740] Generating operations/opencl/mono-mixer.cl.h with a custom command
[26/740] Generating operations/opencl/motion-blur-circular.cl.h with a custom command
[27/740] Generating operations/opencl/motion-blur-linear.cl.h with a custom command
[28/740] Generating operations/opencl/noise-cell.cl.h with a custom command
[29/740] Generating operations/opencl/noise-hsv.cl.h with a custom command
[30/740] Generating operations/opencl/noise-hurl.cl.h with a custom command
[31/740] Generating operations/opencl/noise-reduction.cl.h with a custom command
[32/740] Generating operations/opencl/noise-simplex.cl.h with a custom command
[33/740] Generating operations/opencl/opacity.cl.h with a custom command
[34/740] Generating operations/opencl/oilify.cl.h with a custom command
[35/740] Generating operations/opencl/posterize.cl.h with a custom command
[36/740] Generating operations/opencl/pixelize.cl.h with a custom command
[37/740] Generating operations/opencl/red-eye-removal.cl.h with a custom command
[38/740] Generating operations/opencl/random.cl.h with a custom command
[39/740] Generating operations/opencl/snn-mean.cl.h with a custom command
[40/740] Generating operations/opencl/shadows-highlights-correction.cl.h with a custom command
[41/740] Generating operations/opencl/svg-src-over.cl.h with a custom command
[42/740] Generating operations/opencl/stretch-contrast.cl.h with a custom command
[43/740] Generating operations/opencl/texturize-canvas.cl.h with a custom command
[44/740] Generating operations/opencl/threshold.cl.h with a custom command
[45/740] Generating operations/opencl/value-invert.cl.h with a custom command
[46/740] Generating operations/opencl/video-degradation.cl.h with a custom command
[47/740] Generating operations/opencl/weighted-blend.cl.h with a custom command
[48/740] Generating operations/opencl/vignette.cl.h with a custom command
[49/740] Generating gegl/gegl.def with a custom command
[50/740] Compiling C object libs/npd/libgegl-npd-0.4.so.p/deformation.c.o
[51/740] Compiling C object gegl/libgegl-0.4.so.p/gegl-config.c.o
[52/740] Compiling C object gegl/libgegl-0.4.so.p/gegl-apply.c.o
[53/740] Compiling C object libs/npd/libgegl-npd-0.4.so.p/graphics.c.o
[54/740] Compiling C object gegl/libgegl-0.4.so.p/gegl-cpuaccel.c.o
[55/740] Compiling C object gegl/libgegl-0.4.so.p/gegl-dot-visitor.c.o
[56/740] Compiling C object gegl/libgegl-0.4.so.p/gegl-enums.c.o
[57/740] Compiling C object gegl/libgegl-0.4.so.p/gegl-dot.c.o
[58/740] Compiling C object gegl/libgegl-0.4.so.p/gegl-init.c.o
[59/740] Compiling C object gegl/libgegl-0.4.so.p/gegl-lookup.c.o
[60/740] Compiling C object gegl/libgegl-0.4.so.p/gegl-instrument.c.o
[61/740] Compiling C object gegl/libgegl-0.4.so.p/gegl-introspection-support.c.o
[62/740] Compiling C object gegl/libgegl-0.4.so.p/gegl-matrix.c.o
[63/740] Compiling C object gegl/libgegl-0.4.so.p/gegl-metadata.c.o
[64/740] Compiling C object gegl/libgegl-0.4.so.p/gegl-metadatahash.c.o
[65/740] Compiling C object gegl/libgegl-0.4.so.p/gegl-metadatastore.c.o
[66/740] Compiling C object gegl/libgegl-0.4.so.p/gegl-random.c.o
[67/740] Compiling C object gegl/libgegl-0.4.so.p/gegl-parallel.c.o
[68/740] Compiling C object gegl/libgegl-0.4.so.p/gegl-stats.c.o
[69/740] Compiling C object gegl/libgegl-0.4.so.p/gegl-utils.c.o
[70/740] Compiling C object gegl/libgegl-0.4.so.p/gegl-serialize.c.o
[71/740] Compiling C object gegl/libgegl-0.4.so.p/buffer_gegl-buffer-config.c.o
[72/740] Compiling C object gegl/libgegl-0.4.so.p/gegl-xml.c.o
[73/740] Compiling C object gegl/libgegl-0.4.so.p/buffer_gegl-buffer-enums.c.o
[74/740] Compiling C object gegl/libgegl-0.4.so.p/buffer_gegl-buffer-linear.c.o
[75/740] Compiling C object gegl/libgegl-0.4.so.p/buffer_gegl-buffer-iterator.c.o
[76/740] Compiling C object gegl/libgegl-0.4.so.p/buffer_gegl-buffer-matrix2.c.o
[77/740] Compiling C object gegl/libgegl-0.4.so.p/buffer_gegl-buffer-load.c.o
../gegl/buffer/gegl-buffer-load.c:309:12: warning: variable 'i' set but not used [-Wunused-but-set-variable]
  309 |     gint   i = 0;
      |            ^
1 warning generated.
[78/740] Compiling C object gegl/libgegl-0.4.so.p/buffer_gegl-buffer-swap.c.o
[79/740] Compiling C object gegl/libgegl-0.4.so.p/buffer_gegl-buffer-save.c.o
[80/740] Compiling C object gegl/libgegl-0.4.so.p/buffer_gegl-buffer-access.c.o
[81/740] Compiling C object gegl/libgegl-0.4.so.p/buffer_gegl-compression-nop.c.o
[82/740] Compiling C object gegl/libgegl-0.4.so.p/buffer_gegl-compression-zlib.c.o
[83/740] Compiling C object gegl/libgegl-0.4.so.p/buffer_gegl-buffer.c.o
[84/740] Compiling C object gegl/libgegl-0.4.so.p/buffer_gegl-compression.c.o
[85/740] Compiling C object gegl/libgegl-0.4.so.p/buffer_gegl-memory.c.o
[86/740] Compiling C object gegl/libgegl-0.4.so.p/buffer_gegl-rectangle.c.o
[87/740] Compiling C object gegl/libgegl-0.4.so.p/buffer_gegl-algorithms.c.o
[88/740] Compiling C object gegl/libgegl-0.4.so.p/buffer_gegl-sampler-cubic.c.o
[89/740] Compiling C object gegl/libgegl-0.4.so.p/buffer_gegl-sampler-linear.c.o
[90/740] Compiling C object gegl/libgegl-0.4.so.p/buffer_gegl-sampler-nearest.c.o
[91/740] Compiling C object gegl/libgegl-0.4.so.p/buffer_gegl-sampler-lohalo.c.o
[92/740] Compiling C object gegl/libgegl-0.4.so.p/buffer_gegl-scratch.c.o
[93/740] Compiling C object gegl/libgegl-0.4.so.p/buffer_gegl-sampler.c.o
[94/740] Compiling C object gegl/libgegl-0.4.so.p/buffer_gegl-sampler-nohalo.c.o
[95/740] Compiling C object gegl/libgegl-0.4.so.p/buffer_gegl-tile-alloc.c.o
[96/740] Compiling C object gegl/libgegl-0.4.so.p/buffer_gegl-compression-rle.c.o
[97/740] Compiling C object gegl/libgegl-0.4.so.p/buffer_gegl-tile-backend-buffer.c.o
[98/740] Compiling C object gegl/libgegl-0.4.so.p/buffer_gegl-tile-backend-ram.c.o
[99/740] Compiling C object gegl/libgegl-0.4.so.p/buffer_gegl-tile-backend.c.o
[100/740] Compiling C object gegl/libgegl-0.4.so.p/buffer_gegl-tile-backend-swap.c.o
[101/740] Compiling C object gegl/libgegl-0.4.so.p/buffer_gegl-tile-backend-file-async.c.o
[102/740] Compiling C object gegl/libgegl-0.4.so.p/buffer_gegl-tile-handler-chain.c.o
[103/740] Compiling C object gegl/libgegl-0.4.so.p/buffer_gegl-tile-handler-cache.c.o
[104/740] Compiling C object gegl/libgegl-0.4.so.p/buffer_gegl-tile-handler-empty.c.o
[105/740] Compiling C object gegl/libgegl-0.4.so.p/buffer_gegl-tile-handler-log.c.o
[106/740] Compiling C object gegl/libgegl-0.4.so.p/buffer_gegl-tile-handler-zoom.c.o
[107/740] Compiling C object gegl/libgegl-0.4.so.p/buffer_gegl-tile-source.c.o
[108/740] Compiling C object gegl/libgegl-0.4.so.p/buffer_gegl-tile-handler.c.o
[109/740] Compiling C object gegl/libgegl-0.4.so.p/buffer_gegl-tile-storage.c.o
[110/740] Compiling C object gegl/libgegl-0.4.so.p/buffer_gegl-tile.c.o
[111/740] Compiling C object gegl/libgegl-0.4.so.p/graph_gegl-callback-visitor.c.o
[112/740] Compiling C object gegl/libgegl-0.4.so.p/graph_gegl-cache.c.o
[113/740] Compiling C object gegl/libgegl-0.4.so.p/graph_gegl-connection.c.o
[114/740] Compiling C object gegl/libgegl-0.4.so.p/graph_gegl-node-output-visitable.c.o
[115/740] Compiling C object gegl/libgegl-0.4.so.p/graph_gegl-pad.c.o
[116/740] Compiling C object gegl/libgegl-0.4.so.p/graph_gegl-visitable.c.o
[117/740] Compiling C object gegl/libgegl-0.4.so.p/graph_gegl-visitor.c.o
[118/740] Compiling C object gegl/libgegl-0.4.so.p/module_gegldatafiles.c.o
[119/740] Compiling C object gegl/libgegl-0.4.so.p/graph_gegl-region-generic.c.o
[120/740] Compiling C object gegl/libgegl-0.4.so.p/graph_gegl-node.c.o
[121/740] Compiling C object gegl/libgegl-0.4.so.p/module_geglmodule.c.o
[122/740] Compiling C object gegl/libgegl-0.4.so.p/module_geglmoduledb.c.o
[123/740] Compiling C object gegl/libgegl-0.4.so.p/opencl_gegl-buffer-cl-cache.c.o
[124/740] Compiling C object gegl/libgegl-0.4.so.p/opencl_gegl-cl-color.c.o
[125/740] Compiling C object gegl/libgegl-0.4.so.p/opencl_gegl-cl-random.c.o
[126/740] Compiling C object gegl/libgegl-0.4.so.p/opencl_gegl-buffer-cl-iterator.c.o
[127/740] Compiling C object gegl/libgegl-0.4.so.p/operation_gegl-extension-handler.c.o
[128/740] Compiling C object gegl/libgegl-0.4.so.p/opencl_gegl-cl-init.c.o
[129/740] Compiling C object gegl/libgegl-0.4.so.p/opencl_gegl-cl.c.o
[130/740] Compiling C object gegl/libgegl-0.4.so.p/operation_gegl-operation-area-filter.c.o
[131/740] Compiling C object gegl/libgegl-0.4.so.p/operation_gegl-operation-composer.c.o
[132/740] Compiling C object gegl/libgegl-0.4.so.p/operation_gegl-operation-composer3.c.o
[133/740] Compiling C object gegl/libgegl-0.4.so.p/operation_gegl-operation-context.c.o
[134/740] Compiling C object gegl/libgegl-0.4.so.p/operation_gegl-operation-filter.c.o
[135/740] Compiling C object gegl/libgegl-0.4.so.p/operation_gegl-operation-handlers.c.o
[136/740] Compiling C object gegl/libgegl-0.4.so.p/operation_gegl-operation-meta-json.c.o
[137/740] Compiling C object gegl/libgegl-0.4.so.p/operation_gegl-operation-meta.c.o
[138/740] Compiling C object gegl/libgegl-0.4.so.p/operation_gegl-operation-point-composer.c.o
[139/740] Compiling C object gegl/libgegl-0.4.so.p/operation_gegl-operation-point-composer3.c.o
../gegl/operation/gegl-operation-point-composer3.c:174:37: warning: unused variable 'operation_class' [-Wunused-variable]
  174 |   GeglOperationClass               *operation_class       = GEGL_OPERATION_GET_CLASS (operation);
      |                                     ^~~~~~~~~~~~~~~
1 warning generated.
[140/740] Compiling C object gegl/libgegl-0.4.so.p/operation_gegl-operation-point-filter.c.o
[141/740] Compiling C object gegl/libgegl-0.4.so.p/operation_gegl-operation-point-render.c.o
[142/740] Compiling C object gegl/libgegl-0.4.so.p/operation_gegl-operation-property-keys.c.o
[143/740] Compiling C object gegl/libgegl-0.4.so.p/operation_gegl-operation-sink.c.o
[144/740] Compiling C object gegl/libgegl-0.4.so.p/operation_gegl-operation-source.c.o
[145/740] Compiling C object gegl/libgegl-0.4.so.p/operation_gegl-operation-temporal.c.o
[146/740] Compiling C object gegl/libgegl-0.4.so.p/process_gegl-eval-manager.c.o
[147/740] Compiling C object gegl/libgegl-0.4.so.p/operation_gegl-operations.c.o
[148/740] Compiling C object gegl/libgegl-0.4.so.p/process_gegl-graph-traversal-debug.c.o
[149/740] Compiling C object gegl/libgegl-0.4.so.p/operation_gegl-operation.c.o
[150/740] Compiling C object gegl/libgegl-0.4.so.p/process_gegl-graph-traversal.c.o
[151/740] Compiling C object gegl/libgegl-0.4.so.p/property-types_gegl-audio-fragment.c.o
[152/740] Compiling C object gegl/libgegl-0.4.so.p/process_gegl-processor.c.o
[153/740] Compiling C object gegl/libgegl-0.4.so.p/property-types_gegl-color.c.o
[154/740] Compiling C object gegl/libgegl-0.4.so.p/property-types_gegl-curve.c.o
[155/740] Compiling C object gegl/libgegl-0.4.so.p/property-types_gegl-paramspecs.c.o
[156/740] Compiling C object libs/npd/libgegl-npd-0.4.so.p/npd_debug.c.o
[157/740] Compiling C object libs/npd/libgegl-npd-0.4.so.p/lattice_cut.c.o
[158/740] Compiling C object libs/npd/libgegl-npd-0.4.so.p/npd_common.c.o
[159/740] Compiling C object libs/npd/libgegl-npd-0.4.so.p/npd_gegl.c.o
[160/740] Compiling C object libs/npd/libgegl-npd-0.4.so.p/npd_math.c.o
[161/740] Compiling C object subprojects/poly2tri-c/poly2tri-c/p2t/libp2tc.a.p/common_shapes.c.o
[162/740] Compiling C object subprojects/poly2tri-c/poly2tri-c/p2t/libp2tc.a.p/common_utils.c.o
[163/740] Compiling C object subprojects/poly2tri-c/poly2tri-c/p2t/libp2tc.a.p/sweep_advancing_front.c.o
[164/740] Compiling C object gegl/libgegl-0.4.so.p/property-types_gegl-path.c.o
[165/740] Linking target gegl/libgegl-0.4.so
[166/740] Compiling C object subprojects/poly2tri-c/poly2tri-c/p2t/libp2tc.a.p/sweep_cdt.c.o
[167/740] Compiling C object subprojects/poly2tri-c/poly2tri-c/p2t/libp2tc.a.p/sweep_sweep_context.c.o
[168/740] Generating symbol file gegl/libgegl-0.4.so.p/libgegl-0.4.so.symbols
[169/740] Compiling C object subprojects/poly2tri-c/poly2tri-c/refine/libp2tc_refine.a.p/bounded-line.c.o
[170/740] Compiling C object subprojects/poly2tri-c/poly2tri-c/refine/libp2tc_refine.a.p/cdt-flipfix.c.o
[171/740] Compiling C object subprojects/poly2tri-c/poly2tri-c/refine/libp2tc_refine.a.p/circle.c.o
[172/740] Compiling C object subprojects/poly2tri-c/poly2tri-c/p2t/libp2tc.a.p/sweep_sweep.c.o
[173/740] Compiling C object subprojects/poly2tri-c/poly2tri-c/refine/libp2tc_refine.a.p/cdt.c.o
[174/740] Compiling C object subprojects/poly2tri-c/poly2tri-c/refine/libp2tc_refine.a.p/cluster.c.o
[175/740] Compiling C object subprojects/poly2tri-c/poly2tri-c/refine/libp2tc_refine.a.p/edge.c.o
[176/740] Compiling C object subprojects/poly2tri-c/poly2tri-c/refine/libp2tc_refine.a.p/line.c.o
[177/740] Compiling C object subprojects/poly2tri-c/poly2tri-c/refine/libp2tc_refine.a.p/delaunay-terminator.c.o
[178/740] Compiling C object subprojects/poly2tri-c/poly2tri-c/refine/libp2tc_refine.a.p/mesh-action.c.o
[179/740] Compiling C object subprojects/poly2tri-c/poly2tri-c/refine/libp2tc_refine.a.p/mesh.c.o
[180/740] Compiling C object subprojects/poly2tri-c/poly2tri-c/refine/libp2tc_refine.a.p/pslg.c.o
[181/740] Compiling C object subprojects/poly2tri-c/poly2tri-c/refine/libp2tc_refine.a.p/point.c.o
[182/740] Compiling C object subprojects/poly2tri-c/poly2tri-c/refine/libp2tc_refine.a.p/refiner.c.o
[183/740] Compiling C object subprojects/poly2tri-c/poly2tri-c/refine/libp2tc_refine.a.p/utils.c.o
[184/740] Compiling C object subprojects/poly2tri-c/poly2tri-c/refine/libp2tc_refine.a.p/rmath.c.o
[185/740] Compiling C object subprojects/poly2tri-c/poly2tri-c/refine/libp2tc_refine.a.p/vector2.c.o
[186/740] Compiling C object subprojects/poly2tri-c/poly2tri-c/refine/libp2tc_refine.a.p/triangle.c.o
[187/740] Compiling C object subprojects/poly2tri-c/poly2tri-c/refine/libp2tc_refine.a.p/vtriangle.c.o
[188/740] Compiling C object subprojects/poly2tri-c/poly2tri-c/refine/libp2tc_refine.a.p/vedge.c.o
[189/740] Compiling C object subprojects/poly2tri-c/poly2tri-c/refine/libp2tc_refine.a.p/visibility.c.o
[190/740] Compiling C object subprojects/poly2tri-c/poly2tri-c/render/libp2tc_render.a.p/mesh-render.c.o
[191/740] Linking target libs/npd/libgegl-npd-0.4.so
[192/740] Compiling C object subprojects/poly2tri-c/poly2tri-c/render/libp2tc_render.a.p/svg-plot.c.o
[193/740] Linking static target subprojects/poly2tri-c/libpoly2tri-c.a
[194/740] Generating symbol file libs/npd/libgegl-npd-0.4.so.p/libgegl-npd-0.4.so.symbols
[195/740] Compiling C object seamless-clone/libgegl-sc-0.4.so.p/sc-context.c.o
[196/740] Compiling C object seamless-clone/libgegl-sc-0.4.so.p/sc-outline.c.o
[197/740] Compiling C object seamless-clone/libgegl-sc-0.4.so.p/sc-sample.c.o
[198/740] Compiling C object subprojects/libnsgif/libnsgif.a.p/lzw.c.o
[199/740] Compiling C object subprojects/libnsgif/libnsgif.a.p/gif.c.o
[200/740] Compiling C object libs/rgbe/librgbe.a.p/rgbe.c.o
[201/740] Compiling C object operations/libgegl-op-utils.a.p/utils_gegl-op-utils-gio.c.o
[202/740] Generating operations/common-gpl3+/module_common_gpl3.c with a custom command (wrapped by meson to capture output)
[203/740] Generating operations/common-cxx/module_common_gpl3.c with a custom command (wrapped by meson to capture output)
[204/740] Generating operations/common/module_common.c with a custom command (wrapped by meson to capture output)
[205/740] Linking static target subprojects/libnsgif/libnsgif.a
[206/740] Generating operations/core/module_core.c with a custom command (wrapped by meson to capture output)
[207/740] Linking static target libs/rgbe/librgbe.a
[208/740] Generating operations/generated/module_generated_gpl3.c with a custom command (wrapped by meson to capture output)
[209/740] Compiling C object bin/gegl.p/gegl-path-smooth.c.o
[210/740] Compiling C object bin/gegl.p/gegl-options.c.o
[211/740] Compiling C object bin/gegl.p/gegl.c.o
[212/740] Compiling C object tools/detect_opencl.p/detect_opencl.c.o
[213/740] Compiling C object tools/gegl-imgcmp.p/gegl-imgcmp.c.o
[214/740] Compiling C object tools/introspect.p/introspect.c.o
[215/740] Compiling C object tools/gegl-tester.p/gegl-tester.c.o
[216/740] Compiling C object tools/operation_reference.p/operation_reference.c.o
[217/740] Linking static target operations/libgegl-op-utils.a
[218/740] Compiling C object operations/common-gpl3+/gegl-common-gpl3.so.p/meson-generated_.._module_common_gpl3.c.o
[219/740] Compiling C object tools/operations_html.p/operations_html.c.o
[220/740] Compiling C object operations/common-gpl3+/gegl-common-gpl3.so.p/antialias.c.o
[221/740] Compiling C object operations/common-gpl3+/gegl-common-gpl3.so.p/apply-lens.c.o
[222/740] Compiling C object operations/common-gpl3+/gegl-common-gpl3.so.p/bayer-matrix.c.o
[223/740] Compiling C object operations/common-gpl3+/gegl-common-gpl3.so.p/bump-map.c.o
[224/740] Compiling C object operations/common-gpl3+/gegl-common-gpl3.so.p/cartoon.c.o
[225/740] Compiling C object operations/common-gpl3+/gegl-common-gpl3.so.p/channel-mixer.c.o
[226/740] Compiling C object operations/common-gpl3+/gegl-common-gpl3.so.p/color-exchange.c.o
[227/740] Compiling C object operations/common-gpl3+/gegl-common-gpl3.so.p/color-to-alpha.c.o
[228/740] Compiling C object operations/common-gpl3+/gegl-common-gpl3.so.p/deinterlace.c.o
[229/740] Compiling C object operations/common-gpl3+/gegl-common-gpl3.so.p/cubism.c.o
[230/740] Compiling C object operations/common-gpl3+/gegl-common-gpl3.so.p/diffraction-patterns.c.o
[231/740] Compiling C object operations/common-gpl3+/gegl-common-gpl3.so.p/displace.c.o
[232/740] Compiling C object operations/common-gpl3+/gegl-common-gpl3.so.p/edge-laplace.c.o
[233/740] Compiling C object operations/common-gpl3+/gegl-common-gpl3.so.p/edge.c.o
[234/740] Compiling C object operations/common-gpl3+/gegl-common-gpl3.so.p/emboss.c.o
[235/740] Compiling C object operations/common-gpl3+/gegl-common-gpl3.so.p/engrave.c.o
[236/740] Compiling C object operations/common-gpl3+/gegl-common-gpl3.so.p/fractal-explorer.c.o
[237/740] Compiling C object operations/common-gpl3+/gegl-common-gpl3.so.p/fractal-trace.c.o
[238/740] Compiling C object operations/common-gpl3+/gegl-common-gpl3.so.p/gaussian-blur-selective.c.o
[239/740] Compiling C object operations/common-gpl3+/gegl-common-gpl3.so.p/illusion.c.o
[240/740] Compiling C object operations/common-gpl3+/gegl-common-gpl3.so.p/lens-flare.c.o
[241/740] Compiling C object operations/common-gpl3+/gegl-common-gpl3.so.p/linear-sinusoid.c.o
[242/740] Compiling C object operations/common-gpl3+/gegl-common-gpl3.so.p/lens-distortion.c.o
[243/740] Compiling C object operations/common-gpl3+/gegl-common-gpl3.so.p/motion-blur-circular.c.o
[244/740] Compiling C object operations/common-gpl3+/gegl-common-gpl3.so.p/maze.c.o
[245/740] Compiling C object operations/common-gpl3+/gegl-common-gpl3.so.p/motion-blur-zoom.c.o
[246/740] Compiling C object operations/common-gpl3+/gegl-common-gpl3.so.p/noise-slur.c.o
[247/740] Compiling C object operations/common-gpl3+/gegl-common-gpl3.so.p/noise-solid.c.o
[248/740] Compiling C object operations/common-gpl3+/gegl-common-gpl3.so.p/oilify.c.o
[249/740] Compiling C object operations/common-gpl3+/gegl-common-gpl3.so.p/mosaic.c.o
[250/740] Compiling C object operations/common-gpl3+/gegl-common-gpl3.so.p/photocopy.c.o
[251/740] Compiling C object operations/common-gpl3+/gegl-common-gpl3.so.p/plasma.c.o
[252/740] Compiling C object operations/common-gpl3+/gegl-common-gpl3.so.p/polar-coordinates.c.o
[253/740] Compiling C object operations/common-gpl3+/gegl-common-gpl3.so.p/red-eye-removal.c.o
[254/740] Compiling C object operations/common-gpl3+/gegl-common-gpl3.so.p/ripple.c.o
[255/740] Compiling C object operations/common-gpl3+/gegl-common-gpl3.so.p/shadows-highlights.c.o
[256/740] Compiling C object operations/common-gpl3+/gegl-common-gpl3.so.p/shadows-highlights-correction.c.o
[257/740] Compiling C object operations/common-gpl3+/gegl-common-gpl3.so.p/shift.c.o
[258/740] Compiling C object operations/common-gpl3+/gegl-common-gpl3.so.p/softglow.c.o
[259/740] Compiling C object operations/common-gpl3+/gegl-common-gpl3.so.p/sinus.c.o
[260/740] Compiling C object operations/common-gpl3+/gegl-common-gpl3.so.p/spiral.c.o
[261/740] Compiling C object operations/common-gpl3+/gegl-common-gpl3.so.p/supernova.c.o
[262/740] Compiling C object operations/common-gpl3+/gegl-common-gpl3.so.p/texturize-canvas.c.o
[263/740] Compiling C object operations/common-gpl3+/gegl-common-gpl3.so.p/tile-glass.c.o
[264/740] Compiling C object operations/common-gpl3+/gegl-common-gpl3.so.p/tile-paper.c.o
[265/740] Compiling C object operations/common-gpl3+/gegl-common-gpl3.so.p/video-degradation.c.o
[266/740] Compiling C object operations/common-gpl3+/gegl-common-gpl3.so.p/value-propagate.c.o
[267/740] Compiling C object operations/common-gpl3+/gegl-common-gpl3.so.p/waves.c.o
[268/740] Compiling C object operations/common-gpl3+/gegl-common-gpl3.so.p/whirl-pinch.c.o
[269/740] Compiling C object operations/common-cxx/gegl-common-cxx.so.p/meson-generated_.._module_common_gpl3.c.o
[270/740] Compiling C object operations/common-gpl3+/gegl-common-gpl3.so.p/wind.c.o
[271/740] Compiling C object operations/common-cxx/gegl-common-cxx.so.p/focus-blur.c.o
[272/740] Compiling C++ object operations/common-cxx/gegl-common-cxx.so.p/distance-transform.cc.o
[273/740] Compiling C++ object operations/common-cxx/gegl-common-cxx.so.p/lens-blur.cc.o
[274/740] Compiling C++ object operations/common-cxx/gegl-common-cxx.so.p/denoise-dct.cc.o
[275/740] Compiling C object operations/common-cxx/gegl-common-cxx.so.p/variable-blur.c.o
[276/740] Compiling C++ object operations/common-cxx/gegl-common-cxx.so.p/piecewise-blend.cc.o
[277/740] Compiling C object operations/common/gegl-common.so.p/meson-generated_.._module_common.c.o
[278/740] Compiling C++ object operations/common-cxx/gegl-common-cxx.so.p/warp.cc.o
[279/740] Compiling C object operations/common/gegl-common.so.p/absolute.c.o
[280/740] Compiling C object operations/common/gegl-common.so.p/alpha-clip.c.o
[281/740] Compiling C object operations/common/gegl-common.so.p/alien-map.c.o
[282/740] Compiling C object operations/common/gegl-common.so.p/bevel.c.o
[283/740] Compiling C object operations/common/gegl-common.so.p/bilateral-filter.c.o
[284/740] Compiling C object operations/common/gegl-common.so.p/bloom.c.o
[285/740] Compiling C object operations/common/gegl-common.so.p/buffer-sink.c.o
[286/740] Compiling C object operations/common/gegl-common.so.p/box-blur.c.o
[287/740] Compiling C object operations/common/gegl-common.so.p/brightness-contrast.c.o
[288/740] Compiling C object operations/common/gegl-common.so.p/buffer-source.c.o
[289/740] Compiling C object operations/common/gegl-common.so.p/checkerboard.c.o
[290/740] Compiling C object operations/common/gegl-common.so.p/c2g.c.o
[291/740] Compiling C object operations/common/gegl-common.so.p/color-assimilation-grid.c.o
[292/740] Compiling C object operations/common/gegl-common.so.p/color-enhance.c.o
[293/740] Compiling C object operations/common/gegl-common.so.p/color-overlay.c.o
[294/740] Compiling C object operations/common/gegl-common.so.p/color-rotate.c.o
[295/740] Compiling C object operations/common/gegl-common.so.p/color-temperature.c.o
[296/740] Compiling C object operations/common/gegl-common.so.p/color-warp.c.o
[297/740] Compiling C object operations/common/gegl-common.so.p/color.c.o
[298/740] Compiling C object operations/common/gegl-common.so.p/component-extract.c.o
[299/740] Compiling C object operations/common/gegl-common.so.p/contrast-curve.c.o
[300/740] Compiling C object operations/common/gegl-common.so.p/copy-buffer.c.o
[301/740] Compiling C object operations/common/gegl-common.so.p/difference-of-gaussians.c.o
[302/740] Compiling C object operations/common/gegl-common.so.p/display.c.o
[303/740] Compiling C object operations/common/gegl-common.so.p/convolution-matrix.c.o
[304/740] Compiling C object operations/common/gegl-common.so.p/dropshadow.c.o
[305/740] Compiling C object operations/common/gegl-common.so.p/domain-transform.c.o
[306/740] Compiling C object operations/common/gegl-common.so.p/edge-sobel.c.o
[307/740] Compiling C object operations/common/gegl-common.so.p/edge-neon.c.o
[308/740] Compiling C object operations/common/gegl-common.so.p/dither.c.o
[309/740] Compiling C object operations/common/gegl-common.so.p/exposure.c.o
[310/740] Compiling C object libs/ctx/libgegl_ctx.a.p/gegl_ctx.c.o
[311/740] Linking static target libs/ctx/libgegl_ctx.a
[312/740] Compiling C object operations/common/gegl-common.so.p/exp-combine.c.o
[313/740] Compiling C object operations/common/gegl-common.so.p/gaussian-blur.c.o
[314/740] Linking target seamless-clone/libgegl-sc-0.4.so
[315/740] Generating symbol file seamless-clone/libgegl-sc-0.4.so.p/libgegl-sc-0.4.so.symbols
[316/740] Compiling C object operations/common/gegl-common.so.p/gegl-buffer-load-op.c.o
[317/740] Compiling C object operations/common/gegl-common.so.p/gegl-buffer-save-op.c.o
[318/740] Compiling C object operations/common/gegl-common.so.p/gegl.c.o
[319/740] Compiling C object operations/common/gegl-common.so.p/fattal02.c.o
[320/740] Compiling C object operations/common/gegl-common.so.p/grey.c.o
[321/740] Compiling C object operations/common/gegl-common.so.p/gblur-1d.c.o
[322/740] Compiling C object operations/common/gegl-common.so.p/high-pass.c.o
[323/740] Compiling C object operations/common/gegl-common.so.p/grid.c.o
[324/740] Compiling C object operations/common/gegl-common.so.p/hue-chroma.c.o
[325/740] Compiling C object operations/common/gegl-common.so.p/icc-load.c.o
[326/740] Compiling C object operations/common/gegl-common.so.p/image-compare.c.o
[327/740] Compiling C object operations/common/gegl-common.so.p/icc-save.c.o
[328/740] Compiling C object operations/common/gegl-common.so.p/image-gradient.c.o
[329/740] Compiling C object operations/common/gegl-common.so.p/inner-glow.c.o
[330/740] Compiling C object operations/common/gegl-common.so.p/introspect.c.o
[331/740] Compiling C object operations/common/gegl-common.so.p/levels.c.o
[332/740] Compiling C object operations/common/gegl-common.so.p/invert-gamma.c.o
[333/740] Compiling C object operations/common/gegl-common.so.p/layer.c.o
[334/740] Compiling C object operations/common/gegl-common.so.p/invert-linear.c.o
[335/740] Compiling C object operations/common/gegl-common.so.p/linear-gradient.c.o
[336/740] Compiling C object operations/common/gegl-common.so.p/local-threshold.c.o
[337/740] Compiling C object operations/common/gegl-common.so.p/little-planet.c.o
[338/740] Compiling C object operations/common/gegl-common.so.p/magick-load.c.o
[339/740] Compiling C object operations/common/gegl-common.so.p/map-absolute.c.o
[340/740] Compiling C object operations/common/gegl-common.so.p/long-shadow.c.o
[341/740] Compiling C object operations/common/gegl-common.so.p/map-relative.c.o
[342/740] Compiling C object operations/common/gegl-common.so.p/mblur.c.o
[343/740] Compiling C object operations/common/gegl-common.so.p/matting-global.c.o
[344/740] Compiling C object operations/common/gegl-common.so.p/mantiuk06.c.o
[345/740] Compiling C object operations/common/gegl-common.so.p/mean-curvature-blur.c.o
[346/740] Compiling C object operations/common/gegl-common.so.p/mix.c.o
[347/740] Compiling C object operations/common/gegl-common.so.p/mirrors.c.o
[348/740] Compiling C object operations/common/gegl-common.so.p/mono-mixer.c.o
[349/740] Compiling C object operations/common/gegl-common.so.p/median-blur.c.o
[350/740] Compiling C object operations/common/gegl-common.so.p/motion-blur-linear.c.o
[351/740] Compiling C object operations/common/gegl-common.so.p/newsprint.c.o
[352/740] Compiling C object operations/common/gegl-common.so.p/negative-darkroom.c.o
[353/740] Compiling C object operations/common/gegl-common.so.p/noise-cie-lch.c.o
[354/740] Compiling C object operations/common/gegl-common.so.p/noise-cell.c.o
[355/740] Compiling C object operations/common/gegl-common.so.p/noise-hurl.c.o
[356/740] Compiling C object operations/common/gegl-common.so.p/noise-hsv.c.o
[357/740] Compiling C object operations/common/gegl-common.so.p/noise-perlin.c.o
[358/740] Compiling C object operations/common/gegl-common.so.p/noise-pick.c.o
[359/740] Compiling C object operations/common/gegl-common.so.p/noise-rgb.c.o
[360/740] Compiling C object operations/common/gegl-common.so.p/noise-reduction.c.o
[361/740] Compiling C object operations/common/gegl-common.so.p/noise-spread.c.o
[362/740] Compiling C object operations/common/gegl-common.so.p/noise-simplex.c.o
[363/740] Compiling C object operations/common/gegl-common.so.p/normal-map.c.o
[364/740] Compiling C object operations/common/gegl-common.so.p/opacity.c.o
[365/740] Compiling C object operations/common/gegl-common.so.p/open-buffer.c.o
[366/740] Compiling C object operations/common/gegl-common.so.p/over.c.o
[367/740] Compiling C object operations/common/gegl-common.so.p/pack.c.o
[368/740] Compiling C object operations/common/gegl-common.so.p/panorama-projection.c.o
[369/740] Compiling C object operations/common/gegl-common.so.p/posterize.c.o
[370/740] Compiling C object operations/common/gegl-common.so.p/radial-gradient.c.o
[371/740] Compiling C object operations/common/gegl-common.so.p/rectangle.c.o
[372/740] Compiling C object operations/common/gegl-common.so.p/pixelize.c.o
[373/740] Compiling C object operations/common/gegl-common.so.p/recursive-transform.c.o
[374/740] Compiling C object operations/common/gegl-common.so.p/remap.c.o
[375/740] Compiling C object operations/common/gegl-common.so.p/reinhard05.c.o
[376/740] Compiling C object operations/common/gegl-common.so.p/rgb-clip.c.o
[377/740] Compiling C object operations/common/gegl-common.so.p/saturation.c.o
[378/740] Compiling C object operations/common/gegl-common.so.p/sepia.c.o
[379/740] Compiling C object operations/common/gegl-common.so.p/save.c.o
[380/740] Compiling C object operations/common/gegl-common.so.p/slic.c.o
[381/740] Compiling C object operations/common/gegl-common.so.p/spherize.c.o
[382/740] Compiling C object operations/common/gegl-common.so.p/snn-mean.c.o
[383/740] Compiling C object operations/common/gegl-common.so.p/stress.c.o
[384/740] Compiling C object operations/common/gegl-common.so.p/stretch-contrast-hsv.c.o
[385/740] Compiling C object operations/common/gegl-common.so.p/svg-huerotate.c.o
[386/740] Compiling C object operations/common/gegl-common.so.p/svg-luminancetoalpha.c.o
[387/740] Compiling C object operations/common/gegl-common.so.p/stretch-contrast.c.o
[388/740] Compiling C object operations/common/gegl-common.so.p/svg-matrix.c.o
[389/740] Compiling C object operations/common/gegl-common.so.p/styles.c.o
[390/740] Compiling C object operations/common/gegl-common.so.p/svg-saturate.c.o
[391/740] Compiling C object operations/common/gegl-common.so.p/threshold.c.o
[392/740] Compiling C object operations/common/gegl-common.so.p/tile.c.o
[393/740] Compiling C object operations/common/gegl-common.so.p/tile-seamless.c.o
[394/740] Compiling C object operations/common/gegl-common.so.p/unpremultiply.c.o
[395/740] Compiling C object operations/common/gegl-common.so.p/unsharp-mask.c.o
[396/740] Compiling C object operations/common/gegl-common.so.p/value-invert.c.o
[397/740] Compiling C object operations/common/gegl-common.so.p/vibrance.c.o
[398/740] Compiling C object operations/common/gegl-common.so.p/vignette.c.o
[399/740] Compiling C object operations/common/gegl-common.so.p/waterpixels.c.o
[400/740] Compiling C object operations/common/gegl-common.so.p/wavelet-blur-1d.c.o
[401/740] Compiling C object operations/common/gegl-common.so.p/wavelet-blur.c.o
[402/740] Compiling C object operations/common/gegl-common.so.p/watershed-transform.c.o
[403/740] Compiling C object operations/common/gegl-common.so.p/weighted-blend.c.o
[404/740] Compiling C object operations/core/gegl-core.so.p/meson-generated_.._module_core.c.o
[405/740] Compiling C object operations/common/gegl-common.so.p/write-buffer.c.o
[406/740] Compiling C object operations/core/gegl-core.so.p/cache.c.o
[407/740] Compiling C object operations/core/gegl-core.so.p/cast-format.c.o
[408/740] Compiling C object operations/core/gegl-core.so.p/cast-space.c.o
[409/740] Compiling C object operations/core/gegl-core.so.p/clone.c.o
[410/740] Compiling C object operations/core/gegl-core.so.p/convert-format.c.o
[411/740] Compiling C object operations/core/gegl-core.so.p/convert-space.c.o
[412/740] Compiling C object operations/core/gegl-core.so.p/crop.c.o
[413/740] Compiling C object operations/core/gegl-core.so.p/nop.c.o
[414/740] Compiling C object operations/core/gegl-core.so.p/json.c.o
[415/740] Compiling C object operations/core/gegl-core.so.p/load.c.o
[416/740] Compiling C object operations/external/ppm-save.so.p/ppm-save.c.o
[417/740] Compiling C object operations/external/ppm-load.so.p/ppm-load.c.o
[418/740] Compiling C object operations/external/rgbe-load.so.p/rgbe-load.c.o
[419/740] Compiling C object operations/external/vector-fill.so.p/vector-fill.c.o
[420/740] Compiling C object operations/external/rgbe-save.so.p/rgbe-save.c.o
[421/740] Compiling C object operations/external/npy-save.so.p/npy-save.c.o
[422/740] Compiling C object operations/external/gif-load.so.p/gif-load.c.o
[423/740] Compiling C object operations/external/png-load.so.p/png-load.c.o
[424/740] Compiling C object operations/external/png-save.so.p/png-save.c.o
[425/740] Compiling C object operations/external/jpg-load.so.p/jpg-load.c.o
[426/740] Compiling C object operations/generated/gegl-generated.so.p/meson-generated_.._module_generated_gpl3.c.o
[427/740] Compiling C object operations/generated/gegl-generated.so.p/add.c.o
[428/740] Compiling C object operations/external/jpg-save.so.p/jpg-save.c.o
[429/740] Compiling C object operations/generated/gegl-generated.so.p/clear.c.o
[430/740] Compiling C object operations/generated/gegl-generated.so.p/color-burn.c.o
[431/740] Compiling C object operations/generated/gegl-generated.so.p/color-dodge.c.o
[432/740] Compiling C object operations/generated/gegl-generated.so.p/darken.c.o
[433/740] Compiling C object operations/generated/gegl-generated.so.p/difference.c.o
[434/740] Compiling C object operations/generated/gegl-generated.so.p/divide.c.o
[435/740] Compiling C object operations/generated/gegl-generated.so.p/dst-atop.c.o
[436/740] Compiling C object operations/generated/gegl-generated.so.p/dst-in.c.o
[437/740] Compiling C object operations/generated/gegl-generated.so.p/dst-out.c.o
[438/740] Compiling C object operations/generated/gegl-generated.so.p/dst-over.c.o
[439/740] Compiling C object operations/generated/gegl-generated.so.p/dst.c.o
[440/740] Compiling C object operations/generated/gegl-generated.so.p/exclusion.c.o
[441/740] Compiling C object operations/generated/gegl-generated.so.p/gamma.c.o
[442/740] Compiling C object operations/generated/gegl-generated.so.p/hard-light.c.o
[443/740] Compiling C object operations/generated/gegl-generated.so.p/lighten.c.o
[444/740] Compiling C object operations/generated/gegl-generated.so.p/multiply.c.o
[445/740] Compiling C object operations/generated/gegl-generated.so.p/overlay.c.o
[446/740] Compiling C object operations/generated/gegl-generated.so.p/plus.c.o
[447/740] Compiling C object operations/generated/gegl-generated.so.p/screen.c.o
[448/740] Compiling C object operations/generated/gegl-generated.so.p/src-atop.c.o
[449/740] Compiling C object operations/generated/gegl-generated.so.p/soft-light.c.o
[450/740] Compiling C object operations/generated/gegl-generated.so.p/src-in.c.o
[451/740] Compiling C object operations/generated/gegl-generated.so.p/src-out.c.o
[452/740] Compiling C object operations/generated/gegl-generated.so.p/src.c.o
[453/740] Compiling C object operations/generated/gegl-generated.so.p/subtract.c.o
[454/740] Compiling C object operations/generated/gegl-generated.so.p/xor.c.o
[455/740] Compiling C object operations/seamless-clone/seamless-clone-compose.so.p/seamless-clone-compose.c.o
[456/740] Compiling C object operations/transform/transformops.so.p/module.c.o
[457/740] Compiling C object operations/seamless-clone/seamless-clone.so.p/seamless-clone.c.o
[458/740] Compiling C object operations/transform/transformops.so.p/border-align.c.o
[459/740] Compiling C object operations/transform/transformops.so.p/reset-origin.c.o
[460/740] Compiling C object operations/transform/transformops.so.p/reflect.c.o
[461/740] Compiling C object operations/transform/transformops.so.p/rotate-on-center.c.o
[462/740] Compiling C object operations/transform/transformops.so.p/rotate.c.o
[463/740] Compiling C object operations/transform/transformops.so.p/scale-ratio.c.o
[464/740] Compiling C object operations/transform/transformops.so.p/scale-size-keepaspect.c.o
[465/740] Compiling C object operations/transform/transformops.so.p/scale-size.c.o
[466/740] Compiling C object operations/transform/transformops.so.p/scale.c.o
[467/740] Compiling C object operations/transform/transformops.so.p/shear.c.o
[468/740] Compiling C object operations/transform/transformops.so.p/transform.c.o
[469/740] Compiling C object examples/2geglbuffer.p/2geglbuffer.c.o
[470/740] Compiling C object operations/transform/transformops.so.p/translate.c.o
[471/740] Compiling C object operations/transform/transformops.so.p/transform-core.c.o
[472/740] Compiling C object examples/frame-counter.p/frame-counter.c.o
[473/740] Compiling C object examples/gegl-convert.p/gegl-convert.c.o
[474/740] Compiling C object examples/geglbuffer-add-image.p/geglbuffer-add-image.c.o
[475/740] Compiling C object examples/gegl-slicer.p/gegl-slicer.c.o
[476/740] Compiling C object examples/hello-world.p/hello-world.c.o
[477/740] Compiling C object examples/video-invert.p/video-invert.c.o
[478/740] Compiling C object examples/geglbuffer-clock.p/geglbuffer-clock.c.o
[479/740] Compiling C object tests/simple/backend-file.p/test-backend-file.c.o
[480/740] Compiling C object tests/simple/buffer-cast.p/test-buffer-cast.c.o
[481/740] Compiling C object tests/simple/buffer-extract.p/test-buffer-extract.c.o
[482/740] Compiling C object tests/simple/buffer-hot-tile.p/test-buffer-hot-tile.c.o
[483/740] Compiling C object tests/simple/buffer-iterator-aliasing.p/test-buffer-iterator-aliasing.c.o
[484/740] Compiling C object tests/simple/buffer-sharing.p/test-buffer-sharing.c.o
[485/740] Compiling C object tests/simple/buffer-tile-voiding.p/test-buffer-tile-voiding.c.o
[486/740] Compiling C object tests/simple/buffer-unaligned-access.p/test-buffer-unaligned-access.c.o
[487/740] Compiling C object tests/simple/change-processor-rect.p/test-change-processor-rect.c.o
[488/740] Compiling C object tests/simple/color-op.p/test-color-op.c.o
[489/740] Compiling C object tests/simple/compression.p/test-compression.c.o
[490/740] Compiling C object tests/simple/convert-format.p/test-convert-format.c.o
[491/740] Compiling C object tests/simple/empty-tile.p/test-empty-tile.c.o
[492/740] Compiling C object tests/simple/format-sensing.p/test-format-sensing.c.o
[493/740] Compiling C object tests/simple/gegl-rectangle.p/test-gegl-rectangle.c.o
[494/740] Compiling C object tests/simple/image-compare.p/test-image-compare.c.o
[495/740] Compiling C object tests/simple/misc.p/test-misc.c.o
[496/740] Compiling C object tests/simple/license-check.p/test-license-check.c.o
[497/740] Compiling C object tests/simple/node-exponential.p/test-node-exponential.c.o
[498/740] Compiling C object tests/simple/node-connections.p/test-node-connections.c.o
[499/740] Compiling C object tests/simple/node-passthrough.p/test-node-passthrough.c.o
[500/740] Compiling C object tests/simple/node-properties.p/test-node-properties.c.o
[501/740] Compiling C object tests/simple/object-forked.p/test-object-forked.c.o
[502/740] Compiling C object tests/simple/opencl-colors.p/test-opencl-colors.c.o
[503/740] Compiling C object tests/simple/path.p/test-path.c.o
[504/740] Compiling C object tests/simple/proxynop-processing.p/test-proxynop-processing.c.o
[505/740] Compiling C object tests/simple/scaled-blit.p/test-scaled-blit.c.o
[506/740] Compiling C object tests/simple/serialize.p/test-serialize.c.o
[507/740] Compiling C object tests/simple/svg-abyss.p/test-svg-abyss.c.o
[508/740] Compiling C object tests/simple/buffer-changes.p/test-buffer-changes.c.o
[509/740] Compiling C object tests/simple/gegl-color.p/test-gegl-color.c.o
[510/740] Compiling C object tests/simple/gegl-tile.p/test-gegl-tile.c.o
[511/740] Compiling C object tests/buffer/blank.p/buffer-test-wrapper.c.o
[512/740] Compiling C object tests/buffer/buffer_copy.p/buffer-test-wrapper.c.o
[513/740] Compiling C object tests/buffer/buffer_copy_abyss.p/buffer-test-wrapper.c.o
[514/740] Compiling C object tests/buffer/buffer_copy_lower_left.p/buffer-test-wrapper.c.o
[515/740] Compiling C object tests/buffer/buffer_copy_lower_right.p/buffer-test-wrapper.c.o
[516/740] Compiling C object tests/buffer/buffer_copy_self.p/buffer-test-wrapper.c.o
[517/740] Compiling C object tests/buffer/buffer_copy_upper_left.p/buffer-test-wrapper.c.o
[518/740] Compiling C object tests/buffer/buffer_copy_upper_right.p/buffer-test-wrapper.c.o
[519/740] Compiling C object tests/buffer/buffer_dup_copy1.p/buffer-test-wrapper.c.o
[520/740] Compiling C object tests/buffer/buffer_dup_copy2.p/buffer-test-wrapper.c.o
[521/740] Compiling C object tests/buffer/buffer_dup_delete1.p/buffer-test-wrapper.c.o
[522/740] Compiling C object tests/buffer/buffer_dup_delete2.p/buffer-test-wrapper.c.o
[523/740] Compiling C object tests/buffer/buffer_dup_write1.p/buffer-test-wrapper.c.o
[524/740] Compiling C object tests/buffer/buffer_dup_write2.p/buffer-test-wrapper.c.o
[525/740] Compiling C object tests/buffer/buffer_dup_write3.p/buffer-test-wrapper.c.o
[526/740] Compiling C object tests/buffer/buffer_dup_write4.p/buffer-test-wrapper.c.o
[527/740] Compiling C object tests/buffer/buffer_iterator1.p/buffer-test-wrapper.c.o
[528/740] Compiling C object tests/buffer/buffer_iterator1sub.p/buffer-test-wrapper.c.o
[529/740] Compiling C object tests/buffer/buffer_iterator2.p/buffer-test-wrapper.c.o
[530/740] Compiling C object tests/buffer/buffer_iterator2sub.p/buffer-test-wrapper.c.o
[531/740] Compiling C object tests/buffer/buffer_iterator3.p/buffer-test-wrapper.c.o
[532/740] Compiling C object tests/buffer/buffer_iterator3sub.p/buffer-test-wrapper.c.o
[533/740] Compiling C object tests/buffer/buffer_iterator4.p/buffer-test-wrapper.c.o
[534/740] Compiling C object tests/buffer/buffer_iterator4sub.p/buffer-test-wrapper.c.o
[535/740] Compiling C object tests/buffer/buffer_linear_copy.p/buffer-test-wrapper.c.o
[536/740] Compiling C object tests/buffer/buffer_linear_iter.p/buffer-test-wrapper.c.o
[537/740] Compiling C object tests/buffer/buffer_linear_iter2.p/buffer-test-wrapper.c.o
[538/740] Compiling C object tests/buffer/buffer_multcopy.p/buffer-test-wrapper.c.o
[539/740] Compiling C object tests/buffer/buffer_set_pattern.p/buffer-test-wrapper.c.o
[540/740] Compiling C object tests/buffer/buffer_shift_diagonal.p/buffer-test-wrapper.c.o
[541/740] Compiling C object tests/buffer/buffer_shift_horizontal.p/buffer-test-wrapper.c.o
[542/740] Compiling C object tests/buffer/buffer_shift_vertical.p/buffer-test-wrapper.c.o
[543/740] Compiling C object tests/buffer/checks.p/buffer-test-wrapper.c.o
[544/740] Compiling C object tests/buffer/disabled_abyss.p/buffer-test-wrapper.c.o
[545/740] Compiling C object tests/buffer/dup_linear_from_data.p/buffer-test-wrapper.c.o
[546/740] Compiling C object tests/buffer/get_abyss_black.p/buffer-test-wrapper.c.o
[547/740] Compiling C object tests/buffer/get_abyss_clamp.p/buffer-test-wrapper.c.o
[548/740] Compiling C object tests/buffer/get_abyss_empty_buffer.p/buffer-test-wrapper.c.o
[549/740] Compiling C object tests/buffer/get_abyss_loop.p/buffer-test-wrapper.c.o
[550/740] Compiling C object tests/buffer/get_abyss_none.p/buffer-test-wrapper.c.o
[551/740] Compiling C object tests/buffer/get_abyss_white.p/buffer-test-wrapper.c.o
[552/740] Compiling C object tests/buffer/get_buffer_scaled.p/buffer-test-wrapper.c.o
[553/740] Compiling C object tests/buffer/get_buffer_scaled2.p/buffer-test-wrapper.c.o
[554/740] Compiling C object tests/buffer/get_shifted.p/buffer-test-wrapper.c.o
[555/740] Compiling C object tests/buffer/gray.p/buffer-test-wrapper.c.o
[556/740] Compiling C object tests/buffer/grow_extent.p/buffer-test-wrapper.c.o
[557/740] Compiling C object tests/buffer/linear_from_data.p/buffer-test-wrapper.c.o
[558/740] Compiling C object tests/buffer/linear_from_data_rows.p/buffer-test-wrapper.c.o
[559/740] Compiling C object tests/buffer/linear_new.p/buffer-test-wrapper.c.o
[560/740] Compiling C object tests/buffer/linear_modify.p/buffer-test-wrapper.c.o
[561/740] Compiling C object tests/buffer/linear_proxy_modify.p/buffer-test-wrapper.c.o
[562/740] Compiling C object tests/buffer/linear_shift.p/buffer-test-wrapper.c.o
[563/740] Compiling C object tests/buffer/mipmap_iterator.p/buffer-test-wrapper.c.o
[564/740] Compiling C object tests/buffer/mipmap_iterator2.p/buffer-test-wrapper.c.o
[565/740] Compiling C object tests/buffer/mipmap_sampler.p/buffer-test-wrapper.c.o
[566/740] Compiling C object tests/buffer/mipmap_set.p/buffer-test-wrapper.c.o
[567/740] Compiling C object tests/buffer/mipmap_set2.p/buffer-test-wrapper.c.o
[568/740] Compiling C object tests/buffer/rect.p/buffer-test-wrapper.c.o
[569/740] Compiling C object tests/buffer/sample.p/buffer-test-wrapper.c.o
[570/740] Compiling C object tests/buffer/save_small_roi.p/buffer-test-wrapper.c.o
[571/740] Compiling C object tests/buffer/sub_rect_fills_and_gets.p/buffer-test-wrapper.c.o
[572/740] Compiling C object tests/buffer/sub_sub_fill.p/buffer-test-wrapper.c.o
[573/740] Compiling C object tests/buffer/sub_sub_fill2.p/buffer-test-wrapper.c.o
[574/740] Compiling C object tests/buffer/vertical_gradient.p/buffer-test-wrapper.c.o
[575/740] Compiling C object tests/xml/test-load.p/test-load.c.o
[576/740] Compiling C object tests/xml/test-roundtrip.p/test-roundtrip.c.o
[577/740] Compiling C object tests/xml/test-save.p/test-save.c.o
[578/740] Compiling C object perf/bcontrast-4x.p/test-bcontrast-4x.c.o
[579/740] Compiling C object perf/bcontrast-minichunk.p/test-bcontrast-minichunk.c.o
[580/740] Compiling C object perf/bcontrast.p/test-bcontrast.c.o
[581/740] Compiling C object perf/blur.p/test-blur.c.o
[582/740] Compiling C object perf/init.p/test-init.c.o
[583/740] Compiling C object perf/compression.p/test-compression.c.o
[584/740] Compiling C object perf/gegl-buffer-access.p/test-gegl-buffer-access.c.o
[585/740] Compiling C object perf/rotate.p/test-rotate.c.o
[586/740] Compiling C object perf/saturation.p/test-saturation.c.o
[587/740] Compiling C object perf/scale.p/test-scale.c.o
[588/740] Linking static target subprojects/poly2tri-c/poly2tri-c/p2t/libp2tc.a
[589/740] Compiling C object perf/samplers.p/test-samplers.c.o
[590/740] Linking static target subprojects/poly2tri-c/poly2tri-c/refine/libp2tc_refine.a
[591/740] Linking static target subprojects/poly2tri-c/poly2tri-c/render/libp2tc_render.a
[592/740] Linking target bin/gegl
[593/740] Linking target tools/detect_opencl
[594/740] Compiling C object perf/translate.p/test-translate.c.o
[595/740] Linking target tools/gegl-imgcmp
[596/740] Linking target tools/gegl-tester
[597/740] Linking target tools/introspect
[598/740] Linking target tools/operation_reference
[599/740] Linking target tools/operations_html
[600/740] Compiling C object perf/unsharpmask.p/test-unsharpmask.c.o
[601/740] Linking target operations/common-cxx/gegl-common-cxx.so
[602/740] Linking target operations/common-gpl3+/gegl-common-gpl3.so
[603/740] Linking target operations/core/gegl-core.so
[604/740] Linking target operations/external/ppm-load.so
[605/740] Linking target operations/external/npy-save.so
[606/740] Linking target operations/external/ppm-save.so
[607/740] Linking target operations/external/rgbe-load.so
[608/740] Linking target operations/external/vector-fill.so
[609/740] Linking target operations/external/rgbe-save.so
[610/740] Linking target operations/external/png-save.so
[611/740] Linking target operations/external/gif-load.so
[612/740] Linking target operations/external/png-load.so
[613/740] Linking target operations/external/jpg-load.so
[614/740] Linking target operations/external/jpg-save.so
[615/740] Linking target operations/common/gegl-common.so
[616/740] Linking target operations/generated/gegl-generated.so
[617/740] Linking target operations/seamless-clone/seamless-clone.so
[618/740] Linking target operations/seamless-clone/seamless-clone-compose.so
[619/740] Linking target operations/transform/transformops.so
[620/740] Linking target examples/2geglbuffer
[621/740] Linking target examples/gegl-slicer
[622/740] Linking target examples/frame-counter
[623/740] Linking target examples/gegl-convert
[624/740] Linking target examples/geglbuffer-add-image
[625/740] Linking target examples/video-invert
[626/740] Linking target examples/hello-world
[627/740] Linking target examples/geglbuffer-clock
[628/740] Linking target tests/simple/backend-file
[629/740] Linking target tests/simple/buffer-extract
[630/740] Linking target tests/simple/buffer-cast
[631/740] Linking target tests/simple/buffer-hot-tile
[632/740] Linking target tests/simple/buffer-iterator-aliasing
[633/740] Linking target tests/simple/buffer-tile-voiding
[634/740] Linking target tests/simple/buffer-sharing
[635/740] Linking target tests/simple/buffer-unaligned-access
[636/740] Linking target tests/simple/change-processor-rect
[637/740] Linking target tests/simple/color-op
[638/740] Linking target tests/simple/compression
[639/740] Linking target tests/simple/convert-format
[640/740] Linking target tests/simple/empty-tile
[641/740] Linking target tests/simple/format-sensing
[642/740] Linking target tests/simple/gegl-rectangle
[643/740] Linking target tests/simple/image-compare
[644/740] Linking target tests/simple/license-check
[645/740] Linking target tests/simple/misc
[646/740] Linking target tests/simple/node-exponential
[647/740] Linking target tests/simple/node-connections
[648/740] Linking target tests/simple/node-passthrough
[649/740] Linking target tests/simple/opencl-colors
[650/740] Linking target tests/simple/node-properties
[651/740] Linking target tests/simple/object-forked
[652/740] Linking target tests/simple/path
[653/740] Linking target tests/simple/serialize
[654/740] Linking target tests/simple/proxynop-processing
[655/740] Linking target tests/simple/scaled-blit
[656/740] Linking target tests/simple/svg-abyss
[657/740] Linking target tests/simple/gegl-tile
[658/740] Linking target tests/simple/gegl-color
[659/740] Linking target tests/simple/buffer-changes
[660/740] Linking target tests/buffer/blank
[661/740] Linking target tests/buffer/buffer_copy_abyss
[662/740] Linking target tests/buffer/buffer_copy_lower_left
[663/740] Linking target tests/buffer/buffer_copy_lower_right
[664/740] Linking target tests/buffer/buffer_copy
[665/740] Linking target tests/buffer/buffer_copy_self
[666/740] Linking target tests/buffer/buffer_copy_upper_left
[667/740] Linking target tests/buffer/buffer_copy_upper_right
[668/740] Linking target tests/buffer/buffer_dup_copy1
[669/740] Linking target tests/buffer/buffer_dup_copy2
[670/740] Linking target tests/buffer/buffer_dup_delete2
[671/740] Linking target tests/buffer/buffer_dup_delete1
[672/740] Linking target tests/buffer/buffer_dup_write1
[673/740] Linking target tests/buffer/buffer_dup_write4
[674/740] Linking target tests/buffer/buffer_dup_write3
[675/740] Linking target tests/buffer/buffer_dup_write2
[676/740] Linking target tests/buffer/buffer_iterator1
[677/740] Linking target tests/buffer/buffer_iterator3
[678/740] Linking target tests/buffer/buffer_iterator2sub
[679/740] Linking target tests/buffer/buffer_iterator1sub
[680/740] Linking target tests/buffer/buffer_iterator2
[681/740] Linking target tests/buffer/buffer_linear_copy
[682/740] Linking target tests/buffer/buffer_iterator3sub
[683/740] Linking target tests/buffer/buffer_iterator4
[684/740] Linking target tests/buffer/buffer_iterator4sub
[685/740] Linking target tests/buffer/buffer_linear_iter
[686/740] Linking target tests/buffer/buffer_linear_iter2
[687/740] Linking target tests/buffer/buffer_multcopy
[688/740] Linking target tests/buffer/buffer_set_pattern
[689/740] Linking target tests/buffer/buffer_shift_horizontal
[690/740] Linking target tests/buffer/buffer_shift_diagonal
[691/740] Linking target tests/buffer/checks
[692/740] Linking target tests/buffer/buffer_shift_vertical
[693/740] Linking target tests/buffer/dup_linear_from_data
[694/740] Linking target tests/buffer/get_abyss_black
[695/740] Linking target tests/buffer/disabled_abyss
[696/740] Linking target tests/buffer/get_abyss_clamp
[697/740] Linking target tests/buffer/get_abyss_empty_buffer
[698/740] Linking target tests/buffer/get_abyss_loop
[699/740] Linking target tests/buffer/get_abyss_none
[700/740] Linking target tests/buffer/get_abyss_white
[701/740] Linking target tests/buffer/get_buffer_scaled
[702/740] Linking target tests/buffer/get_buffer_scaled2
[703/740] Linking target tests/buffer/get_shifted
[704/740] Linking target tests/buffer/gray
[705/740] Linking target tests/buffer/linear_from_data_rows
[706/740] Linking target tests/buffer/grow_extent
[707/740] Linking target tests/buffer/linear_modify
[708/740] Linking target tests/buffer/linear_from_data
[709/740] Linking target tests/buffer/mipmap_iterator
[710/740] Linking target tests/buffer/linear_new
[711/740] Linking target tests/buffer/linear_proxy_modify
[712/740] Linking target tests/buffer/linear_shift
[713/740] Linking target tests/buffer/mipmap_set
[714/740] Linking target tests/buffer/mipmap_iterator2
[715/740] Linking target tests/buffer/mipmap_sampler
[716/740] Linking target tests/buffer/mipmap_set2
[717/740] Linking target tests/buffer/sub_rect_fills_and_gets
[718/740] Linking target tests/buffer/rect
[719/740] Linking target tests/buffer/sample
[720/740] Linking target tests/buffer/save_small_roi
[721/740] Linking target tests/buffer/sub_sub_fill
[722/740] Linking target tests/buffer/sub_sub_fill2
[723/740] Linking target tests/buffer/vertical_gradient
[724/740] Linking target tests/xml/test-load
[725/740] Linking target perf/bcontrast-minichunk
[726/740] Linking target tests/xml/test-save
[727/740] Linking target tests/xml/test-roundtrip
[728/740] Linking target perf/bcontrast-4x
[729/740] Linking target perf/bcontrast
[730/740] Linking target perf/blur
[731/740] Linking target perf/gegl-buffer-access
[732/740] Linking target perf/compression
[733/740] Linking target perf/samplers
[734/740] Linking target perf/rotate
[735/740] Linking target perf/init
[736/740] Linking target perf/saturation
[737/740] Linking target perf/translate
[738/740] Linking target perf/scale
[739/740] Linking target perf/unsharpmask
[740/740] Generating check-def-files with a custom command (wrapped by meson to set env)
INFO: autodetecting backend as ninja
INFO: calculating backend command to run: /usr/local/bin/ninja -C /tmp/tmp.h3JAIj8PRr/gegl/_build-arm64-v8a -j 4
ninja: Entering directory `/tmp/tmp.h3JAIj8PRr/gegl/_build-arm64-v8a'
[1/1] Generating check-def-files with a custom command (wrapped by meson to set env)
Installing gegl/libgegl-0.4.so to /home/runner/work/layercraft/layercraft/native-prefix/lib
Installing libs/npd/libgegl-npd-0.4.so to /home/runner/work/layercraft/layercraft/native-prefix/lib
Installing seamless-clone/libgegl-sc-0.4.so to /home/runner/work/layercraft/layercraft/native-prefix/lib
Installing bin/gegl to /home/runner/work/layercraft/layercraft/native-prefix/bin
Installing tools/gegl-imgcmp to /home/runner/work/layercraft/layercraft/native-prefix/bin
Installing operations/common-gpl3+/gegl-common-gpl3.so to /home/runner/work/layercraft/layercraft/native-prefix/lib/gegl-0.4
Installing operations/common-cxx/gegl-common-cxx.so to /home/runner/work/layercraft/layercraft/native-prefix/lib/gegl-0.4
Installing operations/common/gegl-common.so to /home/runner/work/layercraft/layercraft/native-prefix/lib/gegl-0.4
Installing operations/core/gegl-core.so to /home/runner/work/layercraft/layercraft/native-prefix/lib/gegl-0.4
Installing operations/external/ppm-load.so to /home/runner/work/layercraft/layercraft/native-prefix/lib/gegl-0.4
Installing operations/external/ppm-save.so to /home/runner/work/layercraft/layercraft/native-prefix/lib/gegl-0.4
Installing operations/external/npy-save.so to /home/runner/work/layercraft/layercraft/native-prefix/lib/gegl-0.4
Installing operations/external/vector-fill.so to /home/runner/work/layercraft/layercraft/native-prefix/lib/gegl-0.4
Installing operations/external/rgbe-load.so to /home/runner/work/layercraft/layercraft/native-prefix/lib/gegl-0.4
Installing operations/external/rgbe-save.so to /home/runner/work/layercraft/layercraft/native-prefix/lib/gegl-0.4
Installing operations/external/gif-load.so to /home/runner/work/layercraft/layercraft/native-prefix/lib/gegl-0.4
Installing operations/external/png-load.so to /home/runner/work/layercraft/layercraft/native-prefix/lib/gegl-0.4
Installing operations/external/png-save.so to /home/runner/work/layercraft/layercraft/native-prefix/lib/gegl-0.4
Installing operations/external/jpg-load.so to /home/runner/work/layercraft/layercraft/native-prefix/lib/gegl-0.4
Installing operations/external/jpg-save.so to /home/runner/work/layercraft/layercraft/native-prefix/lib/gegl-0.4
Installing operations/generated/gegl-generated.so to /home/runner/work/layercraft/layercraft/native-prefix/lib/gegl-0.4
Installing operations/seamless-clone/seamless-clone.so to /home/runner/work/layercraft/layercraft/native-prefix/lib/gegl-0.4
Installing operations/seamless-clone/seamless-clone-compose.so to /home/runner/work/layercraft/layercraft/native-prefix/lib/gegl-0.4
Installing operations/transform/transformops.so to /home/runner/work/layercraft/layercraft/native-prefix/lib/gegl-0.4
Installing /tmp/tmp.h3JAIj8PRr/gegl/gegl/opencl/CL/cl.h to /home/runner/work/layercraft/layercraft/native-prefix/include/gegl-0.4/opencl/CL
Installing /tmp/tmp.h3JAIj8PRr/gegl/gegl/opencl/CL/cl_d3d10.h to /home/runner/work/layercraft/layercraft/native-prefix/include/gegl-0.4/opencl/CL
Installing /tmp/tmp.h3JAIj8PRr/gegl/gegl/opencl/CL/cl_d3d11.h to /home/runner/work/layercraft/layercraft/native-prefix/include/gegl-0.4/opencl/CL
Installing /tmp/tmp.h3JAIj8PRr/gegl/gegl/opencl/CL/cl_dx9_media_sharing.h to /home/runner/work/layercraft/layercraft/native-prefix/include/gegl-0.4/opencl/CL
Installing /tmp/tmp.h3JAIj8PRr/gegl/gegl/opencl/CL/cl_dx9_media_sharing_intel.h to /home/runner/work/layercraft/layercraft/native-prefix/include/gegl-0.4/opencl/CL
Installing /tmp/tmp.h3JAIj8PRr/gegl/gegl/opencl/CL/cl_egl.h to /home/runner/work/layercraft/layercraft/native-prefix/include/gegl-0.4/opencl/CL
Installing /tmp/tmp.h3JAIj8PRr/gegl/gegl/opencl/CL/cl_ext.h to /home/runner/work/layercraft/layercraft/native-prefix/include/gegl-0.4/opencl/CL
Installing /tmp/tmp.h3JAIj8PRr/gegl/gegl/opencl/CL/cl_ext_intel.h to /home/runner/work/layercraft/layercraft/native-prefix/include/gegl-0.4/opencl/CL
Installing /tmp/tmp.h3JAIj8PRr/gegl/gegl/opencl/CL/cl_function_types.h to /home/runner/work/layercraft/layercraft/native-prefix/include/gegl-0.4/opencl/CL
Installing /tmp/tmp.h3JAIj8PRr/gegl/gegl/opencl/CL/cl_gl.h to /home/runner/work/layercraft/layercraft/native-prefix/include/gegl-0.4/opencl/CL
Installing /tmp/tmp.h3JAIj8PRr/gegl/gegl/opencl/CL/cl_gl_ext.h to /home/runner/work/layercraft/layercraft/native-prefix/include/gegl-0.4/opencl/CL
Installing /tmp/tmp.h3JAIj8PRr/gegl/gegl/opencl/CL/cl_half.h to /home/runner/work/layercraft/layercraft/native-prefix/include/gegl-0.4/opencl/CL
Installing /tmp/tmp.h3JAIj8PRr/gegl/gegl/opencl/CL/cl_icd.h to /home/runner/work/layercraft/layercraft/native-prefix/include/gegl-0.4/opencl/CL
Installing /tmp/tmp.h3JAIj8PRr/gegl/gegl/opencl/CL/cl_layer.h to /home/runner/work/layercraft/layercraft/native-prefix/include/gegl-0.4/opencl/CL
Installing /tmp/tmp.h3JAIj8PRr/gegl/gegl/opencl/CL/cl_platform.h to /home/runner/work/layercraft/layercraft/native-prefix/include/gegl-0.4/opencl/CL
Installing /tmp/tmp.h3JAIj8PRr/gegl/gegl/opencl/CL/cl_va_api_media_sharing_intel.h to /home/runner/work/layercraft/layercraft/native-prefix/include/gegl-0.4/opencl/CL
Installing /tmp/tmp.h3JAIj8PRr/gegl/gegl/opencl/CL/cl_version.h to /home/runner/work/layercraft/layercraft/native-prefix/include/gegl-0.4/opencl/CL
Installing /tmp/tmp.h3JAIj8PRr/gegl/gegl/opencl/CL/opencl.h to /home/runner/work/layercraft/layercraft/native-prefix/include/gegl-0.4/opencl/CL
Installing /tmp/tmp.h3JAIj8PRr/gegl/gegl/opencl/CL/opencl.hpp to /home/runner/work/layercraft/layercraft/native-prefix/include/gegl-0.4/opencl/CL
Installing /tmp/tmp.h3JAIj8PRr/gegl/gegl/opencl/gegl-cl-color.h to /home/runner/work/layercraft/layercraft/native-prefix/include/gegl-0.4/opencl
Installing /tmp/tmp.h3JAIj8PRr/gegl/gegl/opencl/gegl-cl-init.h to /home/runner/work/layercraft/layercraft/native-prefix/include/gegl-0.4/opencl
Installing /tmp/tmp.h3JAIj8PRr/gegl/gegl/opencl/gegl-cl-random.h to /home/runner/work/layercraft/layercraft/native-prefix/include/gegl-0.4/opencl
Installing /tmp/tmp.h3JAIj8PRr/gegl/gegl/opencl/gegl-cl-types.h to /home/runner/work/layercraft/layercraft/native-prefix/include/gegl-0.4/opencl
Installing /tmp/tmp.h3JAIj8PRr/gegl/gegl/opencl/gegl-cl-version.h to /home/runner/work/layercraft/layercraft/native-prefix/include/gegl-0.4/opencl
Installing /tmp/tmp.h3JAIj8PRr/gegl/gegl/opencl/gegl-cl.h to /home/runner/work/layercraft/layercraft/native-prefix/include/gegl-0.4/opencl
Installing /tmp/tmp.h3JAIj8PRr/gegl/gegl/operation/gegl-extension-handler.h to /home/runner/work/layercraft/layercraft/native-prefix/include/gegl-0.4/operation
Installing /tmp/tmp.h3JAIj8PRr/gegl/gegl/operation/gegl-operation-area-filter.h to /home/runner/work/layercraft/layercraft/native-prefix/include/gegl-0.4/operation
Installing /tmp/tmp.h3JAIj8PRr/gegl/gegl/operation/gegl-operation-composer.h to /home/runner/work/layercraft/layercraft/native-prefix/include/gegl-0.4/operation
Installing /tmp/tmp.h3JAIj8PRr/gegl/gegl/operation/gegl-operation-composer3.h to /home/runner/work/layercraft/layercraft/native-prefix/include/gegl-0.4/operation
Installing /tmp/tmp.h3JAIj8PRr/gegl/gegl/operation/gegl-operation-context.h to /home/runner/work/layercraft/layercraft/native-prefix/include/gegl-0.4/operation
Installing /tmp/tmp.h3JAIj8PRr/gegl/gegl/operation/gegl-operation-filter.h to /home/runner/work/layercraft/layercraft/native-prefix/include/gegl-0.4/operation
Installing /tmp/tmp.h3JAIj8PRr/gegl/gegl/operation/gegl-operation-handlers.h to /home/runner/work/layercraft/layercraft/native-prefix/include/gegl-0.4/operation
Installing /tmp/tmp.h3JAIj8PRr/gegl/gegl/operation/gegl-operation-meta-json.h to /home/runner/work/layercraft/layercraft/native-prefix/include/gegl-0.4/operation
Installing /tmp/tmp.h3JAIj8PRr/gegl/gegl/operation/gegl-operation-meta.h to /home/runner/work/layercraft/layercraft/native-prefix/include/gegl-0.4/operation
Installing /tmp/tmp.h3JAIj8PRr/gegl/gegl/operation/gegl-operation-point-composer.h to /home/runner/work/layercraft/layercraft/native-prefix/include/gegl-0.4/operation
Installing /tmp/tmp.h3JAIj8PRr/gegl/gegl/operation/gegl-operation-point-composer3.h to /home/runner/work/layercraft/layercraft/native-prefix/include/gegl-0.4/operation
Installing /tmp/tmp.h3JAIj8PRr/gegl/gegl/operation/gegl-operation-point-filter.h to /home/runner/work/layercraft/layercraft/native-prefix/include/gegl-0.4/operation
Installing /tmp/tmp.h3JAIj8PRr/gegl/gegl/operation/gegl-operation-point-render.h to /home/runner/work/layercraft/layercraft/native-prefix/include/gegl-0.4/operation
Installing /tmp/tmp.h3JAIj8PRr/gegl/gegl/operation/gegl-operation-property-keys.h to /home/runner/work/layercraft/layercraft/native-prefix/include/gegl-0.4/operation
Installing /tmp/tmp.h3JAIj8PRr/gegl/gegl/operation/gegl-operation-sink.h to /home/runner/work/layercraft/layercraft/native-prefix/include/gegl-0.4/operation
Installing /tmp/tmp.h3JAIj8PRr/gegl/gegl/operation/gegl-operation-source.h to /home/runner/work/layercraft/layercraft/native-prefix/include/gegl-0.4/operation
Installing /tmp/tmp.h3JAIj8PRr/gegl/gegl/operation/gegl-operation-temporal.h to /home/runner/work/layercraft/layercraft/native-prefix/include/gegl-0.4/operation
Installing /tmp/tmp.h3JAIj8PRr/gegl/gegl/operation/gegl-operation.h to /home/runner/work/layercraft/layercraft/native-prefix/include/gegl-0.4/operation
Installing /tmp/tmp.h3JAIj8PRr/gegl/gegl/gegl-cpuaccel.h to /home/runner/work/layercraft/layercraft/native-prefix/include/gegl-0.4
Installing /tmp/tmp.h3JAIj8PRr/gegl/gegl/gegl-debug.h to /home/runner/work/layercraft/layercraft/native-prefix/include/gegl-0.4
Installing /tmp/tmp.h3JAIj8PRr/gegl/gegl/gegl-op.h to /home/runner/work/layercraft/layercraft/native-prefix/include/gegl-0.4
Installing /tmp/tmp.h3JAIj8PRr/gegl/gegl/gegl-math.h to /home/runner/work/layercraft/layercraft/native-prefix/include/gegl-0.4
Installing /tmp/tmp.h3JAIj8PRr/gegl/gegl/gegl-plugin.h to /home/runner/work/layercraft/layercraft/native-prefix/include/gegl-0.4
Installing /tmp/tmp.h3JAIj8PRr/gegl/gegl/buffer/gegl-tile.h to /home/runner/work/layercraft/layercraft/native-prefix/include/gegl-0.4
Installing /tmp/tmp.h3JAIj8PRr/gegl/gegl/gegl.h to /home/runner/work/layercraft/layercraft/native-prefix/include/gegl-0.4
Installing /tmp/tmp.h3JAIj8PRr/gegl/gegl/gegl-apply.h to /home/runner/work/layercraft/layercraft/native-prefix/include/gegl-0.4
Installing /tmp/tmp.h3JAIj8PRr/gegl/gegl/gegl-enums.h to /home/runner/work/layercraft/layercraft/native-prefix/include/gegl-0.4
Installing /tmp/tmp.h3JAIj8PRr/gegl/gegl/gegl-init.h to /home/runner/work/layercraft/layercraft/native-prefix/include/gegl-0.4
Installing /tmp/tmp.h3JAIj8PRr/gegl/gegl/gegl-lookup.h to /home/runner/work/layercraft/layercraft/native-prefix/include/gegl-0.4
Installing /tmp/tmp.h3JAIj8PRr/gegl/gegl/gegl-matrix.h to /home/runner/work/layercraft/layercraft/native-prefix/include/gegl-0.4
Installing /tmp/tmp.h3JAIj8PRr/gegl/gegl/gegl-metadata.h to /home/runner/work/layercraft/layercraft/native-prefix/include/gegl-0.4
Installing /tmp/tmp.h3JAIj8PRr/gegl/gegl/gegl-metadatastore.h to /home/runner/work/layercraft/layercraft/native-prefix/include/gegl-0.4
Installing /tmp/tmp.h3JAIj8PRr/gegl/gegl/gegl-metadatahash.h to /home/runner/work/layercraft/layercraft/native-prefix/include/gegl-0.4
Installing /tmp/tmp.h3JAIj8PRr/gegl/gegl/gegl-operations-util.h to /home/runner/work/layercraft/layercraft/native-prefix/include/gegl-0.4
Installing /tmp/tmp.h3JAIj8PRr/gegl/gegl/gegl-parallel.h to /home/runner/work/layercraft/layercraft/native-prefix/include/gegl-0.4
Installing /tmp/tmp.h3JAIj8PRr/gegl/gegl/gegl-random.h to /home/runner/work/layercraft/layercraft/native-prefix/include/gegl-0.4
Installing /tmp/tmp.h3JAIj8PRr/gegl/gegl/gegl-types.h to /home/runner/work/layercraft/layercraft/native-prefix/include/gegl-0.4
Installing /tmp/tmp.h3JAIj8PRr/gegl/gegl/gegl-utils.h to /home/runner/work/layercraft/layercraft/native-prefix/include/gegl-0.4
Installing /tmp/tmp.h3JAIj8PRr/gegl/_build-arm64-v8a/gegl/gegl-version.h to /home/runner/work/layercraft/layercraft/native-prefix/include/gegl-0.4
Installing /tmp/tmp.h3JAIj8PRr/gegl/gegl/buffer/gegl-buffer-backend.h to /home/runner/work/layercraft/layercraft/native-prefix/include/gegl-0.4
Installing /tmp/tmp.h3JAIj8PRr/gegl/gegl/buffer/gegl-buffer-enums.h to /home/runner/work/layercraft/layercraft/native-prefix/include/gegl-0.4
Installing /tmp/tmp.h3JAIj8PRr/gegl/gegl/buffer/gegl-buffer-iterator.h to /home/runner/work/layercraft/layercraft/native-prefix/include/gegl-0.4
Installing /tmp/tmp.h3JAIj8PRr/gegl/gegl/buffer/gegl-buffer-matrix2.h to /home/runner/work/layercraft/layercraft/native-prefix/include/gegl-0.4
Installing /tmp/tmp.h3JAIj8PRr/gegl/gegl/buffer/gegl-buffer-swap.h to /home/runner/work/layercraft/layercraft/native-prefix/include/gegl-0.4
Installing /tmp/tmp.h3JAIj8PRr/gegl/gegl/buffer/gegl-buffer.h to /home/runner/work/layercraft/layercraft/native-prefix/include/gegl-0.4
Installing /tmp/tmp.h3JAIj8PRr/gegl/gegl/buffer/gegl-memory.h to /home/runner/work/layercraft/layercraft/native-prefix/include/gegl-0.4
Installing /tmp/tmp.h3JAIj8PRr/gegl/gegl/buffer/gegl-rectangle.h to /home/runner/work/layercraft/layercraft/native-prefix/include/gegl-0.4
Installing /tmp/tmp.h3JAIj8PRr/gegl/gegl/buffer/gegl-scratch.h to /home/runner/work/layercraft/layercraft/native-prefix/include/gegl-0.4
Installing /tmp/tmp.h3JAIj8PRr/gegl/gegl/buffer/gegl-tile-backend.h to /home/runner/work/layercraft/layercraft/native-prefix/include/gegl-0.4
Installing /tmp/tmp.h3JAIj8PRr/gegl/gegl/buffer/gegl-tile-handler.h to /home/runner/work/layercraft/layercraft/native-prefix/include/gegl-0.4
Installing /tmp/tmp.h3JAIj8PRr/gegl/gegl/buffer/gegl-tile-source.h to /home/runner/work/layercraft/layercraft/native-prefix/include/gegl-0.4
Installing /tmp/tmp.h3JAIj8PRr/gegl/gegl/graph/gegl-node.h to /home/runner/work/layercraft/layercraft/native-prefix/include/gegl-0.4
Installing /tmp/tmp.h3JAIj8PRr/gegl/gegl/process/gegl-graph-debug.h to /home/runner/work/layercraft/layercraft/native-prefix/include/gegl-0.4
Installing /tmp/tmp.h3JAIj8PRr/gegl/gegl/process/gegl-processor.h to /home/runner/work/layercraft/layercraft/native-prefix/include/gegl-0.4
Installing /tmp/tmp.h3JAIj8PRr/gegl/gegl/property-types/gegl-audio-fragment.h to /home/runner/work/layercraft/layercraft/native-prefix/include/gegl-0.4
Installing /tmp/tmp.h3JAIj8PRr/gegl/gegl/property-types/gegl-color.h to /home/runner/work/layercraft/layercraft/native-prefix/include/gegl-0.4
Installing /tmp/tmp.h3JAIj8PRr/gegl/gegl/property-types/gegl-curve.h to /home/runner/work/layercraft/layercraft/native-prefix/include/gegl-0.4
Installing /tmp/tmp.h3JAIj8PRr/gegl/gegl/property-types/gegl-paramspecs.h to /home/runner/work/layercraft/layercraft/native-prefix/include/gegl-0.4
Installing /tmp/tmp.h3JAIj8PRr/gegl/gegl/property-types/gegl-path.h to /home/runner/work/layercraft/layercraft/native-prefix/include/gegl-0.4
Installing /tmp/tmp.h3JAIj8PRr/gegl/libs/npd/deformation.h to /home/runner/work/layercraft/layercraft/native-prefix/include/gegl-0.4/npd
Installing /tmp/tmp.h3JAIj8PRr/gegl/libs/npd/graphics.h to /home/runner/work/layercraft/layercraft/native-prefix/include/gegl-0.4/npd
Installing /tmp/tmp.h3JAIj8PRr/gegl/libs/npd/lattice_cut.h to /home/runner/work/layercraft/layercraft/native-prefix/include/gegl-0.4/npd
Installing /tmp/tmp.h3JAIj8PRr/gegl/libs/npd/npd_common.h to /home/runner/work/layercraft/layercraft/native-prefix/include/gegl-0.4/npd
Installing /tmp/tmp.h3JAIj8PRr/gegl/libs/npd/npd_debug.h to /home/runner/work/layercraft/layercraft/native-prefix/include/gegl-0.4/npd
Installing /tmp/tmp.h3JAIj8PRr/gegl/libs/npd/npd_gegl.h to /home/runner/work/layercraft/layercraft/native-prefix/include/gegl-0.4/npd
Installing /tmp/tmp.h3JAIj8PRr/gegl/libs/npd/npd_math.h to /home/runner/work/layercraft/layercraft/native-prefix/include/gegl-0.4/npd
Installing /tmp/tmp.h3JAIj8PRr/gegl/libs/npd/npd.h to /home/runner/work/layercraft/layercraft/native-prefix/include/gegl-0.4/npd
Installing /tmp/tmp.h3JAIj8PRr/gegl/seamless-clone/sc-common.h to /home/runner/work/layercraft/layercraft/native-prefix/include/gegl-0.4/sc
Installing /tmp/tmp.h3JAIj8PRr/gegl/seamless-clone/sc-context.h to /home/runner/work/layercraft/layercraft/native-prefix/include/gegl-0.4/sc
Installing /tmp/tmp.h3JAIj8PRr/gegl/seamless-clone/sc-outline.h to /home/runner/work/layercraft/layercraft/native-prefix/include/gegl-0.4/sc
Installing /tmp/tmp.h3JAIj8PRr/gegl/seamless-clone/sc-sample.h to /home/runner/work/layercraft/layercraft/native-prefix/include/gegl-0.4/sc
Installing /tmp/tmp.h3JAIj8PRr/gegl/_build-arm64-v8a/meson-private/gegl-0.4.pc to /home/runner/work/layercraft/layercraft/native-prefix/lib/pkgconfig
Installing /tmp/tmp.h3JAIj8PRr/gegl/_build-arm64-v8a/meson-private/gegl-sc-0.4.pc to /home/runner/work/layercraft/layercraft/native-prefix/lib/pkgconfig
Installing /tmp/tmp.h3JAIj8PRr/gegl/_build-arm64-v8a/operations/json/grey2.json to /home/runner/work/layercraft/layercraft/native-prefix/lib/gegl-0.4
Installing /tmp/tmp.h3JAIj8PRr/gegl/_build-arm64-v8a/operations/json/dropshadow2.json to /home/runner/work/layercraft/layercraft/native-prefix/lib/gegl-0.4
Done. Installed to: /home/runner/work/layercraft/layercraft/native-prefix
/home/runner/work/layercraft/layercraft/native-prefix/lib/libglib-2.0.so
/home/runner/work/layercraft/layercraft/native-prefix/lib/libintl.so
/home/runner/work/layercraft/layercraft/native-prefix/lib/libgmodule-2.0.so
/home/runner/work/layercraft/layercraft/native-prefix/lib/libgthread-2.0.so
/home/runner/work/layercraft/layercraft/native-prefix/lib/libgirepository-2.0.so
/home/runner/work/layercraft/layercraft/native-prefix/lib/libjpeg.so
/home/runner/work/layercraft/layercraft/native-prefix/lib/libffi.so
/home/runner/work/layercraft/layercraft/native-prefix/lib/libgegl-npd-0.4.so
/home/runner/work/layercraft/layercraft/native-prefix/lib/libgegl-0.4.so
/home/runner/work/layercraft/layercraft/native-prefix/lib/libgegl-sc-0.4.so
/home/runner/work/layercraft/layercraft/native-prefix/lib/libz.so
/home/runner/work/layercraft/layercraft/native-prefix/lib/libbabl-0.1.so
/home/runner/work/layercraft/layercraft/native-prefix/lib/libpng.so
/home/runner/work/layercraft/layercraft/native-prefix/lib/libjson-glib-1.0.so
/home/runner/work/layercraft/layercraft/native-prefix/lib/libgobject-2.0.so
/home/runner/work/layercraft/layercraft/native-prefix/lib/libpng18.so
/home/runner/work/layercraft/layercraft/native-prefix/lib/libgio-2.0.so
