Wrote cross-file: /tmp/tmp.7RSW7NKsa3/android-arm64-v8a.ini
== [1/6] glib ==
Cloning into '/tmp/tmp.7RSW7NKsa3/glib'...
DEPRECATION: "pkgconfig" entry is deprecated and should be replaced by "pkg-config"
The Meson build system
Version: 1.12.0
Source dir: /tmp/tmp.7RSW7NKsa3/glib
Build dir: /tmp/tmp.7RSW7NKsa3/glib/_build-arm64-v8a
Build type: cross build
Project name: glib
Project version: 2.89.4
C compiler for the host machine: /usr/local/lib/android/sdk/ndk/29.0.14206865/toolchains/llvm/prebuilt/linux-x86_64/bin/aarch64-linux-android28-clang (clang 21.0.0 "Android (13989888, +pgo, +bolt, +lto, +mlgo, based on r563880c) clang version 21.0.0 (https://android.googlesource.com/toolchain/llvm-project 5e96669f06077099aa41290cdb4c5e6fa0f59349)")
C linker for the host machine: /usr/local/lib/android/sdk/ndk/29.0.14206865/toolchains/llvm/prebuilt/linux-x86_64/bin/aarch64-linux-android28-clang ld.lld 21.0.0
C compiler for the build machine: cc (gcc 13.3.0 "cc (Ubuntu 13.3.0-6ubuntu2~24.04.1) 13.3.0")
C linker for the build machine: cc ld.bfd 2.42
Build machine cpu family: x86_64
Build machine cpu: x86_64
Host machine cpu family: aarch64
Host machine cpu: aarch64
Target machine cpu family: aarch64
Target machine cpu: aarch64
Compiler for C supports arguments -std=c89: YES 
Compiler for C supports arguments -std=c99: YES 
Compiler for C supports arguments -std=c11: YES 
Compiler for C supports arguments -std=c17: YES 
Compiler for C supports arguments -std=c23: YES 
C++ compiler for the host machine: /usr/local/lib/android/sdk/ndk/29.0.14206865/toolchains/llvm/prebuilt/linux-x86_64/bin/aarch64-linux-android28-clang++ (clang 21.0.0 "Android (13989888, +pgo, +bolt, +lto, +mlgo, based on r563880c) clang version 21.0.0 (https://android.googlesource.com/toolchain/llvm-project 5e96669f06077099aa41290cdb4c5e6fa0f59349)")
C++ linker for the host machine: /usr/local/lib/android/sdk/ndk/29.0.14206865/toolchains/llvm/prebuilt/linux-x86_64/bin/aarch64-linux-android28-clang++ ld.lld 21.0.0
Compiler for C++ supports arguments -std=c++98: YES 
Compiler for C++ supports arguments -std=c++03: YES 
Compiler for C++ supports arguments -std=c++11: YES 
Compiler for C++ supports arguments -std=c++14: YES 
Compiler for C++ supports arguments -std=c++17: YES 
Compiler for C++ supports arguments -std=c++20: YES 
Compiler for C++ supports arguments -std=c++23: YES 
Compiler for C++ supports arguments -std=c++2c: YES 
Compiler for C++ supports arguments -std=c++latest: NO 
Program ./.gitlab-ci/thorough-test-wrapper.sh found: YES (/bin/bash /tmp/tmp.7RSW7NKsa3/glib/./.gitlab-ci/thorough-test-wrapper.sh)
Program valgrind found: NO
Compiler for C supports arguments -fno-strict-aliasing: YES 
Message: Enabling various debug infrastructure
Has header "alloca.h" : YES 
Has header "afunix.h" : NO 
Has header "crt_externs.h" : NO 
Has header "dirent.h" : YES 
Has header "float.h" : YES 
Has header "fstab.h" : NO 
Has header "ftw.h" : YES 
Has header "grp.h" : YES 
Has header "intsafe.h" : NO 
Has header "inttypes.h" : YES 
Has header "libproc.h" : NO 
Has header "limits.h" : YES 
Has header "linux/netlink.h" : YES 
Has header "locale.h" : YES 
Has header "mach/mach_time.h" : NO 
Has header "memory.h" : YES 
Has header "mntent.h" : YES 
Has header "netlink/netlink.h" : NO 
Has header "netlink/netlink_route.h" : NO 
Has header "poll.h" : YES 
Has header "pwd.h" : YES 
Has header "sched.h" : YES 
Has header "spawn.h" : YES 
Has header "stdatomic.h" : YES 
Has header "stdckdint.h" : YES 
Has header "stdint.h" : YES 
Has header "stdlib.h" : YES 
Has header "string.h" : YES 
Has header "strings.h" : YES 
Has header "sys/auxv.h" : YES 
Has header "sys/event.h" : NO 
Has header "sys/uio.h" : YES 
Has header "sys/filio.h" : NO 
Has header "sys/inotify.h" : YES 
Has header "sys/mkdev.h" : NO 
Has header "sys/mntctl.h" : NO 
Has header "sys/mnttab.h" : NO 
Has header "sys/mount.h" : YES 
Has header "sys/param.h" : YES 
Has header "sys/prctl.h" : YES 
Has header "sys/resource.h" : YES 
Has header "sys/select.h" : YES 
Has header "sys/statfs.h" : YES 
Has header "sys/stat.h" : YES 
Has header "sys/statvfs.h" : YES 
Has header "sys/sysctl.h" : NO 
Has header "sys/time.h" : YES 
Has header "sys/times.h" : YES 
Has header "sys/types.h" : YES 
Has header "sys/ucred.h" : NO 
Has header "sys/uio.h" : YES (cached)
Has header "sys/vfs.h" : YES 
Has header "sys/vfstab.h" : NO 
Has header "sys/vmount.h" : NO 
Has header "sys/wait.h" : YES 
Has header "syslog.h" : YES 
Has header "termios.h" : YES 
Has header "unistd.h" : YES 
Has header "values.h" : NO 
Has header "vcruntime.h" : NO 
Has header "wchar.h" : YES 
Has header "xlocale.h" : YES 
Check usable header "malloc.h" : YES 
Header "locale.h" has symbol "LC_MESSAGES" : YES 
Checking if "type "struct stat" has member "st_mtimensec"" compiles: YES 
Checking if "type "struct stat" has member "st_mtim.tv_nsec"" compiles: YES 
Checking if "type "struct stat" has member "st_atimensec"" compiles: YES 
Checking if "type "struct stat" has member "st_atim.tv_nsec"" compiles: YES 
Checking if "type "struct stat" has member "st_ctimensec"" compiles: YES 
Checking if "type "struct stat" has member "st_ctim.tv_nsec"" compiles: YES 
Checking if "type "struct stat" has member "st_birthtime"" compiles: NO 
Checking if "type "struct stat" has member "st_birthtimensec"" compiles: NO 
Checking if "type "struct stat" has member "st_birthtim"" compiles: NO 
Checking if "type "struct stat" has member "st_birthtim.tv_nsec"" compiles: NO 
Checking if "type "struct stat" has member "st_blksize"" compiles: YES 
Checking if "type "struct stat" has member "st_blocks"" compiles: YES 
Checking if "type "struct statfs" has member "f_fstypename"" compiles: NO 
Checking if "type "struct statfs" has member "f_bavail"" compiles: YES 
Checking if "type "struct dirent" has member "d_type"" compiles: YES 
Checking if "type "struct statvfs" has member "f_basetype"" compiles: NO 
Checking if "type "struct statvfs" has member "f_fstypename"" compiles: NO 
Checking if "type "struct statvfs" has member "f_type"" compiles: NO 
Checking if "type "struct tm" has member "tm_gmtoff"" compiles: YES 
Checking if "type "struct tm" has member "__tm_gmtoff"" compiles: NO 
Compiler for C supports arguments -Wduplicated-branches: NO 
Compiler for C supports arguments -Wfloat-conversion: YES 
Compiler for C supports arguments -Wimplicit-fallthrough: YES 
Compiler for C supports arguments -Wmisleading-indentation: YES 
Compiler for C supports arguments -Wmissing-field-initializers: YES 
Compiler for C supports arguments -Wnonnull: YES 
Compiler for C supports arguments -Wnull-dereference: YES 
Compiler for C supports arguments -Wunused: YES 
Compiler for C supports arguments -Wno-unused-parameter: YES 
Compiler for C supports arguments -Wno-cast-function-type: YES 
Compiler for C supports arguments -Wno-pedantic: YES 
Compiler for C supports arguments -Wno-format-zero-length: YES 
Compiler for C supports arguments -Wno-variadic-macros: YES 
Compiler for C supports arguments -Werror=format=2: YES 
Compiler for C supports arguments -Werror=init-self: YES 
Compiler for C supports arguments -Werror=missing-include-dirs: YES 
Compiler for C supports arguments -Werror=pointer-arith: YES 
Compiler for C supports arguments -Werror=unused-result: YES 
Compiler for C supports arguments -Wstrict-prototypes: YES 
Compiler for C supports arguments -Wno-bad-function-cast: YES 
Compiler for C supports arguments -Werror=implicit-function-declaration: YES 
Compiler for C supports arguments -Werror=missing-prototypes: YES 
Compiler for C supports arguments -Werror=pointer-sign: YES 
Compiler for C supports arguments -Wno-string-plus-int: YES 
Compiler for C++ supports arguments -Wduplicated-branches: NO 
Compiler for C++ supports arguments -Wfloat-conversion: YES 
Compiler for C++ supports arguments -Wimplicit-fallthrough: YES 
Compiler for C++ supports arguments -Wmisleading-indentation: YES 
Compiler for C++ supports arguments -Wmissing-field-initializers: YES 
Compiler for C++ supports arguments -Wnonnull: YES 
Compiler for C++ supports arguments -Wnull-dereference: YES 
Compiler for C++ supports arguments -Wunused: YES 
Compiler for C++ supports arguments -Wno-unused-parameter: YES 
Compiler for C++ supports arguments -Wno-cast-function-type: YES 
Compiler for C++ supports arguments -Wno-pedantic: YES 
Compiler for C++ supports arguments -Wno-format-zero-length: YES 
Compiler for C++ supports arguments -Wno-variadic-macros: YES 
Compiler for C++ supports arguments -Werror=format=2: YES 
Compiler for C++ supports arguments -Werror=init-self: YES 
Compiler for C++ supports arguments -Werror=missing-include-dirs: YES 
Compiler for C++ supports arguments -Werror=pointer-arith: YES 
Compiler for C++ supports arguments -Werror=unused-result: YES 
Compiler for C supports arguments -Wsign-conversion: YES 
Compiler for C supports arguments -Wshorten-64-to-32: YES 
Compiler for C supports link arguments -Wl,-z,nodelete: YES 
Compiler for C supports link arguments -Wl,-Bsymbolic-functions: YES 
Checking for function "accept4" : YES 
Checking for function "close_range" : NO 
Checking for function "copy_file_range" : NO 
Checking for function "endmntent" : YES 
Checking for function "endservent" : YES 
Checking for function "epoll_create1" : YES 
Checking for function "faccessat" : YES 
Checking for function "fallocate" : YES 
Checking for function "fchmod" : YES 
Checking for function "fchown" : YES 
Checking for function "fdwalk" : NO 
Checking for function "free_aligned_sized" : NO 
Checking for function "free_sized" : NO 
Checking for function "fsync" : YES 
Checking for function "ftruncate64" : YES 
Checking for function "getauxval" : YES 
Checking for function "getc_unlocked" : YES 
Checking for function "getfsent" : NO 
Checking for function "getfsstat" : NO 
Checking for function "getgrgid_r" : YES 
Checking for function "getifaddrs" : YES 
Checking for function "getmntent_r" : YES 
Checking for function "getpwnam_r" : YES 
Checking for function "getpwuid_r" : YES 
Checking for function "getresuid" : YES 
Checking for function "getvfsstat" : NO 
Checking for function "gmtime_r" : YES 
Checking for function "hasmntopt" : YES 
Checking for function "inotify_init1" : YES 
Checking for function "issetugid" : NO 
Checking for function "kevent" : NO 
Checking for function "kqueue" : NO 
Checking for function "lchmod" : NO 
Checking for function "lchown" : YES 
Checking for function "link" : YES 
Checking for function "localtime_r" : YES 
Checking for function "lstat" : YES 
Checking for function "mbrtowc" : YES 
Checking for function "memalign" : YES 
Checking for function "memmem" : YES 
Checking for function "mmap" : YES 
Checking for function "newlocale" : YES 
Checking for function "pipe2" : YES 
Checking for function "poll" : YES 
Checking for function "prlimit" : YES 
Checking for function "readlink" : YES 
Checking for function "recvmmsg" : YES 
Checking for function "sendmmsg" : YES 
Checking for function "setenv" : YES 
Checking for function "setmntent" : YES 
Checking for function "strerror_r" : YES 
Checking for function "strnlen" : YES 
Checking for function "strsignal" : YES 
Checking for function "strtod_l" : YES 
Checking for function "strtoll_l" : YES 
Checking for function "strtoull_l" : YES 
Checking for function "symlink" : YES 
Checking for function "timegm" : YES 
Checking for function "unsetenv" : YES 
Checking for function "uselocale" : YES 
Checking for function "utimes" : YES 
Checking for function "utimensat" : YES 
Checking for function "valloc" : NO 
Checking for function "vasprintf" : YES 
Checking for function "vsnprintf" : YES 
Checking for function "wcrtomb" : YES 
Checking for function "wcslen" : YES 
Checking for function "wcsnlen" : YES 
Checking for function "sysctlbyname" : NO 
Checking for function "statvfs" : YES 
Checking for function "statfs" : YES 
Checking for function "prctl" : YES 
Checking for function "if_indextoname" : YES 
Checking for function "if_nametoindex" : YES 
Checking for function "splice" : YES 
Checking for function "sysinfo" : YES 
Checking for function "stpcpy" : YES 
Checking for function "memalign" : YES 
Checking if "getservbyname_r()" compiles: NO 
Checking for function "_aligned_malloc" : NO 
Checking for function "aligned_alloc" : YES 
Checking for function "posix_memalign" : YES 
Checking for function "posix_spawn" : YES 
Checking if "strerror_r() returns char *" compiles: YES 
Checking for function "snprintf" : YES 
Checking for function "strcasecmp" : YES 
Checking for function "strncasecmp" : YES 
Header "sys/sysmacros.h" has symbol "major" : YES 
Header "dlfcn.h" has symbol "RTLD_LAZY" : YES 
Header "dlfcn.h" has symbol "RTLD_NOW" : YES 
Header "dlfcn.h" has symbol "RTLD_GLOBAL" : YES 
Header "dlfcn.h" has symbol "RTLD_NEXT" : YES 
Checking for type "loff_t" : YES 
Checking for function "unshare" : YES 
Message: Checking whether to use statfs or statvfs .. statfs
Checking if "futex(2) system call" compiles: YES 
Checking if "futex_time64(2) system call" compiles: NO 
Checking if "eventfd(2) system call" links: YES 
Checking if "ppoll(2) system call" links: YES 
Checking if "pidfd_open(2) system call" links: YES 
Checking if "__uint128_t available" compiles: YES 
Checking if "clock_gettime" links: YES 
Checking for function "clock_nanosleep" : YES 
Checking if "dlopen() and dlsym() in system libraries" links: YES 
Checking if "number of arguments to statfs() (n=2)" compiles: YES 
Checking if "open() option O_DIRECTORY" compiles: YES 
Checking if "fcntl() option F_FULLFSYNC" compiles: NO 
Checking if "nl_langinfo and CODESET" links: YES 
Checking if "nl_langinfo (PM_STR)" links: YES 
Checking if "nl_langinfo (ERA)" links: NO 
Checking if "nl_langinfo (_NL_CTYPE_OUTDIGITn_MB)" links: NO 
Checking if "nl_langinfo (ALTMON_n)" links: NO 
Checking if "nl_langinfo (_NL_ABALTMON_n)" links: NO 
Checking if "nl_langinfo and _NL_TIME_CODESET" links: NO 
Checking if "signed" compiles: YES 
Header "stddef.h" has symbol "ptrdiff_t" : YES 
Checking if "sig_atomic_t" links: YES 
Checking if "long long" compiles: YES 
Checking if "long double" compiles: YES 
Header "stddef.h" has symbol "wchar_t" : YES 
Header "wchar.h" has symbol "wint_t" : YES 
Checking if "uintmax_t in inttypes.h" compiles: YES 
Checking if "uintmax_t in stdint.h" compiles: YES 
Checking for size of "char" : 1 
Checking for size of "short" : 2 
Checking for size of "int" : 4 
Checking for size of "void*" : 8 
Checking for size of "long" : 8 
Checking for size of "long long" : 8 
Checking for size of "size_t" : 8 
Checking for size of "ssize_t" : 8 
Checking if "int64_t is long" compiles: YES 
Checking for alignment of "char" : 1 
Checking for alignment of "short" : 2 
Checking for alignment of "int" : 4 
Checking for alignment of "void*" : 8 
Checking for alignment of "long" : 8 
Checking for alignment of "long long" : 8 
Checking for alignment of "size_t" : 8 
Checking for size of "wchar_t" : 4 
Checking if "GCC size_t typedef is long" compiles: YES 
Checking if "GCC size_t typedef is long long" compiles: NO 
Checking if "ISO C99 varargs macros in C" compiles: YES 
Checking if "ISO C99 varargs macros in C++" compiles: YES 
Checking if "GNUC varargs macros" compiles: YES 
Has header "alloca.h" : YES (cached)
Has header "sys/poll.h" : YES 
Has header "sys/types.h" : YES (cached)
Has header "winsock2.h" : NO 
Computing int of "POLLIN" : 1
Computing int of "POLLOUT" : 4
Computing int of "POLLPRI" : 2
Computing int of "POLLERR" : 8
Computing int of "POLLHUP" : 16
Computing int of "POLLNVAL" : 32
Computing int of "AF_UNIX" : 1
Computing int of "AF_INET" : 2
Computing int of "AF_INET6" : 10
Computing int of "MSG_OOB" : 1
Computing int of "MSG_PEEK" : 2
Computing int of "MSG_DONTROUTE" : 4
Checking for type "struct in6_addr" : YES 
Checking if "atomic ops" links: YES 
Checking if "sync swap" links: YES 
Run-time dependency threads found: YES
Header "pthread.h" has symbol "pthread_attr_setstacksize" : YES 
Header "pthread.h" has symbol "pthread_attr_setinheritsched" : YES 
Header "pthread.h" has symbol "pthread_condattr_setclock" : YES 
Header "pthread.h" has symbol "pthread_cond_timedwait_relative_np" : NO 
Header "pthread.h" has symbol "pthread_getname_np" : YES 
Header "pthread.h" has symbol "pthread_getaffinity_np" : NO 
Checking if "pthread_setname_np(const char*)" with dependency threads links: NO 
Checking if "pthread_setname_np(pthread_t, const char*)" with dependency threads links: YES 
Run-time dependency iconv found: YES
Found pkg-config: YES (/usr/bin/pkg-config) 1.8.1
Found CMake: NO
Run-time dependency libpcre2-8 found: NO  (tried pkg-config and cmake)
Run-time dependency libpcre2-8 found: NO  (tried pkg-config and cmake)
Looking for a fallback subproject for the dependency libpcre2-8
Downloading pcre2 source from https://github.com/PCRE2Project/pcre2/releases/download/pcre2-10.46/pcre2-10.46.tar.bz2
Downloading pcre2 patch from https://wrapdb.mesonbuild.com/v2/pcre2_10.46-1/get_patch
Submodule 'subprojects/gvdb' (https://github.com/GNOME/gvdb.git) registered for path './'
Cloning into '/tmp/tmp.7RSW7NKsa3/glib/subprojects/gvdb'...
From https://github.com/GNOME/gvdb
 * branch            2b42fc75f09dbe1cd1057580b5782b08f2dcb400 -> FETCH_HEAD
Submodule path './': checked out '2b42fc75f09dbe1cd1057580b5782b08f2dcb400'
Applying diff file "pcre2/fix-build-on-apple-platforms.patch"

Executing subproject pcre2 for machine: host 

pcre2| Project name: pcre2
pcre2| Project version: 10.46
pcre2| C compiler for the host machine: /usr/local/lib/android/sdk/ndk/29.0.14206865/toolchains/llvm/prebuilt/linux-x86_64/bin/aarch64-linux-android28-clang (clang 21.0.0 "Android (13989888, +pgo, +bolt, +lto, +mlgo, based on r563880c) clang version 21.0.0 (https://android.googlesource.com/toolchain/llvm-project 5e96669f06077099aa41290cdb4c5e6fa0f59349)")
pcre2| C linker for the host machine: /usr/local/lib/android/sdk/ndk/29.0.14206865/toolchains/llvm/prebuilt/linux-x86_64/bin/aarch64-linux-android28-clang ld.lld 21.0.0
pcre2| C compiler for the build machine: cc (gcc 13.3.0 "cc (Ubuntu 13.3.0-6ubuntu2~24.04.1) 13.3.0")
pcre2| C linker for the build machine: cc ld.bfd 2.42
pcre2| Compiler for C supports function attribute visibility:default: YES
pcre2| Dependency threads for host machine found: YES unknown (cached)
pcre2| Has header "sys/stat.h" : YES (cached)
pcre2| Has header "sys/types.h" : YES (cached)
pcre2| Has header "assert.h" : YES
pcre2| Has header "dirent.h" : YES (cached)
pcre2| Has header "windows.h" : NO
pcre2| Has header "unistd.h" : YES (cached)
pcre2| Checking for function "bcopy" : YES
pcre2| Checking for function "memmove" : YES
pcre2| Checking for function "realpath" : YES
pcre2| Checking for function "strerror" : YES
pcre2| Checking if "__builtin_unreachable" links: YES
pcre2| Checking if "__builtin_mul_overflow" links: YES
pcre2| Checking if "__assume" links: NO
pcre2| Checking if "__attribute__((uninitialized))" compiles: YES
pcre2| Configuring pcre2.h using configuration
pcre2| Configuring config.h using configuration
pcre2| Found pkg-config: YES (/usr/bin/pkg-config) 1.8.1
pcre2| Build targets in project: 5
pcre2| Subproject pcre2 finished.

Dependency libpcre2-8 for host machine from subproject subprojects/pcre2-10.46 found: YES 10.46

Executing subproject gvdb for machine: host 

gvdb| Project name: gvdb
gvdb| Project version: 0.0
gvdb| C compiler for the host machine: /usr/local/lib/android/sdk/ndk/29.0.14206865/toolchains/llvm/prebuilt/linux-x86_64/bin/aarch64-linux-android28-clang (clang 21.0.0 "Android (13989888, +pgo, +bolt, +lto, +mlgo, based on r563880c) clang version 21.0.0 (https://android.googlesource.com/toolchain/llvm-project 5e96669f06077099aa41290cdb4c5e6fa0f59349)")
gvdb| C linker for the host machine: /usr/local/lib/android/sdk/ndk/29.0.14206865/toolchains/llvm/prebuilt/linux-x86_64/bin/aarch64-linux-android28-clang ld.lld 21.0.0
gvdb| C compiler for the build machine: cc (gcc 13.3.0 "cc (Ubuntu 13.3.0-6ubuntu2~24.04.1) 13.3.0")
gvdb| C linker for the build machine: cc ld.bfd 2.42
gvdb| Build targets in project: 5
gvdb| Subproject gvdb finished.

Dependency gvdb for host machine found: YES 0.0 (overridden)
Library m found: YES
Run-time dependency libffi found: NO  (tried pkg-config and cmake)
Looking for a fallback subproject for the dependency libffi
Downloading libffi source from https://github.com/libffi/libffi/releases/download/v3.5.2/libffi-3.5.2.tar.gz
Downloading libffi patch from https://wrapdb.mesonbuild.com/v2/libffi_3.5.2-1/get_patch

Executing subproject libffi for machine: host 

libffi| Project name: libffi
libffi| Project version: 3.5.2
libffi| C compiler for the host machine: /usr/local/lib/android/sdk/ndk/29.0.14206865/toolchains/llvm/prebuilt/linux-x86_64/bin/aarch64-linux-android28-clang (clang 21.0.0 "Android (13989888, +pgo, +bolt, +lto, +mlgo, based on r563880c) clang version 21.0.0 (https://android.googlesource.com/toolchain/llvm-project 5e96669f06077099aa41290cdb4c5e6fa0f59349)")
libffi| C linker for the host machine: /usr/local/lib/android/sdk/ndk/29.0.14206865/toolchains/llvm/prebuilt/linux-x86_64/bin/aarch64-linux-android28-clang ld.lld 21.0.0
libffi| C compiler for the build machine: cc (gcc 13.3.0 "cc (Ubuntu 13.3.0-6ubuntu2~24.04.1) 13.3.0")
libffi| C linker for the build machine: cc ld.bfd 2.42
libffi| Checking for size of "size_t" : 8
libffi| Has header "stdlib.h" : YES (cached)
libffi| Has header "string.h" : YES (cached)
libffi| Has header "sys/memfd.h" : NO
libffi| Has header "alloca.h" : YES (cached)
libffi| Has header "inttypes.h" : YES (cached)
libffi| Has header "stdint.h" : YES (cached)
libffi| Has header "stdio.h" : YES
libffi| Has header "stdlib.h" : YES (cached)
libffi| Has header "strings.h" : YES (cached)
libffi| Has header "string.h" : YES (cached)
libffi| Has header "sys/stat.h" : YES (cached)
libffi| Has header "sys/types.h" : YES (cached)
libffi| Has header "unistd.h" : YES (cached)
libffi| Has header "dlfcn.h" : YES
libffi| Checking for function "memfd_create" : NO
libffi| Checking for function "memcpy" : YES
libffi| Checking for size of "long double" : 16
libffi| Checking for size of "double" : 8
libffi| Checking if "ASM .cfi" compiles: YES
libffi| Message: Cannot use malloc on this target, using fallback
libffi| Compiler for C supports arguments -fno-lto: YES
libffi| Compiler for C supports function attribute visibility: YES
libffi| Message: .hidden pseudo-op is available
libffi| Configuring fficonfig.h using configuration
libffi| Configuring ffi.h using configuration
libffi| Compiler for C supports link arguments -shared -Wl,--version-script=/tmp/tmp.7RSW7NKsa3/glib/subprojects/libffi-3.5.2/libffi.map.in: NO
libffi| Build targets in project: 6
libffi| Subproject libffi finished.

Dependency libffi for host machine found: YES 3.5.2 (overridden)
Run-time dependency zlib found: YES 1.3.0.1-motley
Checking if "check for -latomic" links: YES 
Library atomic found: YES
Run-time dependency intl found: NO  (tried builtin and system)
Run-time dependency intl found: NO  (tried builtin and system)
Looking for a fallback subproject for the dependency intl
Downloading proxy-libintl source from https://github.com/frida/proxy-libintl/archive/refs/tags/0.5.tar.gz
Initialized empty Git repository in /tmp/tmp.7RSW7NKsa3/glib/subprojects/sysprof/.git/
From https://gitlab.gnome.org/GNOME/sysprof
 * branch            02e50efa49885a5a20a84a8cd7feda10ae7e7e98 -> FETCH_HEAD
HEAD is now at 02e50ef Merge branch 'build-cleanup' into 'master'

Executing subproject proxy-libintl for machine: host 

proxy-libintl| Project name: proxy-libintl
proxy-libintl| Project version: 1
proxy-libintl| C compiler for the host machine: /usr/local/lib/android/sdk/ndk/29.0.14206865/toolchains/llvm/prebuilt/linux-x86_64/bin/aarch64-linux-android28-clang (clang 21.0.0 "Android (13989888, +pgo, +bolt, +lto, +mlgo, based on r563880c) clang version 21.0.0 (https://android.googlesource.com/toolchain/llvm-project 5e96669f06077099aa41290cdb4c5e6fa0f59349)")
proxy-libintl| C linker for the host machine: /usr/local/lib/android/sdk/ndk/29.0.14206865/toolchains/llvm/prebuilt/linux-x86_64/bin/aarch64-linux-android28-clang ld.lld 21.0.0
proxy-libintl| C compiler for the build machine: cc (gcc 13.3.0 "cc (Ubuntu 13.3.0-6ubuntu2~24.04.1) 13.3.0")
proxy-libintl| C linker for the build machine: cc ld.bfd 2.42
proxy-libintl| Build targets in project: 7
proxy-libintl| Subproject proxy-libintl finished.

Dependency intl for host machine from subproject subprojects/proxy-libintl-0.5 found: YES 1
Checking for function "strlcpy" : YES 
Program python3 found: YES (/usr/bin/python3)
Program bash found: YES (/usr/bin/bash)
Run-time dependency bash-completion found: NO  (tried pkg-config and cmake)
Program sh found: YES (/usr/bin/sh)
Program pkg-config found: YES
Program env found: YES (/usr/bin/env)
Program dtrace found: NO
Header "sys/ptrace.h" has symbol "PTRACE_O_EXITKILL" : YES 
Program g-ir-scanner found: NO
Run-time dependency gobject-introspection-1.0 found: NO  (tried pkg-config and cmake)
Configuring glib-gettextize using configuration
Program gen-visibility-macros.py found: YES (/tmp/tmp.7RSW7NKsa3/glib/tools/gen-visibility-macros.py)
Configuring glibconfig.h using configuration
Compiler for C supports arguments -Wno-sign-conversion: YES 
Run-time dependency sysprof-capture-4 found: NO  (tried pkg-config and cmake)
Looking for a fallback subproject for the dependency sysprof-capture-4

Executing subproject sysprof for machine: host 

sysprof| Project name: sysprof
sysprof| Project version: 3.45.0
sysprof| C compiler for the host machine: /usr/local/lib/android/sdk/ndk/29.0.14206865/toolchains/llvm/prebuilt/linux-x86_64/bin/aarch64-linux-android28-clang (clang 21.0.0 "Android (13989888, +pgo, +bolt, +lto, +mlgo, based on r563880c) clang version 21.0.0 (https://android.googlesource.com/toolchain/llvm-project 5e96669f06077099aa41290cdb4c5e6fa0f59349)")
sysprof| C linker for the host machine: /usr/local/lib/android/sdk/ndk/29.0.14206865/toolchains/llvm/prebuilt/linux-x86_64/bin/aarch64-linux-android28-clang ld.lld 21.0.0
sysprof| C compiler for the build machine: cc (gcc 13.3.0 "cc (Ubuntu 13.3.0-6ubuntu2~24.04.1) 13.3.0")
sysprof| C linker for the build machine: cc ld.bfd 2.42
sysprof| Compiler for C supports arguments -fvisibility=hidden: YES
sysprof| Has header "execinfo.h" : YES
sysprof| Checking for function "strlcpy" : YES (cached)
sysprof| Checking for function "reallocarray" : NO
sysprof| Run-time dependency polkit-agent-1 found: NO  (tried pkg-config and cmake)
sysprof| Run-time dependency polkit-gobject-1 found: NO  (tried pkg-config and cmake)
sysprof| Run-time dependency libunwind-generic found: NO  (tried pkg-config)

sysprof| ../../../../../tmp/tmp.7RSW7NKsa3/glib/subprojects/sysprof/meson.build:87:18: Exception: Dependency "libunwind-generic" not found (tried pkg-config)

Subproject subprojects/sysprof is buildable: NO (disabling)
Dependency sysprof-capture-4 for host machine from subproject sysprof found: NO (subproject failed to configure)
Fetching value of define "arm" : (undefined) 
Fetching value of define "__arm" : (undefined) 
Fetching value of define "__arm__" : (undefined) 
Compiler for C supports arguments -Wno-format-nonliteral: YES 
Compiler for C supports arguments -Wno-float-conversion: YES 
Compiler for C supports arguments -Wno-duplicated-branches: NO 
Checking if "frexpl prototype can be re-listed" compiles: YES 
Checking if "ldexpl prototype can be re-listed" compiles: YES 
Configuring gnulib_math.h using configuration
Configuring gtester-report using configuration
Configuring libglib-2.0.so.0.8904.0-gdb.py using configuration
Configuring glib-genmarshal using configuration
Configuring glib-mkenums using configuration
Configuring libgobject-2.0.so.0.8904.0-gdb.py using configuration
Message: Cross-compiling: assuming that symbols aren't prefixed with underscore
Checking for function "dlerror" : YES 
Configuring gmoduleconf.h using configuration
Checking if "res_query()" links: YES 
Checking if "socket()" links: YES 
Checking if "dn_comp()" links: YES 
Checking if "res_nclose()" links: NO 
Checking if "res_ndestroy()" links: NO 
Checking if "res_ninit()" links: NO 
Checking if "res_nquery()" links: NO 
Checking for type "struct ip_mreqn" : YES 
Checking if "ioctl with request SIOCGIFADDR" compiles: YES 
Checking if "ip_mreq_source.imr_interface has s_addr member" compiles: YES 
Configuring gnetworking.h using configuration
Configuring gdbus-codegen using configuration
Configuring config.py using configuration
Compiler for C supports arguments -Wno-sign-conversion: YES (cached)
Run-time dependency libinotify found: NO  (tried pkg-config and cmake)
Message: Found bash-completion but the .pc file did not set 'completionsdir', fallback to a predefined path
Run-time dependency libelf found: NO  (tried pkg-config and cmake)
Library elf found: NO
Compiler for C supports arguments -Wno-implicit-fallthrough: YES 
Compiler for C supports arguments -Wno-old-style-definition: YES 
Compiler for C supports arguments -Wno-suggest-attribute=noreturn: NO 
Compiler for C supports arguments -Wno-type-limits: YES 
Compiler for C supports arguments -Wno-undef: YES 
Compiler for C supports arguments -Wno-unused-parameter: YES (cached)
Compiler for C supports arguments -Wno-cast-align: YES 
Compiler for C supports arguments -Wno-unused-function: YES 
Compiler for C supports arguments -Wno-return-type: YES 
Compiler for C supports arguments -Wno-sometimes-uninitialized: YES 
Compiler for C supports arguments -Wno-old-style-definition: YES (cached)
Compiler for C supports arguments -Wno-type-limits: YES (cached)
Compiler for C supports arguments -Wno-old-style-definition: YES (cached)
Compiler for C supports arguments -Wno-cast-align: YES (cached)
Compiler for C supports arguments -Wno-unused-parameter: YES (cached)
Compiler for C supports arguments -Wno-duplicated-branches: NO (cached)
Compiler for C supports arguments -Wno-cast-align: YES (cached)
Compiler for C supports arguments -Wno-unused-parameter: YES (cached)
Compiler for C supports arguments -Wno-duplicated-branches: NO (cached)
Compiler for C supports arguments -Wno-type-limits: YES (cached)
Compiler for C supports arguments -Wno-cast-align: YES (cached)
Compiler for C supports arguments -Wno-missing-field-initializers: YES 
Compiler for C supports arguments -Wno-old-style-definition: YES (cached)
Compiler for C supports arguments -Wno-cast-align: YES (cached)
Compiler for C supports arguments -Wno-unused-parameter: YES (cached)
Compiler for C supports arguments -Wno-duplicated-branches: NO (cached)
Compiler for C supports arguments -Wno-old-style-definition: YES (cached)
Compiler for C supports arguments -Wno-cast-align: YES (cached)
Compiler for C supports arguments -Wno-unused-parameter: YES (cached)
Compiler for C supports arguments -Wno-duplicated-branches: NO (cached)
Compiler for C supports arguments -Wno-old-style-definition: YES (cached)
Compiler for C supports arguments -Wno-cast-align: YES (cached)
Compiler for C supports arguments -Wno-unused-parameter: YES (cached)
Compiler for C supports arguments -Wno-duplicated-branches: NO (cached)
Compiler for C supports arguments -Werror=unused-function: YES 
Library FuzzingEngine skipped: feature oss_fuzz disabled
Program xgettext skipped: feature nls disabled
Configuring config.h using configuration
Program rst2man rst2man.py found: NO
Program rst2html5 rst2html5.py found: NO
Build targets in project: 57

libffi 3.5.2

    Host CPU       : aarch64
    Host CPU family: aarch64
    Host system    : android
    Target         : AARCH64
    ASM sources    : sysv.S
    C sources      : ffi.c

glib 2.89.4

  Build environment
    host cpu            : aarch64
    host endian         : little
    host system         : android
    C Compiler          : clang
    C++ Compiler        : clang
    shared build        : true
    static build        : false
    build cpu           : x86_64
    build endian        : little
    build system        : linux

  Directories
    prefix              : /home/runner/work/layercraft/layercraft/native-prefix
    bindir              : /home/runner/work/layercraft/layercraft/native-prefix/bin
    libexecdir          : /home/runner/work/layercraft/layercraft/native-prefix/libexec
    pkgdatadir          : /home/runner/work/layercraft/layercraft/native-prefix/share/glib-2.0
    datadir             : /home/runner/work/layercraft/layercraft/native-prefix/share
    localedir           : /home/runner/work/layercraft/layercraft/native-prefix/share/locale
    includedir          : /home/runner/work/layercraft/layercraft/native-prefix/include/glib-2.0
    giomodulesdir       : /home/runner/work/layercraft/layercraft/native-prefix/lib/gio/modules
    localstatedir       : /home/runner/work/layercraft/layercraft/native-prefix/var
    runstatedir         : /run

  Options
    xattr               : false
    man-pages           : auto
    dtrace              : false
    systemtap           : false
    sysprof             : false
    documentation       : false
    bsymbolic_functions : true
    force_posix_threads : false
    tests               : false
    installed_tests     : false
    nls                 : disabled
    oss_fuzz            : disabled
    glib_debug          : enabled
    glib_assert         : true
    glib_checks         : true
    libelf              : auto
    multiarch           : false
    introspection       : false
    file_monitor_backend: auto

  Subprojects (for host machine)
    gvdb                : YES
    libffi              : YES
    pcre2               : YES
    proxy-libintl       : YES
    sysprof             : NO
                          Dependency "libunwind-generic" not found (tried pkg-config)

  User defined options
    Cross files         : /tmp/tmp.7RSW7NKsa3/android-arm64-v8a.ini
    buildtype           : release
    default_library     : shared
    installed_tests     : false
    libdir              : lib
    libmount            : disabled
    nls                 : disabled
    prefix              : /home/runner/work/layercraft/layercraft/native-prefix
    selinux             : disabled
    tests               : false
    wrap_mode           : default
    xattr               : false

Found ninja-1.13.2 at /usr/local/bin/ninja
ninja: Entering directory `/tmp/tmp.7RSW7NKsa3/glib/_build-arm64-v8a'
[1/630] Generating glib/glib-visibility.h with a custom command
[2/630] Generating glib/gversionmacros.h with a custom command
[3/630] Compiling C object subprojects/pcre2-10.46/libpcre2-8.a.p/src_pcre2_chkdint.c.o
[4/630] Compiling C object subprojects/proxy-libintl-0.5/libintl.so.p/libintl.c.o
[5/630] Compiling C object subprojects/pcre2-10.46/libpcre2-8.a.p/src_pcre2_config.c.o
[6/630] Compiling C object subprojects/pcre2-10.46/libpcre2-8.a.p/src_pcre2_context.c.o
[7/630] Compiling C object subprojects/pcre2-10.46/libpcre2-8.a.p/src_pcre2_auto_possess.c.o
[8/630] Compiling C object subprojects/pcre2-10.46/libpcre2-8.a.p/src_pcre2_convert.c.o
[9/630] Compiling C object subprojects/pcre2-10.46/libpcre2-8.a.p/src_pcre2_error.c.o
../subprojects/pcre2-10.46/src/pcre2_error.c:66:3: warning: string literal of length 5544 exceeds maximum length 4095 that ISO C99 compilers are required to support [-Woverlength-strings]
   66 |   "no error\0"
      |   ^~~~~~~~~~~~
   67 |   "\\ at end of pattern\0"
      |   ~~~~~~~~~~~~~~~~~~~~~~~~
   68 |   "\\c at end of pattern\0"
      |   ~~~~~~~~~~~~~~~~~~~~~~~~~
   69 |   "unrecognized character follows \\\0"
      |   ~~~~~~~~~~~~~~~~~~~~~~~~~~~~~~~~~~~~~
   70 |   "numbers out of order in {} quantifier\0"
      |   ~~~~~~~~~~~~~~~~~~~~~~~~~~~~~~~~~~~~~~~~~
   71 |   /* 5 */
      |   ~~~~~~~
   72 |   "number too big in {} quantifier\0"
      |   ~~~~~~~~~~~~~~~~~~~~~~~~~~~~~~~~~~~
   73 |   "missing terminating ] for character class\0"
      |   ~~~~~~~~~~~~~~~~~~~~~~~~~~~~~~~~~~~~~~~~~~~~~
   74 |   "escape sequence is invalid in character class\0"
      |   ~~~~~~~~~~~~~~~~~~~~~~~~~~~~~~~~~~~~~~~~~~~~~~~~~
   75 |   "range out of order in character class\0"
      |   ~~~~~~~~~~~~~~~~~~~~~~~~~~~~~~~~~~~~~~~~~
   76 |   "quantifier does not follow a repeatable item\0"
      |   ~~~~~~~~~~~~~~~~~~~~~~~~~~~~~~~~~~~~~~~~~~~~~~~~
   77 |   /* 10 */
      |   ~~~~~~~~
   78 |   "internal error: unexpected repeat\0"
      |   ~~~~~~~~~~~~~~~~~~~~~~~~~~~~~~~~~~~~~
   79 |   "unrecognized character after (? or (?-\0"
      |   ~~~~~~~~~~~~~~~~~~~~~~~~~~~~~~~~~~~~~~~~~~
   80 |   "POSIX named classes are supported only within a class\0"
      |   ~~~~~~~~~~~~~~~~~~~~~~~~~~~~~~~~~~~~~~~~~~~~~~~~~~~~~~~~~
   81 |   "POSIX collating elements are not supported\0"
      |   ~~~~~~~~~~~~~~~~~~~~~~~~~~~~~~~~~~~~~~~~~~~~~~
1 warning generated.
[10/630] Compiling C object subprojects/pcre2-10.46/libpcre2-8.a.p/src_pcre2_extuni.c.o
[11/630] Compiling C object subprojects/pcre2-10.46/libpcre2-8.a.p/src_pcre2_compile_class.c.o
[12/630] Compiling C object subprojects/pcre2-10.46/libpcre2-8.a.p/src_pcre2_find_bracket.c.o
[13/630] Compiling C object subprojects/pcre2-10.46/libpcre2-8.a.p/src_pcre2_maketables.c.o
[14/630] Compiling C object subprojects/pcre2-10.46/libpcre2-8.a.p/src_pcre2_dfa_match.c.o
[15/630] Compiling C object subprojects/pcre2-10.46/libpcre2-8.a.p/src_pcre2_match_data.c.o
[16/630] Compiling C object subprojects/pcre2-10.46/libpcre2-8.a.p/src_pcre2_newline.c.o
[17/630] Compiling C object subprojects/pcre2-10.46/libpcre2-8.a.p/src_pcre2_ord2utf.c.o
[18/630] Compiling C object subprojects/pcre2-10.46/libpcre2-8.a.p/src_pcre2_compile.c.o
[19/630] Compiling C object subprojects/pcre2-10.46/libpcre2-8.a.p/src_pcre2_pattern_info.c.o
[20/630] Compiling C object subprojects/pcre2-10.46/libpcre2-8.a.p/src_pcre2_serialize.c.o
[21/630] Compiling C object subprojects/pcre2-10.46/libpcre2-8.a.p/src_pcre2_script_run.c.o
[22/630] Compiling C object subprojects/pcre2-10.46/libpcre2-8.a.p/src_pcre2_string_utils.c.o
[23/630] Compiling C object subprojects/pcre2-10.46/libpcre2-8.a.p/src_pcre2_study.c.o
[24/630] Compiling C object subprojects/pcre2-10.46/libpcre2-8.a.p/src_pcre2_substitute.c.o
[25/630] Compiling C object subprojects/pcre2-10.46/libpcre2-8.a.p/src_pcre2_tables.c.o
[26/630] Compiling C object subprojects/pcre2-10.46/libpcre2-8.a.p/src_pcre2_substring.c.o
[27/630] Compiling C object subprojects/pcre2-10.46/libpcre2-8.a.p/src_pcre2_valid_utf.c.o
[28/630] Compiling C object subprojects/pcre2-10.46/libpcre2-8.a.p/src_pcre2_ucd.c.o
[29/630] Compiling C object subprojects/pcre2-10.46/libpcre2-8.a.p/meson-generated_.._pcre2_chartables.c.o
[30/630] Compiling C object subprojects/pcre2-10.46/libpcre2-8.a.p/src_pcre2_xclass.c.o
[31/630] Linking target subprojects/proxy-libintl-0.5/libintl.so
[32/630] Compiling C object glib/libcharset/libcharset.a.p/localcharset.c.o
[33/630] Compiling C object glib/gnulib/libgnulib.a.p/asnprintf.c.o
[34/630] Compiling C object glib/gnulib/libgnulib.a.p/printf.c.o
[35/630] Compiling C object glib/gnulib/libgnulib.a.p/printf-args.c.o
[36/630] Compiling C object glib/gnulib/libgnulib.a.p/printf-frexp.c.o
[37/630] Compiling C object glib/gnulib/libgnulib.a.p/printf-frexpl.c.o
[38/630] Compiling C object glib/gnulib/libgnulib.a.p/printf-parse.c.o
[39/630] Compiling C object glib/gnulib/libgnulib.a.p/xsize.c.o
[40/630] Compiling C object glib/gnulib/libgnulib.a.p/isnand.c.o
[41/630] Compiling C object glib/gnulib/libgnulib.a.p/isnanf.c.o
[42/630] Compiling C object glib/gnulib/libgnulib.a.p/isnanl.c.o
[43/630] Compiling C object subprojects/libffi-3.5.2/src/libffi.so.p/prep_cif.c.o
[44/630] Compiling C object subprojects/libffi-3.5.2/src/libffi.so.p/types.c.o
[45/630] Compiling C object subprojects/libffi-3.5.2/src/libffi.so.p/raw_api.c.o
[46/630] Compiling C object subprojects/libffi-3.5.2/src/libffi.so.p/java_raw_api.c.o
../subprojects/libffi-3.5.2/src/java_raw_api.c:328:46: warning: 'ffi_java_raw_size' is deprecated [-Wdeprecated-declarations]
  328 |   ffi_java_raw *raw = (ffi_java_raw*)alloca (ffi_java_raw_size (cif));
      |                                              ^
subprojects/libffi-3.5.2/include/ffi.h:315:56: note: 'ffi_java_raw_size' has been explicitly marked deprecated here
  315 | size_t ffi_java_raw_size (ffi_cif *cif) __attribute__((deprecated));
      |                                                        ^
../subprojects/libffi-3.5.2/src/java_raw_api.c:331:3: warning: 'ffi_java_ptrarray_to_raw' is deprecated [-Wdeprecated-declarations]
  331 |   ffi_java_ptrarray_to_raw (cif, avalue, raw);
      |   ^
subprojects/libffi-3.5.2/include/ffi.h:311:93: note: 'ffi_java_ptrarray_to_raw' has been explicitly marked deprecated here
  311 | void ffi_java_ptrarray_to_raw (ffi_cif *cif, void **args, ffi_java_raw *raw) __attribute__((deprecated));
      |                                                                                             ^
2 warnings generated.
[47/630] Compiling C object glib/gnulib/libgnulib.a.p/vasnprintf.c.o
../glib/gnulib/vasnprintf.c:5335:31: warning: comparison of integers of different signs: 'int' and 'size_t' (aka 'unsigned long') [-Wsign-compare]
 5335 |                     if (count >= tmp_length)
      |                         ~~~~~ ^  ~~~~~~~~~~
../glib/gnulib/vasnprintf.c:5426:31: warning: comparison of integers of different signs: 'int' and 'size_t' (aka 'unsigned long') [-Wsign-compare]
 5426 |                     if (count > allocated - length)
      |                         ~~~~~ ^ ~~~~~~~~~~~~~~~~~~
../glib/gnulib/vasnprintf.c:4853:19: warning: unannotated fall-through between switch labels [-Wimplicit-fallthrough]
 4853 |                   case TYPE_LONGINT:
      |                   ^
../glib/gnulib/vasnprintf.c:4853:19: note: insert '__attribute__((fallthrough));' to silence this warning
 4853 |                   case TYPE_LONGINT:
      |                   ^
      |                   __attribute__((fallthrough)); 
../glib/gnulib/vasnprintf.c:4853:19: note: insert 'break;' to avoid fall-through
 4853 |                   case TYPE_LONGINT:
      |                   ^
      |                   break; 
3 warnings generated.
[48/630] Compiling C object subprojects/libffi-3.5.2/src/libffi.so.p/closures.c.o
[49/630] Compiling C object subprojects/libffi-3.5.2/src/libffi.so.p/tramp.c.o
[50/630] Compiling C object subprojects/libffi-3.5.2/src/libffi.so.p/aarch64_ffi.c.o
[51/630] Compiling C object subprojects/libffi-3.5.2/src/libffi.so.p/aarch64_sysv.S.o
[52/630] Generating symbol file subprojects/proxy-libintl-0.5/libintl.so.p/libintl.so.symbols
[53/630] Linking static target glib/libcharset/libcharset.a
[54/630] Linking static target glib/gnulib/libgnulib.a
[55/630] Compiling C object glib/libglib-2.0.so.p/deprecated_gallocator.c.o
[56/630] Compiling C object glib/libglib-2.0.so.p/deprecated_gcache.c.o
[57/630] Compiling C object glib/libglib-2.0.so.p/deprecated_gcompletion.c.o
[58/630] Compiling C object glib/libglib-2.0.so.p/deprecated_grel.c.o
[59/630] Compiling C object glib/libglib-2.0.so.p/garcbox.c.o
[60/630] Compiling C object glib/libglib-2.0.so.p/deprecated_gthread-deprecated.c.o
[61/630] Compiling C object subprojects/pcre2-10.46/libpcre2-8.a.p/src_pcre2_match.c.o
[62/630] Compiling C object glib/libglib-2.0.so.p/gatomic.c.o
[63/630] Compiling C object glib/libglib-2.0.so.p/gasyncqueue.c.o
[64/630] Compiling C object glib/libglib-2.0.so.p/gbacktrace.c.o
[65/630] Compiling C object glib/libglib-2.0.so.p/gbase64.c.o
[66/630] Compiling C object glib/libglib-2.0.so.p/garray.c.o
[67/630] Compiling C object glib/libglib-2.0.so.p/gbitlock.c.o
[68/630] Compiling C object glib/libglib-2.0.so.p/gbytes.c.o
[69/630] Compiling C object glib/libglib-2.0.so.p/gcharset.c.o
[70/630] Compiling C object glib/libglib-2.0.so.p/gconvert.c.o
[71/630] Compiling C object glib/libglib-2.0.so.p/gbookmarkfile.c.o
[72/630] Compiling C object glib/libglib-2.0.so.p/gdataset.c.o
[73/630] Compiling C object glib/libglib-2.0.so.p/gchecksum.c.o
[74/630] Compiling C object glib/libglib-2.0.so.p/gdatetime-private.c.o
[75/630] Compiling C object glib/libglib-2.0.so.p/gdate.c.o
[76/630] Compiling C object glib/libglib-2.0.so.p/gdir.c.o
[77/630] Compiling C object glib/libglib-2.0.so.p/genviron.c.o
[78/630] Compiling C object glib/libglib-2.0.so.p/gerror.c.o
[79/630] Compiling C object glib/libglib-2.0.so.p/gdatetime.c.o
[80/630] Compiling C object glib/libglib-2.0.so.p/ggettext.c.o
[81/630] Compiling C object glib/libglib-2.0.so.p/ghmac.c.o
[82/630] Compiling C object glib/libglib-2.0.so.p/gfileutils.c.o
[83/630] Compiling C object glib/libglib-2.0.so.p/ghook.c.o
[84/630] Compiling C object glib/libglib-2.0.so.p/ghash.c.o
[85/630] Compiling C object glib/libglib-2.0.so.p/ghostutils.c.o
[86/630] Compiling C object glib/libglib-2.0.so.p/glib-init.c.o
[87/630] Compiling C object glib/libglib-2.0.so.p/giochannel.c.o
[88/630] Compiling C object glib/libglib-2.0.so.p/glib-private.c.o
[89/630] Compiling C object glib/libglib-2.0.so.p/glist.c.o
[90/630] Compiling C object glib/libglib-2.0.so.p/gmappedfile.c.o
[91/630] Compiling C object glib/libglib-2.0.so.p/gkeyfile.c.o
[92/630] Compiling C object glib/libglib-2.0.so.p/gmem.c.o
[93/630] Compiling C object glib/libglib-2.0.so.p/gmain.c.o
[94/630] Compiling C object glib/libglib-2.0.so.p/gmarkup.c.o
[95/630] Compiling C object glib/libglib-2.0.so.p/gnode.c.o
[96/630] Compiling C object glib/libglib-2.0.so.p/gmessages.c.o
[97/630] Compiling C object glib/libglib-2.0.so.p/gpathbuf.c.o
[98/630] Compiling C object glib/libglib-2.0.so.p/gpattern.c.o
[99/630] Compiling C object glib/libglib-2.0.so.p/gpoll.c.o
[100/630] Compiling C object glib/libglib-2.0.so.p/gprimes.c.o
[101/630] Compiling C object glib/libglib-2.0.so.p/gqsort.c.o
[102/630] Compiling C object glib/libglib-2.0.so.p/gquark.c.o
[103/630] Compiling C object glib/libglib-2.0.so.p/goption.c.o
[104/630] Compiling C object glib/libglib-2.0.so.p/gqueue.c.o
[105/630] Compiling C object glib/libglib-2.0.so.p/grcbox.c.o
[106/630] Compiling C object glib/libglib-2.0.so.p/grand.c.o
[107/630] Compiling C object glib/libglib-2.0.so.p/grefcount.c.o
[108/630] Compiling C object glib/libglib-2.0.so.p/grefstring.c.o
[109/630] Compiling C object glib/libglib-2.0.so.p/gsequence.c.o
[110/630] Compiling C object glib/libglib-2.0.so.p/gscanner.c.o
[111/630] Compiling C object glib/libglib-2.0.so.p/gregex.c.o
[112/630] Compiling C object glib/libglib-2.0.so.p/gslice.c.o
[113/630] Compiling C object glib/libglib-2.0.so.p/gshell.c.o
[114/630] Compiling C object glib/libglib-2.0.so.p/gspawn.c.o
[115/630] Compiling C object glib/libglib-2.0.so.p/gslist.c.o
[116/630] Compiling C object glib/libglib-2.0.so.p/gstdio.c.o
[117/630] Compiling C object glib/libglib-2.0.so.p/gstringchunk.c.o
[118/630] Compiling C object glib/libglib-2.0.so.p/gstrvbuilder.c.o
[119/630] Compiling C object glib/libglib-2.0.so.p/gstring.c.o
[120/630] Compiling C object glib/libglib-2.0.so.p/gstrfuncs.c.o
[121/630] Compiling C object glib/libglib-2.0.so.p/gthreadpool.c.o
[122/630] Compiling C object glib/libglib-2.0.so.p/gthread.c.o
[123/630] Compiling C object glib/libglib-2.0.so.p/gtimer.c.o
[124/630] Compiling C object glib/libglib-2.0.so.p/gtrace.c.o
[125/630] Compiling C object glib/libglib-2.0.so.p/gtimezone.c.o
[126/630] Compiling C object glib/libglib-2.0.so.p/gtestutils.c.o
[127/630] Compiling C object glib/libglib-2.0.so.p/gtranslit.c.o
[128/630] Compiling C object glib/libglib-2.0.so.p/gtrashstack.c.o
[129/630] Compiling C object glib/libglib-2.0.so.p/gtree.c.o
[130/630] Compiling C object glib/libglib-2.0.so.p/gunibreak.c.o
[131/630] Compiling C object glib/libglib-2.0.so.p/guniprop.c.o
[132/630] Compiling C object glib/libglib-2.0.so.p/gunicollate.c.o
[133/630] Compiling C object glib/libglib-2.0.so.p/gutf8.c.o
[134/630] Compiling C object glib/libglib-2.0.so.p/gunidecomp.c.o
[135/630] Compiling C object glib/libglib-2.0.so.p/gutils.c.o
[136/630] Compiling C object glib/libglib-2.0.so.p/guuid.c.o
[137/630] Compiling C object glib/libglib-2.0.so.p/guri.c.o
[138/630] Compiling C object glib/libglib-2.0.so.p/gvariant-core.c.o
[139/630] Compiling C object glib/libglib-2.0.so.p/gvariant-serialiser.c.o
[140/630] Compiling C object glib/libglib-2.0.so.p/gvariant-parser.c.o
[141/630] Compiling C object glib/libglib-2.0.so.p/gvarianttypeinfo.c.o
[142/630] Compiling C object glib/libglib-2.0.so.p/gversion.c.o
[143/630] Compiling C object glib/libglib-2.0.so.p/gvarianttype.c.o
[144/630] Compiling C object glib/libglib-2.0.so.p/gvariant.c.o
[145/630] Compiling C object glib/libglib-2.0.so.p/gwakeup.c.o
[146/630] Compiling C object glib/libglib-2.0.so.p/gprint.c.o
[147/630] Compiling C object glib/libglib-2.0.so.p/gprintf.c.o
[148/630] Compiling C object glib/libglib-2.0.so.p/giounix.c.o
[149/630] Compiling C object glib/libglib-2.0.so.p/glib-unix.c.o
[150/630] Linking target subprojects/libffi-3.5.2/src/libffi.so
[151/630] Generating gobject/gobject-visibility.h with a custom command
[152/630] Generating gmodule/gmodule-visibility.h with a custom command
[153/630] Compiling C object glib/libglib-2.0.so.p/gspawn-posix.c.o
[154/630] Generating gobject/glib_enumtypes_h with a custom command (wrapped by meson to capture output)
[155/630] Compiling C object subprojects/pcre2-10.46/libpcre2-8.a.p/src_pcre2_jit_compile.c.o
In file included from ../subprojects/pcre2-10.46/src/pcre2_jit_compile.c:85:
In file included from ../subprojects/pcre2-10.46/src/../deps/sljit/sljit_src/sljitLir.c:3314:
../subprojects/pcre2-10.46/src/../deps/sljit/sljit_src/sljitNativeARM_64.c:3377:12: warning: unused parameter 'temp_reg' [-Wunused-parameter]
 3377 |         sljit_s32 temp_reg)
      |                   ^
1 warning generated.
[156/630] Linking static target subprojects/pcre2-10.46/libpcre2-8.a
[157/630] Generating symbol file subprojects/libffi-3.5.2/src/libffi.so.p/libffi.so.symbols
[158/630] Compiling C object gmodule/libgmodule-2.0.so.p/gmodule.c.o
[159/630] Linking target glib/libglib-2.0.so
[160/630] Compiling C object gobject/libgobject-2.0.so.p/gatomicarray.c.o
[161/630] Generating symbol file glib/libglib-2.0.so.p/libglib-2.0.so.symbols
[162/630] Generating gobject/glib_enumtypes_c with a custom command (wrapped by meson to capture output)
[163/630] Compiling C object gobject/libgobject-2.0.so.p/gbinding.c.o
[164/630] Compiling C object gobject/libgobject-2.0.so.p/meson-generated_.._glib-enumtypes.c.o
[165/630] Compiling C object gobject/libgobject-2.0.so.p/gbindinggroup.c.o
[166/630] Compiling C object gobject/libgobject-2.0.so.p/gboxed.c.o
[167/630] Compiling C object gobject/libgobject-2.0.so.p/genums.c.o
[168/630] Compiling C object gobject/libgobject-2.0.so.p/gmarshal.c.o
../gobject/gmarshal.c:325:13: warning: implicit conversion changes signedness: 'gint8' (aka 'signed char') to 'gchar' (aka 'char') [-Wsign-conversion]
  324 |   callback (data1,
      |   ~~~~~~~~
  325 |             g_marshal_value_peek_char (param_values + 1),
      |             ^~~~~~~~~~~~~~~~~~~~~~~~~~~~~~~~~~~~~~~~~~~~
../gobject/gmarshal.c:27:42: note: expanded from macro 'g_marshal_value_peek_char'
   27 | #define g_marshal_value_peek_char(v)     g_value_get_schar (v)
      |                                          ^~~~~~~~~~~~~~~~~~~~~
1 warning generated.
[169/630] Compiling C object gobject/libgobject-2.0.so.p/gclosure.c.o
[170/630] Compiling C object gobject/libgobject-2.0.so.p/gparam.c.o
[171/630] Compiling C object gobject/libgobject-2.0.so.p/gparamspecs.c.o
../gobject/gparamspecs.c:51:20: warning: implicit conversion from 'int' to 'gint8' (aka 'signed char') changes value from 255 to -1 [-Wconstant-conversion]
   51 |   cspec->maximum = CHAR_MAX;
      |                  ~ ^~~~~~~~
/usr/local/lib/android/sdk/ndk/29.0.14206865/toolchains/llvm/prebuilt/linux-x86_64/lib/clang/21/include/limits.h:93:18: note: expanded from macro 'CHAR_MAX'
   93 | #define CHAR_MAX UCHAR_MAX
      |                  ^~~~~~~~~
/usr/local/lib/android/sdk/ndk/29.0.14206865/toolchains/llvm/prebuilt/linux-x86_64/lib/clang/21/include/limits.h:58:37: note: expanded from macro 'UCHAR_MAX'
   58 | #define UCHAR_MAX (__SCHAR_MAX__*2  +1)
      |                    ~~~~~~~~~~~~~~~~~^~
1 warning generated.
[172/630] Compiling C object gobject/libgobject-2.0.so.p/gsignalgroup.c.o
[173/630] Compiling C object gobject/libgobject-2.0.so.p/gsourceclosure.c.o
[174/630] Compiling C object gobject/libgobject-2.0.so.p/gtypemodule.c.o
[175/630] Compiling C object gobject/libgobject-2.0.so.p/gobject.c.o
In file included from ../gobject/gobject.c:30:
../gobject/../glib/glib-private.h:112:10: warning: implicit conversion loses integer precision: 'long' to 'gboolean' (aka 'int') [-Wshorten-64-to-32]
  112 |   return G_UNLIKELY (__lsan_enable != NULL && __lsan_ignore_object != NULL);
      |   ~~~~~~ ^~~~~~~~~~~~~~~~~~~~~~~~~~~~~~~~~~~~~~~~~~~~~~~~~~~~~~~~~~~~~~~~~~
../glib/gmacros.h:1285:27: note: expanded from macro 'G_UNLIKELY'
 1285 | #define G_UNLIKELY(expr) (__builtin_expect (_G_BOOLEAN_EXPR(expr), 0))
      |                           ^~~~~~~~~~~~~~~~~~~~~~~~~~~~~~~~~~~~~~~~~~~
1 warning generated.
[176/630] Compiling C object gobject/libgobject-2.0.so.p/gtypeplugin.c.o
[177/630] Compiling C object gobject/libgobject-2.0.so.p/gsignal.c.o
[178/630] Compiling C object gobject/libgobject-2.0.so.p/gvalue.c.o
[179/630] Compiling C object gobject/libgobject-2.0.so.p/gvaluearray.c.o
[180/630] Compiling C object gobject/libgobject-2.0.so.p/gvaluetransform.c.o
[181/630] Compiling C object gmodule/libgmodule-2.0.so.p/gmodule-deprecated.c.o
[182/630] Copying file gio/gdbus-2.0/codegen/__init__.py
[183/630] Copying file gio/gdbus-2.0/codegen/codegen.py
[184/630] Compiling C object gobject/libgobject-2.0.so.p/gvaluetypes.c.o
[185/630] Copying file gio/gdbus-2.0/codegen/codegen_docbook.py
[186/630] Copying file gio/gdbus-2.0/codegen/codegen_main.py
[187/630] Copying file gio/gdbus-2.0/codegen/codegen_md.py
[188/630] Compiling C object gobject/libgobject-2.0.so.p/gtype.c.o
In file included from ../gobject/gtype.c:36:
../glib/glib-private.h:112:10: warning: implicit conversion loses integer precision: 'long' to 'gboolean' (aka 'int') [-Wshorten-64-to-32]
  112 |   return G_UNLIKELY (__lsan_enable != NULL && __lsan_ignore_object != NULL);
      |   ~~~~~~ ^~~~~~~~~~~~~~~~~~~~~~~~~~~~~~~~~~~~~~~~~~~~~~~~~~~~~~~~~~~~~~~~~~
../glib/gmacros.h:1285:27: note: expanded from macro 'G_UNLIKELY'
 1285 | #define G_UNLIKELY(expr) (__builtin_expect (_G_BOOLEAN_EXPR(expr), 0))
      |                           ^~~~~~~~~~~~~~~~~~~~~~~~~~~~~~~~~~~~~~~~~~~
1 warning generated.
[189/630] Copying file gio/gdbus-2.0/codegen/codegen_rst.py
[190/630] Copying file gio/gdbus-2.0/codegen/dbustypes.py
[191/630] Generating gio/gio-visibility.h with a custom command
[192/630] Copying file gio/gdbus-2.0/codegen/utils.py
[193/630] Copying file gio/gdbus-2.0/codegen/parser.py
[194/630] Linking target gmodule/libgmodule-2.0.so
[195/630] Linking target gobject/libgobject-2.0.so
[196/630] Generating gio/xdp-dbus with a custom command
[197/630] Generating gio/gdbus-daemon-generated with a custom command
[198/630] Compiling C object gio/xdgmime/libxdgmime.a.p/xdgmime.c.o
[199/630] Compiling C object gio/xdgmime/libxdgmime.a.p/xdgmimealias.c.o
[200/630] Compiling C object gio/xdgmime/libxdgmime.a.p/xdgmimeicon.c.o
[201/630] Compiling C object gio/xdgmime/libxdgmime.a.p/xdgmimeglob.c.o
[202/630] Compiling C object gio/xdgmime/libxdgmime.a.p/xdgmimeint.c.o
[203/630] Compiling C object gio/xdgmime/libxdgmime.a.p/xdgmimeparent.c.o
[204/630] Compiling C object gio/xdgmime/libxdgmime.a.p/xdgmimecache.c.o
[205/630] Generating gio/gioenumtypes_h with a custom command (wrapped by meson to capture output)
[206/630] Compiling C object gio/xdgmime/libxdgmime.a.p/xdgmimemagic.c.o
[207/630] Generating symbol file gobject/libgobject-2.0.so.p/libgobject-2.0.so.symbols
[208/630] Generating symbol file gmodule/libgmodule-2.0.so.p/libgmodule-2.0.so.symbols
[209/630] Compiling C object gio/inotify/libinotify.a.p/inotify-sub.c.o
[210/630] Compiling C object gio/inotify/libinotify.a.p/inotify-kernel.c.o
[211/630] Compiling C object gio/inotify/libinotify.a.p/inotify-path.c.o
[212/630] Compiling C object gio/inotify/libinotify.a.p/inotify-missing.c.o
[213/630] Linking static target gio/xdgmime/libxdgmime.a
[214/630] Compiling C object gio/inotify/libinotify.a.p/inotify-helper.c.o
[215/630] Compiling C object gio/inotify/libinotify.a.p/ginotifyfilemonitor.c.o
[216/630] Linking static target gio/inotify/libinotify.a
[217/630] Generating gio/gioenumtypes_c with a custom command (wrapped by meson to capture output)
[218/630] Compiling C object gio/libgio-2.0.so.p/meson-generated_.._gdbus-daemon-generated.c.o
[219/630] Compiling C object gio/libgio-2.0.so.p/meson-generated_.._gioenumtypes.c.o
[220/630] Compiling C object gio/libgio-2.0.so.p/gasynchelper.c.o
[221/630] Compiling C object gio/libgio-2.0.so.p/gappinfo.c.o
[222/630] Compiling C object gio/libgio-2.0.so.p/gasyncinitable.c.o
[223/630] Compiling C object gio/libgio-2.0.so.p/gasyncresult.c.o
[224/630] Compiling C object gio/libgio-2.0.so.p/gbufferedinputstream.c.o
[225/630] Compiling C object gio/libgio-2.0.so.p/gbytesicon.c.o
[226/630] Compiling C object gio/libgio-2.0.so.p/gbufferedoutputstream.c.o
[227/630] Compiling C object gio/libgio-2.0.so.p/meson-generated_.._xdp-dbus.c.o
[228/630] Compiling C object gio/libgio-2.0.so.p/gcancellable.c.o
[229/630] Compiling C object gio/libgio-2.0.so.p/gcharsetconverter.c.o
[230/630] Compiling C object gio/libgio-2.0.so.p/gcontenttype.c.o
[231/630] Compiling C object gio/libgio-2.0.so.p/gcontextspecificgroup.c.o
[232/630] Compiling C object gio/libgio-2.0.so.p/gconverter.c.o
[233/630] Compiling C object gio/libgio-2.0.so.p/gcredentials.c.o
[234/630] Compiling C object gio/libgio-2.0.so.p/gconverterinputstream.c.o
[235/630] Compiling C object gio/libgio-2.0.so.p/gdatagrambased.c.o
[236/630] Compiling C object gio/libgio-2.0.so.p/gconverteroutputstream.c.o
[237/630] Compiling C object gio/libgio-2.0.so.p/gdebugcontroller.c.o
[238/630] Compiling C object gio/libgio-2.0.so.p/gdataoutputstream.c.o
[239/630] Compiling C object gio/libgio-2.0.so.p/gdatainputstream.c.o
[240/630] Compiling C object gio/libgio-2.0.so.p/gdebugcontrollerdbus.c.o
[241/630] Compiling C object gio/libgio-2.0.so.p/gdummyproxyresolver.c.o
[242/630] Compiling C object gio/libgio-2.0.so.p/gdrive.c.o
[243/630] Compiling C object gio/libgio-2.0.so.p/gdummytlsbackend.c.o
[244/630] Compiling C object gio/libgio-2.0.so.p/gdummyfile.c.o
[245/630] Compiling C object gio/libgio-2.0.so.p/gemblem.c.o
[246/630] Compiling C object gio/libgio-2.0.so.p/gemblemedicon.c.o
[247/630] Compiling C object gio/libgio-2.0.so.p/gfileicon.c.o
[248/630] Compiling C object gio/libgio-2.0.so.p/gfileattribute.c.o
[249/630] Compiling C object gio/libgio-2.0.so.p/gfileenumerator.c.o
[250/630] Compiling C object gio/libgio-2.0.so.p/gfileinputstream.c.o
[251/630] Compiling C object gio/libgio-2.0.so.p/gfilemonitor.c.o
[252/630] Compiling C object gio/libgio-2.0.so.p/gfilenamecompleter.c.o
[253/630] Compiling C object gio/libgio-2.0.so.p/gfileoutputstream.c.o
[254/630] Compiling C object gio/libgio-2.0.so.p/gfilterinputstream.c.o
[255/630] Compiling C object gio/libgio-2.0.so.p/gfileiostream.c.o
[256/630] Compiling C object gio/libgio-2.0.so.p/gfilteroutputstream.c.o
[257/630] Compiling C object gio/libgio-2.0.so.p/gicon.c.o
[258/630] Compiling C object gio/libgio-2.0.so.p/gfileinfo.c.o
[259/630] Compiling C object gio/libgio-2.0.so.p/ginetaddress.c.o
[260/630] Compiling C object gio/libgio-2.0.so.p/ginetaddressmask.c.o
[261/630] Compiling C object gio/libgio-2.0.so.p/ginetsocketaddress.c.o
[262/630] Compiling C object gio/libgio-2.0.so.p/gfile.c.o
[263/630] Compiling C object gio/libgio-2.0.so.p/ginitable.c.o
[264/630] Compiling C object gio/libgio-2.0.so.p/gioerror.c.o
[265/630] Compiling C object gio/libgio-2.0.so.p/giomodule-priv.c.o
[266/630] Compiling C object gio/libgio-2.0.so.p/gioscheduler.c.o
[267/630] Compiling C object gio/libgio-2.0.so.p/ginputstream.c.o
[268/630] Compiling C object gio/libgio-2.0.so.p/giptosmessage.c.o
[269/630] Compiling C object gio/libgio-2.0.so.p/giomodule.c.o
[270/630] Compiling C object gio/libgio-2.0.so.p/giostream.c.o
[271/630] Compiling C object gio/libgio-2.0.so.p/gipv6tclassmessage.c.o
[272/630] Compiling C object gio/libgio-2.0.so.p/gloadableicon.c.o
[273/630] Compiling C object gio/libgio-2.0.so.p/gmemorymonitor.c.o
[274/630] Compiling C object gio/libgio-2.0.so.p/gmount.c.o
[275/630] Compiling C object gio/libgio-2.0.so.p/gmemorymonitorbase.c.o
[276/630] Compiling C object gio/libgio-2.0.so.p/gmemorymonitordbus.c.o
[277/630] Compiling C object gio/libgio-2.0.so.p/gmarshal-internal.c.o
[278/630] Compiling C object gio/libgio-2.0.so.p/gnativesocketaddress.c.o
[279/630] Compiling C object gio/libgio-2.0.so.p/gmemoryinputstream.c.o
[280/630] Compiling C object gio/libgio-2.0.so.p/gmountoperation.c.o
[281/630] Compiling C object gio/libgio-2.0.so.p/gmemoryoutputstream.c.o
[282/630] Compiling C object gio/libgio-2.0.so.p/gnativevolumemonitor.c.o
[283/630] Compiling C object gio/libgio-2.0.so.p/gnetworking.c.o
[284/630] Compiling C object gio/libgio-2.0.so.p/gnetworkmonitor.c.o
[285/630] Compiling C object gio/libgio-2.0.so.p/gnetworkaddress.c.o
[286/630] Compiling C object gio/libgio-2.0.so.p/gnetworkmonitorbase.c.o
[287/630] Compiling C object gio/libgio-2.0.so.p/gnetworkservice.c.o
[288/630] Compiling C object gio/libgio-2.0.so.p/gpermission.c.o
[289/630] Compiling C object gio/libgio-2.0.so.p/gpollableinputstream.c.o
[290/630] Compiling C object gio/libgio-2.0.so.p/gpollableoutputstream.c.o
[291/630] Compiling C object gio/libgio-2.0.so.p/gpollableutils.c.o
[292/630] Compiling C object gio/libgio-2.0.so.p/gpollfilemonitor.c.o
[293/630] Compiling C object gio/libgio-2.0.so.p/gpowerprofilemonitor.c.o
[294/630] Compiling C object gio/libgio-2.0.so.p/goutputstream.c.o
[295/630] Compiling C object gio/libgio-2.0.so.p/gpowerprofilemonitordbus.c.o
[296/630] Compiling C object gio/libgio-2.0.so.p/gproxy.c.o
[297/630] Compiling C object gio/libgio-2.0.so.p/gproxyaddress.c.o
[298/630] Compiling C object gio/libgio-2.0.so.p/gproxyaddressenumerator.c.o
[299/630] Compiling C object gio/libgio-2.0.so.p/gproxyresolver.c.o
[300/630] Compiling C object gio/libgio-2.0.so.p/gseekable.c.o
[301/630] Compiling C object gio/libgio-2.0.so.p/gresource.c.o
[302/630] Compiling C object gio/libgio-2.0.so.p/gresolver.c.o
[303/630] Compiling C object gio/libgio-2.0.so.p/gresourcefile.c.o
[304/630] Compiling C object gio/libgio-2.0.so.p/gsimpleiostream.c.o
[305/630] Compiling C object gio/libgio-2.0.so.p/gsimplepermission.c.o
[306/630] Compiling C object gio/libgio-2.0.so.p/gsimpleasyncresult.c.o
[307/630] Compiling C object gio/libgio-2.0.so.p/gsimpleproxyresolver.c.o
[308/630] Compiling C object gio/libgio-2.0.so.p/gsocketaddressenumerator.c.o
[309/630] Compiling C object gio/libgio-2.0.so.p/gsocketaddress.c.o
[310/630] Compiling C object gio/libgio-2.0.so.p/gsocketconnectable.c.o
[311/630] Compiling C object gio/libgio-2.0.so.p/gsocketclient.c.o
[312/630] Compiling C object gio/libgio-2.0.so.p/gsocketconnection.c.o
[313/630] Compiling C object gio/libgio-2.0.so.p/gsocketcontrolmessage.c.o
[314/630] Compiling C object gio/libgio-2.0.so.p/gsocket.c.o
[315/630] Compiling C object gio/libgio-2.0.so.p/gsocketinputstream.c.o
[316/630] Compiling C object gio/libgio-2.0.so.p/gsocketlistener.c.o
[317/630] Compiling C object gio/libgio-2.0.so.p/gsocketoutputstream.c.o
[318/630] Compiling C object gio/libgio-2.0.so.p/gsrvtarget.c.o
[319/630] Compiling C object gio/libgio-2.0.so.p/gsocketservice.c.o
[320/630] Compiling C object gio/libgio-2.0.so.p/gsubprocesslauncher.c.o
[321/630] Compiling C object gio/libgio-2.0.so.p/gtcpconnection.c.o
[322/630] Compiling C object gio/libgio-2.0.so.p/gtcpwrapperconnection.c.o
[323/630] Compiling C object gio/libgio-2.0.so.p/gtask.c.o
[324/630] Compiling C object gio/libgio-2.0.so.p/gsubprocess.c.o
[325/630] Compiling C object gio/libgio-2.0.so.p/gthemedicon.c.o
[326/630] Compiling C object gio/libgio-2.0.so.p/gthreadedsocketservice.c.o
[327/630] Compiling C object gio/libgio-2.0.so.p/gtlsbackend.c.o
[328/630] Compiling C object gio/libgio-2.0.so.p/gtlsclientconnection.c.o
[329/630] Compiling C object gio/libgio-2.0.so.p/gtlscertificate.c.o
[330/630] Compiling C object gio/libgio-2.0.so.p/gthreadedresolver.c.o
[331/630] Compiling C object gio/libgio-2.0.so.p/gtlsfiledatabase.c.o
[332/630] Compiling C object gio/libgio-2.0.so.p/gtlsconnection.c.o
[333/630] Compiling C object gio/libgio-2.0.so.p/gtlsdatabase.c.o
[334/630] Compiling C object gio/libgio-2.0.so.p/gtlsserverconnection.c.o
[335/630] Compiling C object gio/libgio-2.0.so.p/gtlspassword.c.o
[336/630] Compiling C object gio/libgio-2.0.so.p/gtlsinteraction.c.o
[337/630] Compiling C object gio/libgio-2.0.so.p/gdtlsconnection.c.o
[338/630] Compiling C object gio/libgio-2.0.so.p/gdtlsclientconnection.c.o
[339/630] Compiling C object gio/libgio-2.0.so.p/gdtlsserverconnection.c.o
[340/630] Compiling C object gio/libgio-2.0.so.p/gunionvolumemonitor.c.o
[341/630] Compiling C object gio/libgio-2.0.so.p/gunixcredentialsmessage.c.o
[342/630] Compiling C object gio/libgio-2.0.so.p/gunixconnection.c.o
[343/630] Compiling C object gio/libgio-2.0.so.p/gunixfdlist.c.o
[344/630] Compiling C object gio/libgio-2.0.so.p/gunixsocketaddress.c.o
[345/630] Compiling C object gio/libgio-2.0.so.p/gvfs.c.o
[346/630] Compiling C object gio/libgio-2.0.so.p/gvolumemonitor.c.o
[347/630] Compiling C object gio/libgio-2.0.so.p/gvolume.c.o
[348/630] Compiling C object gio/libgio-2.0.so.p/gzlibcompressor.c.o
[349/630] Compiling C object gio/libgio-2.0.so.p/.._glib_gtrace.c.o
[350/630] Compiling C object gio/libgio-2.0.so.p/glistmodel.c.o
[351/630] Compiling C object gio/libgio-2.0.so.p/gzlibdecompressor.c.o
[352/630] Compiling C object gio/libgio-2.0.so.p/gliststore.c.o
[353/630] Compiling C object gio/libgio-2.0.so.p/gfiledescriptorbased.c.o
[354/630] Compiling C object gio/libgio-2.0.so.p/giounix-private.c.o
[355/630] Compiling C object gio/libgio-2.0.so.p/gcontenttype-fdo.c.o
[356/630] Compiling C object gio/libgio-2.0.so.p/gdbusdaemon.c.o
[357/630] Compiling C object gio/libgio-2.0.so.p/gunixfdmessage.c.o
[358/630] Compiling C object gio/libgio-2.0.so.p/gunixmount.c.o
[359/630] Compiling C object gio/libgio-2.0.so.p/gunixvolume.c.o
[360/630] Compiling C object gio/libgio-2.0.so.p/gunixinputstream.c.o
[361/630] Compiling C object gio/libgio-2.0.so.p/gunixvolumemonitor.c.o
[362/630] Compiling C object gio/libgio-2.0.so.p/gunixmounts.c.o
[363/630] Compiling C object gio/libgio-2.0.so.p/ggtknotificationbackend.c.o
[364/630] Compiling C object gio/libgio-2.0.so.p/gmemorymonitorpoll.c.o
[365/630] Compiling C object gio/libgio-2.0.so.p/gfdonotificationbackend.c.o
[366/630] Compiling C object gio/libgio-2.0.so.p/gunixoutputstream.c.o
[367/630] Compiling C object gio/libgio-2.0.so.p/gnetworkmonitornm.c.o
[368/630] Compiling C object gio/libgio-2.0.so.p/gmemorymonitorpsi.c.o
[369/630] Compiling C object gio/libgio-2.0.so.p/gnetworkmonitorsystemd.c.o
[370/630] Compiling C object gio/libgio-2.0.so.p/gnetworkmonitornetlink.c.o
[371/630] Compiling C object gio/libgio-2.0.so.p/gapplicationcommandline.c.o
[372/630] Compiling C object gio/libgio-2.0.so.p/gapplication.c.o
[373/630] Compiling C object gio/libgio-2.0.so.p/gapplicationimpl-dbus.c.o
[374/630] Compiling C object gio/libgio-2.0.so.p/gactiongroup.c.o
[375/630] Compiling C object gio/libgio-2.0.so.p/gactionmap.c.o
[376/630] Compiling C object gio/libgio-2.0.so.p/gsimpleactiongroup.c.o
[377/630] Compiling C object gio/libgio-2.0.so.p/gdesktopappinfo.c.o
[378/630] Compiling C object gio/libgio-2.0.so.p/gremoteactiongroup.c.o
[379/630] Compiling C object gio/libgio-2.0.so.p/gactiongroupexporter.c.o
[380/630] Compiling C object gio/libgio-2.0.so.p/gdbusactiongroup.c.o
[381/630] Compiling C object gio/libgio-2.0.so.p/gaction.c.o
[382/630] Compiling C object gio/libgio-2.0.so.p/gpropertyaction.c.o
[383/630] Compiling C object gio/libgio-2.0.so.p/gsimpleaction.c.o
[384/630] Compiling C object gio/libgio-2.0.so.p/gmenumodel.c.o
[385/630] Compiling C object gio/libgio-2.0.so.p/gmenuexporter.c.o
[386/630] Compiling C object gio/libgio-2.0.so.p/gmenu.c.o
[387/630] Compiling C object gio/libgio-2.0.so.p/gdbusmenumodel.c.o
[388/630] Compiling C object gio/libgio-2.0.so.p/gnotificationbackend.c.o
[389/630] Compiling C object gio/libgio-2.0.so.p/gnotification.c.o
[390/630] Compiling C object gio/libgio-2.0.so.p/gdelayedsettingsbackend.c.o
[391/630] Compiling C object gio/libgio-2.0.so.p/gmemorysettingsbackend.c.o
[392/630] Compiling C object gio/libgio-2.0.so.p/gnullsettingsbackend.c.o
[393/630] Compiling C object gio/libgio-2.0.so.p/gkeyfilesettingsbackend.c.o
[394/630] Compiling C object gio/libgio-2.0.so.p/gsettingsbackend.c.o
[395/630] Compiling C object gio/libgio-2.0.so.p/gsettings-mapping.c.o
[396/630] Compiling C object gio/libgio-2.0.so.p/gdbusutils.c.o
[397/630] Compiling C object gio/libgio-2.0.so.p/gsettingsschema.c.o
[398/630] Compiling C object gio/libgio-2.0.so.p/gsettings.c.o
[399/630] Compiling C object gio/libgio-2.0.so.p/gdbusauthobserver.c.o
[400/630] Compiling C object gio/libgio-2.0.so.p/gdbusaddress.c.o
[401/630] Compiling C object gio/libgio-2.0.so.p/gdbusauthmechanism.c.o
[402/630] Compiling C object gio/libgio-2.0.so.p/gdbusauthmechanismanon.c.o
[403/630] Compiling C object gio/libgio-2.0.so.p/gdbusauthmechanismexternal.c.o
[404/630] Compiling C object gio/libgio-2.0.so.p/gdbusauth.c.o
[405/630] Compiling C object gio/libgio-2.0.so.p/gdbuserror.c.o
[406/630] Compiling C object gio/libgio-2.0.so.p/gdbusauthmechanismsha1.c.o
[407/630] Compiling C object gio/libgio-2.0.so.p/gdbusnameowning.c.o
[408/630] Compiling C object gio/libgio-2.0.so.p/gdbusnamewatching.c.o
[409/630] Compiling C object gio/libgio-2.0.so.p/gdbusproxy.c.o
[410/630] Compiling C object gio/libgio-2.0.so.p/gdbusmessage.c.o
[411/630] Compiling C object gio/libgio-2.0.so.p/gdbusprivate.c.o
[412/630] Compiling C object gio/libgio-2.0.so.p/gdbusconnection.c.o
[413/630] Compiling C object gio/libgio-2.0.so.p/gdbusmethodinvocation.c.o
[414/630] Compiling C object gio/libgio-2.0.so.p/gdbusinterface.c.o
[415/630] Compiling C object gio/libgio-2.0.so.p/gdbusintrospection.c.o
[416/630] Compiling C object gio/libgio-2.0.so.p/gdbusserver.c.o
[417/630] Compiling C object gio/libgio-2.0.so.p/gdbusobject.c.o
[418/630] Compiling C object gio/libgio-2.0.so.p/gdbusinterfaceskeleton.c.o
[419/630] Compiling C object gio/libgio-2.0.so.p/gdbusobjectskeleton.c.o
[420/630] Compiling C object gio/libgio-2.0.so.p/gdbusobjectproxy.c.o
[421/630] Compiling C object gio/libgio-2.0.so.p/gdbusobjectmanager.c.o
[422/630] Compiling C object gio/libgio-2.0.so.p/gdbusobjectmanagerserver.c.o
[423/630] Compiling C object gio/libgio-2.0.so.p/gtestdbus.c.o
[424/630] Compiling C object gio/libgio-2.0.so.p/gdbusobjectmanagerclient.c.o
[425/630] Compiling C object gio/libgio-2.0.so.p/gdocumentportal.c.o
[426/630] Compiling C object gio/libgio-2.0.so.p/gpowerprofilemonitorportal.c.o
[427/630] Compiling C object gio/libgio-2.0.so.p/gopenuriportal.c.o
[428/630] Compiling C object gio/libgio-2.0.so.p/gmemorymonitorportal.c.o
[429/630] Compiling C object gio/libgio-2.0.so.p/gnetworkmonitorportal.c.o
[430/630] Compiling C object gio/libgio-2.0.so.p/gportalnotificationbackend.c.o
[431/630] Compiling C object gio/libgio-2.0.so.p/gproxyresolverportal.c.o
[432/630] Compiling C object gio/libgio-2.0.so.p/gtrashportal.c.o
[433/630] Compiling C object gio/libgio-2.0.so.p/gportalsupport.c.o
[434/630] Compiling C object gio/libgio-2.0.so.p/ghttpproxy.c.o
[435/630] Compiling C object gio/libgio-2.0.so.p/gsandbox.c.o
[436/630] Compiling C object gio/libgio-2.0.so.p/glocalfileenumerator.c.o
[437/630] Compiling C object gio/libgio-2.0.so.p/glocalfileinputstream.c.o
[438/630] Compiling C object gio/libgio-2.0.so.p/glocalfile.c.o
[439/630] Compiling C object gio/libgio-2.0.so.p/glocalfilemonitor.c.o
[440/630] Compiling C object gio/libgio-2.0.so.p/glocalfileinfo.c.o
[441/630] Compiling C object gio/libgio-2.0.so.p/gsocks4proxy.c.o
[442/630] Compiling C object gio/libgio-2.0.so.p/glocalfileiostream.c.o
[443/630] Compiling C object gio/libgio-2.0.so.p/glocalvfs.c.o
[444/630] Compiling C object gio/libgio-2.0.so.p/glocalfileoutputstream.c.o
[445/630] Compiling C object gio/libgio-2.0.so.p/gsocks4aproxy.c.o
[446/630] Compiling C object gio/libgio-2.0.so.p/thumbnail-verify.c.o
[447/630] Compiling C object gio/libgio-2.0.so.p/gsocks5proxy.c.o
[448/630] Compiling C object gio/libgio-2.0.so.p/.._subprojects_gvdb_gvdb_gvdb-reader.c.o
[449/630] Generating girepository/gi-visibility.h with a custom command
[450/630] Compiling C object gio/libgio-2.0.so.p/.._subprojects_gvdb_gvdb_gvdb-builder.c.o
[451/630] Linking target gio/libgio-2.0.so
[452/630] Compiling C object girepository/cmph/libcmph.a.p/bdz.c.o
[453/630] Compiling C object girepository/cmph/libcmph.a.p/bdz_ph.c.o
[454/630] Compiling C object girepository/cmph/libcmph.a.p/bmz8.c.o
[455/630] Compiling C object girepository/cmph/libcmph.a.p/buffer_manager.c.o
[456/630] Compiling C object girepository/cmph/libcmph.a.p/buffer_entry.c.o
[457/630] Compiling C object girepository/cmph/libcmph.a.p/bmz.c.o
[458/630] Compiling C object girepository/cmph/libcmph.a.p/chd.c.o
[459/630] Compiling C object girepository/cmph/libcmph.a.p/brz.c.o
[460/630] Compiling C object girepository/cmph/libcmph.a.p/chm.c.o
[461/630] Compiling C object girepository/cmph/libcmph.a.p/cmph_structs.c.o
[462/630] Compiling C object girepository/cmph/libcmph.a.p/chd_ph.c.o
[463/630] Compiling C object girepository/cmph/libcmph.a.p/cmph.c.o
[464/630] Compiling C object girepository/cmph/libcmph.a.p/compressed_rank.c.o
[465/630] Compiling C object girepository/cmph/libcmph.a.p/fch_buckets.c.o
[466/630] Compiling C object girepository/cmph/libcmph.a.p/compressed_seq.c.o
[467/630] Compiling C object girepository/cmph/libcmph.a.p/fch.c.o
[468/630] Compiling C object girepository/cmph/libcmph.a.p/hash.c.o
[469/630] Compiling C object girepository/cmph/libcmph.a.p/graph.c.o
[470/630] Compiling C object girepository/cmph/libcmph.a.p/jenkins_hash.c.o
[471/630] Compiling C object girepository/cmph/libcmph.a.p/miller_rabin.c.o
[472/630] Compiling C object girepository/cmph/libcmph.a.p/vqueue.c.o
[473/630] Compiling C object girepository/cmph/libcmph.a.p/vstack.c.o
[474/630] Compiling C object girepository/cmph/libcmph.a.p/select.c.o
[475/630] Compiling C object girepository/libgirepository-gthash.a.p/gthash.c.o
[476/630] Compiling C object girepository/libgirepository-internals.a.p/giroffsets.c.o
[477/630] Compiling C object girepository/libgirepository-internals.a.p/girmodule.c.o
[478/630] Generating symbol file gio/libgio-2.0.so.p/libgio-2.0.so.symbols
[479/630] Linking static target girepository/cmph/libcmph.a
[480/630] Linking static target girepository/libgirepository-gthash.a
[481/630] Compiling C object girepository/libgirepository-internals.a.p/girnode.c.o
[482/630] Compiling C object girepository/libgirepository-internals.a.p/girwriter.c.o
[483/630] Compiling C object girepository/libgirepository-2.0.so.p/gdump.c.o
[484/630] Compiling C object girepository/libgirepository-2.0.so.p/giarginfo.c.o
[485/630] Compiling C object girepository/libgirepository-2.0.so.p/gibaseinfo.c.o
[486/630] Compiling C object girepository/libgirepository-2.0.so.p/gicallbackinfo.c.o
[487/630] Compiling C object girepository/libgirepository-2.0.so.p/gicallableinfo.c.o
[488/630] Compiling C object girepository/libgirepository-internals.a.p/girparser.c.o
[489/630] Linking static target girepository/libgirepository-internals.a
[490/630] Compiling C object girepository/libgirepository-2.0.so.p/giconstantinfo.c.o
[491/630] Compiling C object girepository/libgirepository-2.0.so.p/gienuminfo.c.o
[492/630] Compiling C object girepository/libgirepository-2.0.so.p/gifieldinfo.c.o
[493/630] Compiling C object girepository/libgirepository-2.0.so.p/giflagsinfo.c.o
[494/630] Compiling C object girepository/libgirepository-2.0.so.p/gifunctioninfo.c.o
[495/630] Compiling C object girepository/libgirepository-2.0.so.p/ginvoke.c.o
../girepository/ginvoke.c:218:34: warning: implicit conversion changes signedness: 'char' to 'gint8' (aka 'signed char') [-Wsign-conversion]
  218 |       g_value_set_schar (gvalue, (char)value->v_long);
      |       ~~~~~~~~~~~~~~~~~          ^~~~~~~~~~~~~~~~~~~
1 warning generated.
[496/630] Compiling C object girepository/libgirepository-2.0.so.p/giinterfaceinfo.c.o
[497/630] Compiling C object girepository/libgirepository-2.0.so.p/gipropertyinfo.c.o
[498/630] Compiling C object girepository/libgirepository-2.0.so.p/giregisteredtypeinfo.c.o
[499/630] Compiling C object girepository/libgirepository-2.0.so.p/giobjectinfo.c.o
[500/630] Compiling C object girepository/libgirepository-2.0.so.p/girffi.c.o
[501/630] Compiling C object girepository/libgirepository-2.0.so.p/gisignalinfo.c.o
[502/630] Compiling C object girepository/libgirepository-2.0.so.p/gistructinfo.c.o
[503/630] Compiling C object girepository/libgirepository-2.0.so.p/gitypeinfo.c.o
[504/630] Compiling C object girepository/libgirepository-2.0.so.p/girepository.c.o
[505/630] Compiling C object girepository/libgirepository-2.0.so.p/giunioninfo.c.o
[506/630] Compiling C object girepository/libgirepository-2.0.so.p/giunresolvedinfo.c.o
[507/630] Compiling C object girepository/libgirepository-2.0.so.p/givalueinfo.c.o
[508/630] Generating gio/gconstructor_as_data.h with a custom command
[509/630] Compiling C object girepository/libgirepository-2.0.so.p/givfuncinfo.c.o
[510/630] Compiling C object subprojects/pcre2-10.46/libpcre2-posix.a.p/src_pcre2posix.c.o
[511/630] Compiling C object subprojects/pcre2-10.46/libpcre2-16.a.p/src_pcre2_chkdint.c.o
[512/630] Compiling C object girepository/libgirepository-2.0.so.p/gitypelib.c.o
[513/630] Linking target girepository/libgirepository-2.0.so
[514/630] Compiling C object subprojects/pcre2-10.46/libpcre2-16.a.p/src_pcre2_config.c.o
[515/630] Compiling C object subprojects/pcre2-10.46/libpcre2-16.a.p/src_pcre2_auto_possess.c.o
[516/630] Compiling C object subprojects/pcre2-10.46/libpcre2-16.a.p/src_pcre2_context.c.o
[517/630] Compiling C object subprojects/pcre2-10.46/libpcre2-16.a.p/src_pcre2_compile_class.c.o
[518/630] Compiling C object subprojects/pcre2-10.46/libpcre2-16.a.p/src_pcre2_convert.c.o
[519/630] Compiling C object subprojects/pcre2-10.46/libpcre2-16.a.p/src_pcre2_error.c.o
../subprojects/pcre2-10.46/src/pcre2_error.c:66:3: warning: string literal of length 5545 exceeds maximum length 4095 that ISO C99 compilers are required to support [-Woverlength-strings]
   66 |   "no error\0"
      |   ^~~~~~~~~~~~
   67 |   "\\ at end of pattern\0"
      |   ~~~~~~~~~~~~~~~~~~~~~~~~
   68 |   "\\c at end of pattern\0"
      |   ~~~~~~~~~~~~~~~~~~~~~~~~~
   69 |   "unrecognized character follows \\\0"
      |   ~~~~~~~~~~~~~~~~~~~~~~~~~~~~~~~~~~~~~
   70 |   "numbers out of order in {} quantifier\0"
      |   ~~~~~~~~~~~~~~~~~~~~~~~~~~~~~~~~~~~~~~~~~
   71 |   /* 5 */
      |   ~~~~~~~
   72 |   "number too big in {} quantifier\0"
      |   ~~~~~~~~~~~~~~~~~~~~~~~~~~~~~~~~~~~
   73 |   "missing terminating ] for character class\0"
      |   ~~~~~~~~~~~~~~~~~~~~~~~~~~~~~~~~~~~~~~~~~~~~~
   74 |   "escape sequence is invalid in character class\0"
      |   ~~~~~~~~~~~~~~~~~~~~~~~~~~~~~~~~~~~~~~~~~~~~~~~~~
   75 |   "range out of order in character class\0"
      |   ~~~~~~~~~~~~~~~~~~~~~~~~~~~~~~~~~~~~~~~~~
   76 |   "quantifier does not follow a repeatable item\0"
      |   ~~~~~~~~~~~~~~~~~~~~~~~~~~~~~~~~~~~~~~~~~~~~~~~~
   77 |   /* 10 */
      |   ~~~~~~~~
   78 |   "internal error: unexpected repeat\0"
      |   ~~~~~~~~~~~~~~~~~~~~~~~~~~~~~~~~~~~~~
   79 |   "unrecognized character after (? or (?-\0"
      |   ~~~~~~~~~~~~~~~~~~~~~~~~~~~~~~~~~~~~~~~~~~
   80 |   "POSIX named classes are supported only within a class\0"
      |   ~~~~~~~~~~~~~~~~~~~~~~~~~~~~~~~~~~~~~~~~~~~~~~~~~~~~~~~~~
   81 |   "POSIX collating elements are not supported\0"
      |   ~~~~~~~~~~~~~~~~~~~~~~~~~~~~~~~~~~~~~~~~~~~~~~
1 warning generated.
[520/630] Compiling C object subprojects/pcre2-10.46/libpcre2-16.a.p/src_pcre2_extuni.c.o
[521/630] Compiling C object subprojects/pcre2-10.46/libpcre2-16.a.p/src_pcre2_find_bracket.c.o
[522/630] Compiling C object subprojects/pcre2-10.46/libpcre2-16.a.p/src_pcre2_maketables.c.o
[523/630] Compiling C object subprojects/pcre2-10.46/libpcre2-16.a.p/src_pcre2_dfa_match.c.o
[524/630] Compiling C object subprojects/pcre2-10.46/libpcre2-16.a.p/src_pcre2_match_data.c.o
[525/630] Compiling C object subprojects/pcre2-10.46/libpcre2-16.a.p/src_pcre2_newline.c.o
[526/630] Compiling C object subprojects/pcre2-10.46/libpcre2-16.a.p/src_pcre2_compile.c.o
[527/630] Compiling C object subprojects/pcre2-10.46/libpcre2-16.a.p/src_pcre2_ord2utf.c.o
[528/630] Compiling C object subprojects/pcre2-10.46/libpcre2-16.a.p/src_pcre2_pattern_info.c.o
[529/630] Compiling C object subprojects/pcre2-10.46/libpcre2-16.a.p/src_pcre2_script_run.c.o
[530/630] Compiling C object subprojects/pcre2-10.46/libpcre2-16.a.p/src_pcre2_serialize.c.o
[531/630] Compiling C object subprojects/pcre2-10.46/libpcre2-16.a.p/src_pcre2_string_utils.c.o
[532/630] Compiling C object subprojects/pcre2-10.46/libpcre2-16.a.p/src_pcre2_study.c.o
[533/630] Compiling C object subprojects/pcre2-10.46/libpcre2-16.a.p/src_pcre2_substitute.c.o
[534/630] Compiling C object subprojects/pcre2-10.46/libpcre2-16.a.p/src_pcre2_tables.c.o
[535/630] Compiling C object subprojects/pcre2-10.46/libpcre2-16.a.p/src_pcre2_substring.c.o
[536/630] Compiling C object subprojects/pcre2-10.46/libpcre2-16.a.p/src_pcre2_valid_utf.c.o
[537/630] Compiling C object subprojects/pcre2-10.46/libpcre2-16.a.p/src_pcre2_ucd.c.o
[538/630] Compiling C object subprojects/pcre2-10.46/libpcre2-16.a.p/src_pcre2_xclass.c.o
[539/630] Compiling C object subprojects/pcre2-10.46/libpcre2-16.a.p/meson-generated_.._pcre2_chartables.c.o
[540/630] Compiling C object subprojects/pcre2-10.46/libpcre2-32.a.p/src_pcre2_chkdint.c.o
[541/630] Compiling C object subprojects/pcre2-10.46/libpcre2-32.a.p/src_pcre2_auto_possess.c.o
[542/630] Compiling C object subprojects/pcre2-10.46/libpcre2-32.a.p/src_pcre2_compile_class.c.o
[543/630] Compiling C object subprojects/pcre2-10.46/libpcre2-32.a.p/src_pcre2_config.c.o
[544/630] Compiling C object subprojects/pcre2-10.46/libpcre2-32.a.p/src_pcre2_context.c.o
[545/630] Compiling C object subprojects/pcre2-10.46/libpcre2-16.a.p/src_pcre2_match.c.o
[546/630] Compiling C object subprojects/pcre2-10.46/libpcre2-32.a.p/src_pcre2_convert.c.o
[547/630] Compiling C object subprojects/pcre2-10.46/libpcre2-32.a.p/src_pcre2_error.c.o
../subprojects/pcre2-10.46/src/pcre2_error.c:66:3: warning: string literal of length 5545 exceeds maximum length 4095 that ISO C99 compilers are required to support [-Woverlength-strings]
   66 |   "no error\0"
      |   ^~~~~~~~~~~~
   67 |   "\\ at end of pattern\0"
      |   ~~~~~~~~~~~~~~~~~~~~~~~~
   68 |   "\\c at end of pattern\0"
      |   ~~~~~~~~~~~~~~~~~~~~~~~~~
   69 |   "unrecognized character follows \\\0"
      |   ~~~~~~~~~~~~~~~~~~~~~~~~~~~~~~~~~~~~~
   70 |   "numbers out of order in {} quantifier\0"
      |   ~~~~~~~~~~~~~~~~~~~~~~~~~~~~~~~~~~~~~~~~~
   71 |   /* 5 */
      |   ~~~~~~~
   72 |   "number too big in {} quantifier\0"
      |   ~~~~~~~~~~~~~~~~~~~~~~~~~~~~~~~~~~~
   73 |   "missing terminating ] for character class\0"
      |   ~~~~~~~~~~~~~~~~~~~~~~~~~~~~~~~~~~~~~~~~~~~~~
   74 |   "escape sequence is invalid in character class\0"
      |   ~~~~~~~~~~~~~~~~~~~~~~~~~~~~~~~~~~~~~~~~~~~~~~~~~
   75 |   "range out of order in character class\0"
      |   ~~~~~~~~~~~~~~~~~~~~~~~~~~~~~~~~~~~~~~~~~
   76 |   "quantifier does not follow a repeatable item\0"
      |   ~~~~~~~~~~~~~~~~~~~~~~~~~~~~~~~~~~~~~~~~~~~~~~~~
   77 |   /* 10 */
      |   ~~~~~~~~
   78 |   "internal error: unexpected repeat\0"
      |   ~~~~~~~~~~~~~~~~~~~~~~~~~~~~~~~~~~~~~
   79 |   "unrecognized character after (? or (?-\0"
      |   ~~~~~~~~~~~~~~~~~~~~~~~~~~~~~~~~~~~~~~~~~~
   80 |   "POSIX named classes are supported only within a class\0"
      |   ~~~~~~~~~~~~~~~~~~~~~~~~~~~~~~~~~~~~~~~~~~~~~~~~~~~~~~~~~
   81 |   "POSIX collating elements are not supported\0"
      |   ~~~~~~~~~~~~~~~~~~~~~~~~~~~~~~~~~~~~~~~~~~~~~~
1 warning generated.
[548/630] Compiling C object subprojects/pcre2-10.46/libpcre2-32.a.p/src_pcre2_extuni.c.o
[549/630] Compiling C object subprojects/pcre2-10.46/libpcre2-32.a.p/src_pcre2_find_bracket.c.o
[550/630] Compiling C object subprojects/pcre2-10.46/libpcre2-32.a.p/src_pcre2_compile.c.o
[551/630] Compiling C object subprojects/pcre2-10.46/libpcre2-32.a.p/src_pcre2_maketables.c.o
[552/630] Compiling C object subprojects/pcre2-10.46/libpcre2-32.a.p/src_pcre2_dfa_match.c.o
[553/630] Compiling C object subprojects/pcre2-10.46/libpcre2-32.a.p/src_pcre2_match_data.c.o
[554/630] Compiling C object subprojects/pcre2-10.46/libpcre2-32.a.p/src_pcre2_newline.c.o
[555/630] Compiling C object subprojects/pcre2-10.46/libpcre2-32.a.p/src_pcre2_ord2utf.c.o
[556/630] Compiling C object subprojects/pcre2-10.46/libpcre2-32.a.p/src_pcre2_pattern_info.c.o
[557/630] Compiling C object subprojects/pcre2-10.46/libpcre2-32.a.p/src_pcre2_script_run.c.o
[558/630] Compiling C object subprojects/pcre2-10.46/libpcre2-32.a.p/src_pcre2_serialize.c.o
[559/630] Compiling C object subprojects/pcre2-10.46/libpcre2-32.a.p/src_pcre2_string_utils.c.o
[560/630] Compiling C object subprojects/pcre2-10.46/libpcre2-32.a.p/src_pcre2_study.c.o
[561/630] Compiling C object subprojects/pcre2-10.46/libpcre2-32.a.p/src_pcre2_substitute.c.o
[562/630] Compiling C object subprojects/pcre2-10.46/libpcre2-32.a.p/src_pcre2_substring.c.o
[563/630] Compiling C object subprojects/pcre2-10.46/libpcre2-32.a.p/src_pcre2_tables.c.o
[564/630] Compiling C object subprojects/pcre2-10.46/libpcre2-32.a.p/src_pcre2_ucd.c.o
[565/630] Compiling C object subprojects/pcre2-10.46/libpcre2-32.a.p/src_pcre2_valid_utf.c.o
[566/630] Compiling C object subprojects/pcre2-10.46/libpcre2-32.a.p/src_pcre2_xclass.c.o
[567/630] Compiling C object subprojects/pcre2-10.46/libpcre2-32.a.p/meson-generated_.._pcre2_chartables.c.o
[568/630] Compiling C object subprojects/pcre2-10.46/libpcre2-32.a.p/src_pcre2_match.c.o
[569/630] Compiling C object subprojects/pcre2-10.46/pcre2grep.p/src_pcre2grep.c.o
[570/630] Compiling C object glib/gtester.p/gtester.c.o
[571/630] Compiling C object gobject/gobject-query.p/gobject-query.c.o
[572/630] Compiling C object gthread/libgthread-2.0.so.p/gthread-impl.c.o
[573/630] Compiling C object gio/gio-launch-desktop.p/gio-launch-desktop.c.o
[574/630] Compiling C object gio/gio.p/gio-tool-cat.c.o
[575/630] Compiling C object gio/gio.p/gio-tool.c.o
[576/630] Compiling C object gio/gio.p/gio-tool-copy.c.o
[577/630] Compiling C object gio/gio.p/gio-tool-info.c.o
[578/630] Compiling C object gio/gio.p/gio-tool-launch.c.o
[579/630] Compiling C object gio/gio.p/gio-tool-list.c.o
[580/630] Compiling C object gio/gio.p/gio-tool-mime.c.o
[581/630] Compiling C object gio/gio.p/gio-tool-mkdir.c.o
[582/630] Compiling C object gio/gio.p/gio-tool-monitor.c.o
[583/630] Compiling C object gio/gio.p/gio-tool-mount.c.o
[584/630] Compiling C object gio/gio.p/gio-tool-move.c.o
[585/630] Compiling C object gio/gio.p/gio-tool-open.c.o
[586/630] Compiling C object gio/gio.p/gio-tool-rename.c.o
[587/630] Compiling C object gio/gio.p/gio-tool-remove.c.o
[588/630] Compiling C object gio/gio.p/gio-tool-save.c.o
[589/630] Compiling C object gio/gio.p/gio-tool-set.c.o
[590/630] Compiling C object gio/gio.p/gio-tool-trash.c.o
[591/630] Compiling C object gio/gio.p/gio-tool-tree.c.o
[592/630] Compiling C object gio/gresource.p/gresource-tool.c.o
[593/630] Compiling C object gio/gio-querymodules.p/giomodule-priv.c.o
[594/630] Compiling C object gio/gio-querymodules.p/gio-querymodules.c.o
[595/630] Compiling C object gio/glib-compile-schemas.p/.._subprojects_gvdb_gvdb_gvdb-builder.c.o
[596/630] Compiling C object gio/glib-compile-schemas.p/glib-compile-schemas.c.o
[597/630] Compiling C object gio/glib-compile-schemas.p/.._subprojects_gvdb_gvdb_gvdb-reader.c.o
[598/630] Compiling C object subprojects/pcre2-10.46/libpcre2-16.a.p/src_pcre2_jit_compile.c.o
In file included from ../subprojects/pcre2-10.46/src/pcre2_jit_compile.c:85:
In file included from ../subprojects/pcre2-10.46/src/../deps/sljit/sljit_src/sljitLir.c:3314:
../subprojects/pcre2-10.46/src/../deps/sljit/sljit_src/sljitNativeARM_64.c:3377:12: warning: unused parameter 'temp_reg' [-Wunused-parameter]
 3377 |         sljit_s32 temp_reg)
      |                   ^
1 warning generated.
[599/630] Compiling C object gio/glib-compile-resources.p/.._subprojects_gvdb_gvdb_gvdb-builder.c.o
[600/630] Compiling C object gio/glib-compile-resources.p/glib-compile-resources.c.o
[601/630] Compiling C object gio/glib-compile-resources.p/.._subprojects_gvdb_gvdb_gvdb-reader.c.o
[602/630] Compiling C object gio/gsettings.p/gsettings-tool.c.o
[603/630] Compiling C object gio/gapplication.p/gapplication-tool.c.o
[604/630] Generating symbol file girepository/libgirepository-2.0.so.p/libgirepository-2.0.so.symbols
[605/630] Compiling C object gio/gdbus.p/gdbus-tool.c.o
[606/630] Compiling C object girepository/gi-dump-types.p/gi-dump-types.c.o
[607/630] Compiling C object girepository/compiler/gi-compile-repository.p/compiler.c.o
[608/630] Linking static target subprojects/pcre2-10.46/libpcre2-posix.a
[609/630] Linking static target subprojects/pcre2-10.46/libpcre2-16.a
[610/630] Linking target subprojects/pcre2-10.46/pcre2grep
[611/630] Compiling C object girepository/decompiler/gi-decompile-typelib.p/decompiler.c.o
[612/630] Linking target glib/gtester
[613/630] Compiling C object girepository/inspector/gi-inspect-typelib.p/inspector.c.o
[614/630] Linking target gobject/gobject-query
[615/630] Linking target gthread/libgthread-2.0.so
[616/630] Linking target gio/gio-launch-desktop
[617/630] Linking target gio/gio
[618/630] Linking target gio/gresource
[619/630] Linking target gio/gio-querymodules
[620/630] Linking target gio/glib-compile-schemas
[621/630] Linking target gio/glib-compile-resources
[622/630] Linking target gio/gsettings
[623/630] Linking target gio/gdbus
[624/630] Linking target gio/gapplication
[625/630] Linking target girepository/decompiler/gi-decompile-typelib
[626/630] Linking target girepository/gi-dump-types
[627/630] Linking target girepository/compiler/gi-compile-repository
[628/630] Linking target girepository/inspector/gi-inspect-typelib
[629/630] Compiling C object subprojects/pcre2-10.46/libpcre2-32.a.p/src_pcre2_jit_compile.c.o
In file included from ../subprojects/pcre2-10.46/src/pcre2_jit_compile.c:85:
In file included from ../subprojects/pcre2-10.46/src/../deps/sljit/sljit_src/sljitLir.c:3314:
../subprojects/pcre2-10.46/src/../deps/sljit/sljit_src/sljitNativeARM_64.c:3377:12: warning: unused parameter 'temp_reg' [-Wunused-parameter]
 3377 |         sljit_s32 temp_reg)
      |                   ^
1 warning generated.
[630/630] Linking static target subprojects/pcre2-10.46/libpcre2-32.a
INFO: autodetecting backend as ninja
INFO: calculating backend command to run: /usr/local/bin/ninja -C /tmp/tmp.7RSW7NKsa3/glib/_build-arm64-v8a -j 4
ninja: Entering directory `/tmp/tmp.7RSW7NKsa3/glib/_build-arm64-v8a'
ninja: no work to do.
Installing subprojects/pcre2-10.46/libpcre2-8.a to /home/runner/work/layercraft/layercraft/native-prefix/lib
Installing subprojects/pcre2-10.46/libpcre2-posix.a to /home/runner/work/layercraft/layercraft/native-prefix/lib
Installing subprojects/pcre2-10.46/libpcre2-16.a to /home/runner/work/layercraft/layercraft/native-prefix/lib
Installing subprojects/pcre2-10.46/libpcre2-32.a to /home/runner/work/layercraft/layercraft/native-prefix/lib
Installing subprojects/pcre2-10.46/pcre2grep to /home/runner/work/layercraft/layercraft/native-prefix/bin
Installing subprojects/libffi-3.5.2/src/libffi.so to /home/runner/work/layercraft/layercraft/native-prefix/lib
Installing subprojects/proxy-libintl-0.5/libintl.so to /home/runner/work/layercraft/layercraft/native-prefix/lib
Installing glib/gversionmacros.h to /home/runner/work/layercraft/layercraft/native-prefix/include/glib-2.0/glib
Installing glib/glib-visibility.h to /home/runner/work/layercraft/layercraft/native-prefix/include/glib-2.0/glib
Installing glib/libglib-2.0.so to /home/runner/work/layercraft/layercraft/native-prefix/lib
Installing glib/gtester to /home/runner/work/layercraft/layercraft/native-prefix/bin
Installing gobject/gobject-visibility.h to /home/runner/work/layercraft/layercraft/native-prefix/include/glib-2.0/gobject
Installing gobject/glib-enumtypes.h to /home/runner/work/layercraft/layercraft/native-prefix/include/glib-2.0/gobject
Installing gobject/libgobject-2.0.so to /home/runner/work/layercraft/layercraft/native-prefix/lib
Installing gobject/gobject-query to /home/runner/work/layercraft/layercraft/native-prefix/bin
Installing gthread/libgthread-2.0.so to /home/runner/work/layercraft/layercraft/native-prefix/lib
Installing gmodule/gmodule-visibility.h to /home/runner/work/layercraft/layercraft/native-prefix/include/glib-2.0/gmodule
Installing gmodule/libgmodule-2.0.so to /home/runner/work/layercraft/layercraft/native-prefix/lib
Installing gio/gdbus-2.0/codegen/__init__.py to /home/runner/work/layercraft/layercraft/native-prefix/share/glib-2.0/codegen
Installing gio/gdbus-2.0/codegen/codegen.py to /home/runner/work/layercraft/layercraft/native-prefix/share/glib-2.0/codegen
Installing gio/gdbus-2.0/codegen/codegen_main.py to /home/runner/work/layercraft/layercraft/native-prefix/share/glib-2.0/codegen
Installing gio/gdbus-2.0/codegen/codegen_docbook.py to /home/runner/work/layercraft/layercraft/native-prefix/share/glib-2.0/codegen
Installing gio/gdbus-2.0/codegen/codegen_md.py to /home/runner/work/layercraft/layercraft/native-prefix/share/glib-2.0/codegen
Installing gio/gdbus-2.0/codegen/codegen_rst.py to /home/runner/work/layercraft/layercraft/native-prefix/share/glib-2.0/codegen
Installing gio/gdbus-2.0/codegen/dbustypes.py to /home/runner/work/layercraft/layercraft/native-prefix/share/glib-2.0/codegen
Installing gio/gdbus-2.0/codegen/parser.py to /home/runner/work/layercraft/layercraft/native-prefix/share/glib-2.0/codegen
Installing gio/gdbus-2.0/codegen/utils.py to /home/runner/work/layercraft/layercraft/native-prefix/share/glib-2.0/codegen
Installing gio/gio-launch-desktop to /home/runner/work/layercraft/layercraft/native-prefix/libexec
Installing gio/gio-visibility.h to /home/runner/work/layercraft/layercraft/native-prefix/include/glib-2.0/gio
Installing gio/gioenumtypes.h to /home/runner/work/layercraft/layercraft/native-prefix/include/glib-2.0/gio
Installing gio/libgio-2.0.so to /home/runner/work/layercraft/layercraft/native-prefix/lib
Installing gio/gio to /home/runner/work/layercraft/layercraft/native-prefix/bin
Installing gio/gresource to /home/runner/work/layercraft/layercraft/native-prefix/bin
Installing gio/gio-querymodules to /home/runner/work/layercraft/layercraft/native-prefix/bin
Installing gio/glib-compile-schemas to /home/runner/work/layercraft/layercraft/native-prefix/bin
Installing gio/glib-compile-resources to /home/runner/work/layercraft/layercraft/native-prefix/bin
Installing gio/gsettings to /home/runner/work/layercraft/layercraft/native-prefix/bin
Installing gio/gdbus to /home/runner/work/layercraft/layercraft/native-prefix/bin
Installing gio/gapplication to /home/runner/work/layercraft/layercraft/native-prefix/bin
Installing girepository/gi-visibility.h to /home/runner/work/layercraft/layercraft/native-prefix/include/glib-2.0/girepository
Installing girepository/libgirepository-2.0.so to /home/runner/work/layercraft/layercraft/native-prefix/lib
Installing girepository/compiler/gi-compile-repository to /home/runner/work/layercraft/layercraft/native-prefix/bin
Installing girepository/decompiler/gi-decompile-typelib to /home/runner/work/layercraft/layercraft/native-prefix/bin
Installing girepository/inspector/gi-inspect-typelib to /home/runner/work/layercraft/layercraft/native-prefix/bin
Installing /tmp/tmp.7RSW7NKsa3/glib/_build-arm64-v8a/subprojects/pcre2-10.46/pcre2.h to /home/runner/work/layercraft/layercraft/native-prefix/include
Installing /tmp/tmp.7RSW7NKsa3/glib/subprojects/pcre2-10.46/src/pcre2posix.h to /home/runner/work/layercraft/layercraft/native-prefix/include
Installing /tmp/tmp.7RSW7NKsa3/glib/subprojects/libffi-3.5.2/src/aarch64/ffitarget.h to /home/runner/work/layercraft/layercraft/native-prefix/include
Installing /tmp/tmp.7RSW7NKsa3/glib/subprojects/proxy-libintl-0.5/libintl.h to /home/runner/work/layercraft/layercraft/native-prefix/include
Installing /tmp/tmp.7RSW7NKsa3/glib/glib/glib.h to /home/runner/work/layercraft/layercraft/native-prefix/include/glib-2.0
Installing /tmp/tmp.7RSW7NKsa3/glib/glib/glib-object.h to /home/runner/work/layercraft/layercraft/native-prefix/include/glib-2.0
Installing /tmp/tmp.7RSW7NKsa3/glib/glib/glib-unix.h to /home/runner/work/layercraft/layercraft/native-prefix/include/glib-2.0
Installing /tmp/tmp.7RSW7NKsa3/glib/glib/deprecated/gallocator.h to /home/runner/work/layercraft/layercraft/native-prefix/include/glib-2.0/glib/deprecated
Installing /tmp/tmp.7RSW7NKsa3/glib/glib/deprecated/gcache.h to /home/runner/work/layercraft/layercraft/native-prefix/include/glib-2.0/glib/deprecated
Installing /tmp/tmp.7RSW7NKsa3/glib/glib/deprecated/gcompletion.h to /home/runner/work/layercraft/layercraft/native-prefix/include/glib-2.0/glib/deprecated
Installing /tmp/tmp.7RSW7NKsa3/glib/glib/deprecated/gmain.h to /home/runner/work/layercraft/layercraft/native-prefix/include/glib-2.0/glib/deprecated
Installing /tmp/tmp.7RSW7NKsa3/glib/glib/deprecated/grel.h to /home/runner/work/layercraft/layercraft/native-prefix/include/glib-2.0/glib/deprecated
Installing /tmp/tmp.7RSW7NKsa3/glib/glib/deprecated/gthread.h to /home/runner/work/layercraft/layercraft/native-prefix/include/glib-2.0/glib/deprecated
Installing /tmp/tmp.7RSW7NKsa3/glib/glib/glib-autocleanups.h to /home/runner/work/layercraft/layercraft/native-prefix/include/glib-2.0/glib
Installing /tmp/tmp.7RSW7NKsa3/glib/glib/glib-typeof.h to /home/runner/work/layercraft/layercraft/native-prefix/include/glib-2.0/glib
Installing /tmp/tmp.7RSW7NKsa3/glib/glib/galloca.h to /home/runner/work/layercraft/layercraft/native-prefix/include/glib-2.0/glib
Installing /tmp/tmp.7RSW7NKsa3/glib/glib/garray.h to /home/runner/work/layercraft/layercraft/native-prefix/include/glib-2.0/glib
Installing /tmp/tmp.7RSW7NKsa3/glib/glib/gasyncqueue.h to /home/runner/work/layercraft/layercraft/native-prefix/include/glib-2.0/glib
Installing /tmp/tmp.7RSW7NKsa3/glib/glib/gatomic.h to /home/runner/work/layercraft/layercraft/native-prefix/include/glib-2.0/glib
Installing /tmp/tmp.7RSW7NKsa3/glib/glib/gbacktrace.h to /home/runner/work/layercraft/layercraft/native-prefix/include/glib-2.0/glib
Installing /tmp/tmp.7RSW7NKsa3/glib/glib/gbase64.h to /home/runner/work/layercraft/layercraft/native-prefix/include/glib-2.0/glib
Installing /tmp/tmp.7RSW7NKsa3/glib/glib/gbitlock.h to /home/runner/work/layercraft/layercraft/native-prefix/include/glib-2.0/glib
Installing /tmp/tmp.7RSW7NKsa3/glib/glib/gbookmarkfile.h to /home/runner/work/layercraft/layercraft/native-prefix/include/glib-2.0/glib
Installing /tmp/tmp.7RSW7NKsa3/glib/glib/gbytes.h to /home/runner/work/layercraft/layercraft/native-prefix/include/glib-2.0/glib
Installing /tmp/tmp.7RSW7NKsa3/glib/glib/gcharset.h to /home/runner/work/layercraft/layercraft/native-prefix/include/glib-2.0/glib
Installing /tmp/tmp.7RSW7NKsa3/glib/glib/gchecksum.h to /home/runner/work/layercraft/layercraft/native-prefix/include/glib-2.0/glib
Installing /tmp/tmp.7RSW7NKsa3/glib/glib/gconvert.h to /home/runner/work/layercraft/layercraft/native-prefix/include/glib-2.0/glib
Installing /tmp/tmp.7RSW7NKsa3/glib/glib/gdataset.h to /home/runner/work/layercraft/layercraft/native-prefix/include/glib-2.0/glib
Installing /tmp/tmp.7RSW7NKsa3/glib/glib/gdate.h to /home/runner/work/layercraft/layercraft/native-prefix/include/glib-2.0/glib
Installing /tmp/tmp.7RSW7NKsa3/glib/glib/gdatetime.h to /home/runner/work/layercraft/layercraft/native-prefix/include/glib-2.0/glib
Installing /tmp/tmp.7RSW7NKsa3/glib/glib/gdir.h to /home/runner/work/layercraft/layercraft/native-prefix/include/glib-2.0/glib
Installing /tmp/tmp.7RSW7NKsa3/glib/glib/genviron.h to /home/runner/work/layercraft/layercraft/native-prefix/include/glib-2.0/glib
Installing /tmp/tmp.7RSW7NKsa3/glib/glib/gerror.h to /home/runner/work/layercraft/layercraft/native-prefix/include/glib-2.0/glib
Installing /tmp/tmp.7RSW7NKsa3/glib/glib/gfileutils.h to /home/runner/work/layercraft/layercraft/native-prefix/include/glib-2.0/glib
Installing /tmp/tmp.7RSW7NKsa3/glib/glib/ggettext.h to /home/runner/work/layercraft/layercraft/native-prefix/include/glib-2.0/glib
Installing /tmp/tmp.7RSW7NKsa3/glib/glib/ghash.h to /home/runner/work/layercraft/layercraft/native-prefix/include/glib-2.0/glib
Installing /tmp/tmp.7RSW7NKsa3/glib/glib/ghmac.h to /home/runner/work/layercraft/layercraft/native-prefix/include/glib-2.0/glib
Installing /tmp/tmp.7RSW7NKsa3/glib/glib/ghook.h to /home/runner/work/layercraft/layercraft/native-prefix/include/glib-2.0/glib
Installing /tmp/tmp.7RSW7NKsa3/glib/glib/ghostutils.h to /home/runner/work/layercraft/layercraft/native-prefix/include/glib-2.0/glib
Installing /tmp/tmp.7RSW7NKsa3/glib/glib/gi18n.h to /home/runner/work/layercraft/layercraft/native-prefix/include/glib-2.0/glib
Installing /tmp/tmp.7RSW7NKsa3/glib/glib/gi18n-lib.h to /home/runner/work/layercraft/layercraft/native-prefix/include/glib-2.0/glib
Installing /tmp/tmp.7RSW7NKsa3/glib/glib/giochannel.h to /home/runner/work/layercraft/layercraft/native-prefix/include/glib-2.0/glib
Installing /tmp/tmp.7RSW7NKsa3/glib/glib/gkeyfile.h to /home/runner/work/layercraft/layercraft/native-prefix/include/glib-2.0/glib
Installing /tmp/tmp.7RSW7NKsa3/glib/glib/glist.h to /home/runner/work/layercraft/layercraft/native-prefix/include/glib-2.0/glib
Installing /tmp/tmp.7RSW7NKsa3/glib/glib/gmacros.h to /home/runner/work/layercraft/layercraft/native-prefix/include/glib-2.0/glib
Installing /tmp/tmp.7RSW7NKsa3/glib/glib/gmain.h to /home/runner/work/layercraft/layercraft/native-prefix/include/glib-2.0/glib
Installing /tmp/tmp.7RSW7NKsa3/glib/glib/gmappedfile.h to /home/runner/work/layercraft/layercraft/native-prefix/include/glib-2.0/glib
Installing /tmp/tmp.7RSW7NKsa3/glib/glib/gmarkup.h to /home/runner/work/layercraft/layercraft/native-prefix/include/glib-2.0/glib
Installing /tmp/tmp.7RSW7NKsa3/glib/glib/gmem.h to /home/runner/work/layercraft/layercraft/native-prefix/include/glib-2.0/glib
Installing /tmp/tmp.7RSW7NKsa3/glib/glib/gmessages.h to /home/runner/work/layercraft/layercraft/native-prefix/include/glib-2.0/glib
Installing /tmp/tmp.7RSW7NKsa3/glib/glib/gnode.h to /home/runner/work/layercraft/layercraft/native-prefix/include/glib-2.0/glib
Installing /tmp/tmp.7RSW7NKsa3/glib/glib/goption.h to /home/runner/work/layercraft/layercraft/native-prefix/include/glib-2.0/glib
Installing /tmp/tmp.7RSW7NKsa3/glib/glib/gpathbuf.h to /home/runner/work/layercraft/layercraft/native-prefix/include/glib-2.0/glib
Installing /tmp/tmp.7RSW7NKsa3/glib/glib/gpattern.h to /home/runner/work/layercraft/layercraft/native-prefix/include/glib-2.0/glib
Installing /tmp/tmp.7RSW7NKsa3/glib/glib/gpoll.h to /home/runner/work/layercraft/layercraft/native-prefix/include/glib-2.0/glib
Installing /tmp/tmp.7RSW7NKsa3/glib/glib/gprimes.h to /home/runner/work/layercraft/layercraft/native-prefix/include/glib-2.0/glib
Installing /tmp/tmp.7RSW7NKsa3/glib/glib/gqsort.h to /home/runner/work/layercraft/layercraft/native-prefix/include/glib-2.0/glib
Installing /tmp/tmp.7RSW7NKsa3/glib/glib/gquark.h to /home/runner/work/layercraft/layercraft/native-prefix/include/glib-2.0/glib
Installing /tmp/tmp.7RSW7NKsa3/glib/glib/gqueue.h to /home/runner/work/layercraft/layercraft/native-prefix/include/glib-2.0/glib
Installing /tmp/tmp.7RSW7NKsa3/glib/glib/grand.h to /home/runner/work/layercraft/layercraft/native-prefix/include/glib-2.0/glib
Installing /tmp/tmp.7RSW7NKsa3/glib/glib/grcbox.h to /home/runner/work/layercraft/layercraft/native-prefix/include/glib-2.0/glib
Installing /tmp/tmp.7RSW7NKsa3/glib/glib/grefcount.h to /home/runner/work/layercraft/layercraft/native-prefix/include/glib-2.0/glib
Installing /tmp/tmp.7RSW7NKsa3/glib/glib/grefstring.h to /home/runner/work/layercraft/layercraft/native-prefix/include/glib-2.0/glib
Installing /tmp/tmp.7RSW7NKsa3/glib/glib/gregex.h to /home/runner/work/layercraft/layercraft/native-prefix/include/glib-2.0/glib
Installing /tmp/tmp.7RSW7NKsa3/glib/glib/gscanner.h to /home/runner/work/layercraft/layercraft/native-prefix/include/glib-2.0/glib
Installing /tmp/tmp.7RSW7NKsa3/glib/glib/gsequence.h to /home/runner/work/layercraft/layercraft/native-prefix/include/glib-2.0/glib
Installing /tmp/tmp.7RSW7NKsa3/glib/glib/gshell.h to /home/runner/work/layercraft/layercraft/native-prefix/include/glib-2.0/glib
Installing /tmp/tmp.7RSW7NKsa3/glib/glib/gslice.h to /home/runner/work/layercraft/layercraft/native-prefix/include/glib-2.0/glib
Installing /tmp/tmp.7RSW7NKsa3/glib/glib/gslist.h to /home/runner/work/layercraft/layercraft/native-prefix/include/glib-2.0/glib
Installing /tmp/tmp.7RSW7NKsa3/glib/glib/gspawn.h to /home/runner/work/layercraft/layercraft/native-prefix/include/glib-2.0/glib
Installing /tmp/tmp.7RSW7NKsa3/glib/glib/gstdio.h to /home/runner/work/layercraft/layercraft/native-prefix/include/glib-2.0/glib
Installing /tmp/tmp.7RSW7NKsa3/glib/glib/gstrfuncs.h to /home/runner/work/layercraft/layercraft/native-prefix/include/glib-2.0/glib
Installing /tmp/tmp.7RSW7NKsa3/glib/glib/gstrvbuilder.h to /home/runner/work/layercraft/layercraft/native-prefix/include/glib-2.0/glib
Installing /tmp/tmp.7RSW7NKsa3/glib/glib/gtestutils.h to /home/runner/work/layercraft/layercraft/native-prefix/include/glib-2.0/glib
Installing /tmp/tmp.7RSW7NKsa3/glib/glib/gstring.h to /home/runner/work/layercraft/layercraft/native-prefix/include/glib-2.0/glib
Installing /tmp/tmp.7RSW7NKsa3/glib/glib/gstringchunk.h to /home/runner/work/layercraft/layercraft/native-prefix/include/glib-2.0/glib
Installing /tmp/tmp.7RSW7NKsa3/glib/glib/gthread.h to /home/runner/work/layercraft/layercraft/native-prefix/include/glib-2.0/glib
Installing /tmp/tmp.7RSW7NKsa3/glib/glib/gthreadpool.h to /home/runner/work/layercraft/layercraft/native-prefix/include/glib-2.0/glib
Installing /tmp/tmp.7RSW7NKsa3/glib/glib/gtimer.h to /home/runner/work/layercraft/layercraft/native-prefix/include/glib-2.0/glib
Installing /tmp/tmp.7RSW7NKsa3/glib/glib/gtimezone.h to /home/runner/work/layercraft/layercraft/native-prefix/include/glib-2.0/glib
Installing /tmp/tmp.7RSW7NKsa3/glib/glib/gtrashstack.h to /home/runner/work/layercraft/layercraft/native-prefix/include/glib-2.0/glib
Installing /tmp/tmp.7RSW7NKsa3/glib/glib/gtree.h to /home/runner/work/layercraft/layercraft/native-prefix/include/glib-2.0/glib
Installing /tmp/tmp.7RSW7NKsa3/glib/glib/gtypes.h to /home/runner/work/layercraft/layercraft/native-prefix/include/glib-2.0/glib
Installing /tmp/tmp.7RSW7NKsa3/glib/glib/guuid.h to /home/runner/work/layercraft/layercraft/native-prefix/include/glib-2.0/glib
Installing /tmp/tmp.7RSW7NKsa3/glib/glib/gunicode.h to /home/runner/work/layercraft/layercraft/native-prefix/include/glib-2.0/glib
Installing /tmp/tmp.7RSW7NKsa3/glib/glib/guri.h to /home/runner/work/layercraft/layercraft/native-prefix/include/glib-2.0/glib
Installing /tmp/tmp.7RSW7NKsa3/glib/glib/gutils.h to /home/runner/work/layercraft/layercraft/native-prefix/include/glib-2.0/glib
Installing /tmp/tmp.7RSW7NKsa3/glib/glib/gvarianttype.h to /home/runner/work/layercraft/layercraft/native-prefix/include/glib-2.0/glib
Installing /tmp/tmp.7RSW7NKsa3/glib/glib/gvariant.h to /home/runner/work/layercraft/layercraft/native-prefix/include/glib-2.0/glib
Installing /tmp/tmp.7RSW7NKsa3/glib/glib/gversion.h to /home/runner/work/layercraft/layercraft/native-prefix/include/glib-2.0/glib
Installing /tmp/tmp.7RSW7NKsa3/glib/glib/gprintf.h to /home/runner/work/layercraft/layercraft/native-prefix/include/glib-2.0/glib
Installing /tmp/tmp.7RSW7NKsa3/glib/gobject/gobject-autocleanups.h to /home/runner/work/layercraft/layercraft/native-prefix/include/glib-2.0/gobject
Installing /tmp/tmp.7RSW7NKsa3/glib/gobject/glib-types.h to /home/runner/work/layercraft/layercraft/native-prefix/include/glib-2.0/gobject
Installing /tmp/tmp.7RSW7NKsa3/glib/gobject/gbinding.h to /home/runner/work/layercraft/layercraft/native-prefix/include/glib-2.0/gobject
Installing /tmp/tmp.7RSW7NKsa3/glib/gobject/gbindinggroup.h to /home/runner/work/layercraft/layercraft/native-prefix/include/glib-2.0/gobject
Installing /tmp/tmp.7RSW7NKsa3/glib/gobject/gboxed.h to /home/runner/work/layercraft/layercraft/native-prefix/include/glib-2.0/gobject
Installing /tmp/tmp.7RSW7NKsa3/glib/gobject/gclosure.h to /home/runner/work/layercraft/layercraft/native-prefix/include/glib-2.0/gobject
Installing /tmp/tmp.7RSW7NKsa3/glib/gobject/genums.h to /home/runner/work/layercraft/layercraft/native-prefix/include/glib-2.0/gobject
Installing /tmp/tmp.7RSW7NKsa3/glib/gobject/gmarshal.h to /home/runner/work/layercraft/layercraft/native-prefix/include/glib-2.0/gobject
Installing /tmp/tmp.7RSW7NKsa3/glib/gobject/gobject.h to /home/runner/work/layercraft/layercraft/native-prefix/include/glib-2.0/gobject
Installing /tmp/tmp.7RSW7NKsa3/glib/gobject/gparam.h to /home/runner/work/layercraft/layercraft/native-prefix/include/glib-2.0/gobject
Installing /tmp/tmp.7RSW7NKsa3/glib/gobject/gparamspecs.h to /home/runner/work/layercraft/layercraft/native-prefix/include/glib-2.0/gobject
Installing /tmp/tmp.7RSW7NKsa3/glib/gobject/gsignal.h to /home/runner/work/layercraft/layercraft/native-prefix/include/glib-2.0/gobject
Installing /tmp/tmp.7RSW7NKsa3/glib/gobject/gsignalgroup.h to /home/runner/work/layercraft/layercraft/native-prefix/include/glib-2.0/gobject
Installing /tmp/tmp.7RSW7NKsa3/glib/gobject/gsourceclosure.h to /home/runner/work/layercraft/layercraft/native-prefix/include/glib-2.0/gobject
Installing /tmp/tmp.7RSW7NKsa3/glib/gobject/gtype.h to /home/runner/work/layercraft/layercraft/native-prefix/include/glib-2.0/gobject
Installing /tmp/tmp.7RSW7NKsa3/glib/gobject/gtypemodule.h to /home/runner/work/layercraft/layercraft/native-prefix/include/glib-2.0/gobject
Installing /tmp/tmp.7RSW7NKsa3/glib/gobject/gtypeplugin.h to /home/runner/work/layercraft/layercraft/native-prefix/include/glib-2.0/gobject
Installing /tmp/tmp.7RSW7NKsa3/glib/gobject/gvalue.h to /home/runner/work/layercraft/layercraft/native-prefix/include/glib-2.0/gobject
Installing /tmp/tmp.7RSW7NKsa3/glib/gobject/gvaluearray.h to /home/runner/work/layercraft/layercraft/native-prefix/include/glib-2.0/gobject
Installing /tmp/tmp.7RSW7NKsa3/glib/gobject/gvaluecollector.h to /home/runner/work/layercraft/layercraft/native-prefix/include/glib-2.0/gobject
Installing /tmp/tmp.7RSW7NKsa3/glib/gobject/gvaluetypes.h to /home/runner/work/layercraft/layercraft/native-prefix/include/glib-2.0/gobject
Installing /tmp/tmp.7RSW7NKsa3/glib/gobject/gobjectnotifyqueue.c to /home/runner/work/layercraft/layercraft/native-prefix/include/glib-2.0/gobject
Installing /tmp/tmp.7RSW7NKsa3/glib/gmodule/gmodule.h to /home/runner/work/layercraft/layercraft/native-prefix/include/glib-2.0
Installing /tmp/tmp.7RSW7NKsa3/glib/gio/gfiledescriptorbased.h to /home/runner/work/layercraft/layercraft/native-prefix/include/gio-unix-2.0/gio
Installing /tmp/tmp.7RSW7NKsa3/glib/gio/gunixmounts.h to /home/runner/work/layercraft/layercraft/native-prefix/include/gio-unix-2.0/gio
Installing /tmp/tmp.7RSW7NKsa3/glib/gio/gunixfdmessage.h to /home/runner/work/layercraft/layercraft/native-prefix/include/gio-unix-2.0/gio
Installing /tmp/tmp.7RSW7NKsa3/glib/gio/gunixinputstream.h to /home/runner/work/layercraft/layercraft/native-prefix/include/gio-unix-2.0/gio
Installing /tmp/tmp.7RSW7NKsa3/glib/gio/gunixoutputstream.h to /home/runner/work/layercraft/layercraft/native-prefix/include/gio-unix-2.0/gio
Installing /tmp/tmp.7RSW7NKsa3/glib/gio/gdesktopappinfo.h to /home/runner/work/layercraft/layercraft/native-prefix/include/gio-unix-2.0/gio
Installing /tmp/tmp.7RSW7NKsa3/glib/gio/gappinfo.h to /home/runner/work/layercraft/layercraft/native-prefix/include/glib-2.0/gio
Installing /tmp/tmp.7RSW7NKsa3/glib/gio/gasyncinitable.h to /home/runner/work/layercraft/layercraft/native-prefix/include/glib-2.0/gio
Installing /tmp/tmp.7RSW7NKsa3/glib/gio/gasyncresult.h to /home/runner/work/layercraft/layercraft/native-prefix/include/glib-2.0/gio
Installing /tmp/tmp.7RSW7NKsa3/glib/gio/gbufferedinputstream.h to /home/runner/work/layercraft/layercraft/native-prefix/include/glib-2.0/gio
Installing /tmp/tmp.7RSW7NKsa3/glib/gio/gbufferedoutputstream.h to /home/runner/work/layercraft/layercraft/native-prefix/include/glib-2.0/gio
Installing /tmp/tmp.7RSW7NKsa3/glib/gio/gbytesicon.h to /home/runner/work/layercraft/layercraft/native-prefix/include/glib-2.0/gio
Installing /tmp/tmp.7RSW7NKsa3/glib/gio/gcancellable.h to /home/runner/work/layercraft/layercraft/native-prefix/include/glib-2.0/gio
Installing /tmp/tmp.7RSW7NKsa3/glib/gio/gcontenttype.h to /home/runner/work/layercraft/layercraft/native-prefix/include/glib-2.0/gio
Installing /tmp/tmp.7RSW7NKsa3/glib/gio/gcharsetconverter.h to /home/runner/work/layercraft/layercraft/native-prefix/include/glib-2.0/gio
Installing /tmp/tmp.7RSW7NKsa3/glib/gio/gconverter.h to /home/runner/work/layercraft/layercraft/native-prefix/include/glib-2.0/gio
Installing /tmp/tmp.7RSW7NKsa3/glib/gio/gconverterinputstream.h to /home/runner/work/layercraft/layercraft/native-prefix/include/glib-2.0/gio
Installing /tmp/tmp.7RSW7NKsa3/glib/gio/gconverteroutputstream.h to /home/runner/work/layercraft/layercraft/native-prefix/include/glib-2.0/gio
Installing /tmp/tmp.7RSW7NKsa3/glib/gio/gdatagrambased.h to /home/runner/work/layercraft/layercraft/native-prefix/include/glib-2.0/gio
Installing /tmp/tmp.7RSW7NKsa3/glib/gio/gdatainputstream.h to /home/runner/work/layercraft/layercraft/native-prefix/include/glib-2.0/gio
Installing /tmp/tmp.7RSW7NKsa3/glib/gio/gdataoutputstream.h to /home/runner/work/layercraft/layercraft/native-prefix/include/glib-2.0/gio
Installing /tmp/tmp.7RSW7NKsa3/glib/gio/gdebugcontroller.h to /home/runner/work/layercraft/layercraft/native-prefix/include/glib-2.0/gio
Installing /tmp/tmp.7RSW7NKsa3/glib/gio/gdebugcontrollerdbus.h to /home/runner/work/layercraft/layercraft/native-prefix/include/glib-2.0/gio
Installing /tmp/tmp.7RSW7NKsa3/glib/gio/gdrive.h to /home/runner/work/layercraft/layercraft/native-prefix/include/glib-2.0/gio
Installing /tmp/tmp.7RSW7NKsa3/glib/gio/gemblem.h to /home/runner/work/layercraft/layercraft/native-prefix/include/glib-2.0/gio
Installing /tmp/tmp.7RSW7NKsa3/glib/gio/gemblemedicon.h to /home/runner/work/layercraft/layercraft/native-prefix/include/glib-2.0/gio
Installing /tmp/tmp.7RSW7NKsa3/glib/gio/gfile.h to /home/runner/work/layercraft/layercraft/native-prefix/include/glib-2.0/gio
Installing /tmp/tmp.7RSW7NKsa3/glib/gio/gfileattribute.h to /home/runner/work/layercraft/layercraft/native-prefix/include/glib-2.0/gio
Installing /tmp/tmp.7RSW7NKsa3/glib/gio/gfileenumerator.h to /home/runner/work/layercraft/layercraft/native-prefix/include/glib-2.0/gio
Installing /tmp/tmp.7RSW7NKsa3/glib/gio/gfileicon.h to /home/runner/work/layercraft/layercraft/native-prefix/include/glib-2.0/gio
Installing /tmp/tmp.7RSW7NKsa3/glib/gio/gfileinfo.h to /home/runner/work/layercraft/layercraft/native-prefix/include/glib-2.0/gio
Installing /tmp/tmp.7RSW7NKsa3/glib/gio/gfileinputstream.h to /home/runner/work/layercraft/layercraft/native-prefix/include/glib-2.0/gio
Installing /tmp/tmp.7RSW7NKsa3/glib/gio/gfilemonitor.h to /home/runner/work/layercraft/layercraft/native-prefix/include/glib-2.0/gio
Installing /tmp/tmp.7RSW7NKsa3/glib/gio/gfilenamecompleter.h to /home/runner/work/layercraft/layercraft/native-prefix/include/glib-2.0/gio
Installing /tmp/tmp.7RSW7NKsa3/glib/gio/gfileoutputstream.h to /home/runner/work/layercraft/layercraft/native-prefix/include/glib-2.0/gio
Installing /tmp/tmp.7RSW7NKsa3/glib/gio/gfileiostream.h to /home/runner/work/layercraft/layercraft/native-prefix/include/glib-2.0/gio
Installing /tmp/tmp.7RSW7NKsa3/glib/gio/gfilterinputstream.h to /home/runner/work/layercraft/layercraft/native-prefix/include/glib-2.0/gio
Installing /tmp/tmp.7RSW7NKsa3/glib/gio/gfilteroutputstream.h to /home/runner/work/layercraft/layercraft/native-prefix/include/glib-2.0/gio
Installing /tmp/tmp.7RSW7NKsa3/glib/gio/gicon.h to /home/runner/work/layercraft/layercraft/native-prefix/include/glib-2.0/gio
Installing /tmp/tmp.7RSW7NKsa3/glib/gio/ginetaddress.h to /home/runner/work/layercraft/layercraft/native-prefix/include/glib-2.0/gio
Installing /tmp/tmp.7RSW7NKsa3/glib/gio/ginetaddressmask.h to /home/runner/work/layercraft/layercraft/native-prefix/include/glib-2.0/gio
Installing /tmp/tmp.7RSW7NKsa3/glib/gio/ginetsocketaddress.h to /home/runner/work/layercraft/layercraft/native-prefix/include/glib-2.0/gio
Installing /tmp/tmp.7RSW7NKsa3/glib/gio/ginitable.h to /home/runner/work/layercraft/layercraft/native-prefix/include/glib-2.0/gio
Installing /tmp/tmp.7RSW7NKsa3/glib/gio/ginputstream.h to /home/runner/work/layercraft/layercraft/native-prefix/include/glib-2.0/gio
Installing /tmp/tmp.7RSW7NKsa3/glib/gio/gio.h to /home/runner/work/layercraft/layercraft/native-prefix/include/glib-2.0/gio
Installing /tmp/tmp.7RSW7NKsa3/glib/gio/gio-autocleanups.h to /home/runner/work/layercraft/layercraft/native-prefix/include/glib-2.0/gio
Installing /tmp/tmp.7RSW7NKsa3/glib/gio/gioenums.h to /home/runner/work/layercraft/layercraft/native-prefix/include/glib-2.0/gio
Installing /tmp/tmp.7RSW7NKsa3/glib/gio/gioerror.h to /home/runner/work/layercraft/layercraft/native-prefix/include/glib-2.0/gio
Installing /tmp/tmp.7RSW7NKsa3/glib/gio/giomodule.h to /home/runner/work/layercraft/layercraft/native-prefix/include/glib-2.0/gio
Installing /tmp/tmp.7RSW7NKsa3/glib/gio/gioscheduler.h to /home/runner/work/layercraft/layercraft/native-prefix/include/glib-2.0/gio
Installing /tmp/tmp.7RSW7NKsa3/glib/gio/giostream.h to /home/runner/work/layercraft/layercraft/native-prefix/include/glib-2.0/gio
Installing /tmp/tmp.7RSW7NKsa3/glib/gio/giotypes.h to /home/runner/work/layercraft/layercraft/native-prefix/include/glib-2.0/gio
Installing /tmp/tmp.7RSW7NKsa3/glib/gio/giptosmessage.h to /home/runner/work/layercraft/layercraft/native-prefix/include/glib-2.0/gio
Installing /tmp/tmp.7RSW7NKsa3/glib/gio/gipv6tclassmessage.h to /home/runner/work/layercraft/layercraft/native-prefix/include/glib-2.0/gio
Installing /tmp/tmp.7RSW7NKsa3/glib/gio/gloadableicon.h to /home/runner/work/layercraft/layercraft/native-prefix/include/glib-2.0/gio
Installing /tmp/tmp.7RSW7NKsa3/glib/gio/gmount.h to /home/runner/work/layercraft/layercraft/native-prefix/include/glib-2.0/gio
Installing /tmp/tmp.7RSW7NKsa3/glib/gio/gmemoryinputstream.h to /home/runner/work/layercraft/layercraft/native-prefix/include/glib-2.0/gio
Installing /tmp/tmp.7RSW7NKsa3/glib/gio/gmemorymonitor.h to /home/runner/work/layercraft/layercraft/native-prefix/include/glib-2.0/gio
Installing /tmp/tmp.7RSW7NKsa3/glib/gio/gmemoryoutputstream.h to /home/runner/work/layercraft/layercraft/native-prefix/include/glib-2.0/gio
Installing /tmp/tmp.7RSW7NKsa3/glib/gio/gmountoperation.h to /home/runner/work/layercraft/layercraft/native-prefix/include/glib-2.0/gio
Installing /tmp/tmp.7RSW7NKsa3/glib/gio/gnativesocketaddress.h to /home/runner/work/layercraft/layercraft/native-prefix/include/glib-2.0/gio
Installing /tmp/tmp.7RSW7NKsa3/glib/gio/gnativevolumemonitor.h to /home/runner/work/layercraft/layercraft/native-prefix/include/glib-2.0/gio
Installing /tmp/tmp.7RSW7NKsa3/glib/gio/gnetworkaddress.h to /home/runner/work/layercraft/layercraft/native-prefix/include/glib-2.0/gio
Installing /tmp/tmp.7RSW7NKsa3/glib/gio/gnetworkmonitor.h to /home/runner/work/layercraft/layercraft/native-prefix/include/glib-2.0/gio
Installing /tmp/tmp.7RSW7NKsa3/glib/gio/gnetworkservice.h to /home/runner/work/layercraft/layercraft/native-prefix/include/glib-2.0/gio
Installing /tmp/tmp.7RSW7NKsa3/glib/gio/goutputstream.h to /home/runner/work/layercraft/layercraft/native-prefix/include/glib-2.0/gio
Installing /tmp/tmp.7RSW7NKsa3/glib/gio/gpermission.h to /home/runner/work/layercraft/layercraft/native-prefix/include/glib-2.0/gio
Installing /tmp/tmp.7RSW7NKsa3/glib/gio/gpollableinputstream.h to /home/runner/work/layercraft/layercraft/native-prefix/include/glib-2.0/gio
Installing /tmp/tmp.7RSW7NKsa3/glib/gio/gpollableoutputstream.h to /home/runner/work/layercraft/layercraft/native-prefix/include/glib-2.0/gio
Installing /tmp/tmp.7RSW7NKsa3/glib/gio/gpollableutils.h to /home/runner/work/layercraft/layercraft/native-prefix/include/glib-2.0/gio
Installing /tmp/tmp.7RSW7NKsa3/glib/gio/gpowerprofilemonitor.h to /home/runner/work/layercraft/layercraft/native-prefix/include/glib-2.0/gio
Installing /tmp/tmp.7RSW7NKsa3/glib/gio/gproxy.h to /home/runner/work/layercraft/layercraft/native-prefix/include/glib-2.0/gio
Installing /tmp/tmp.7RSW7NKsa3/glib/gio/gproxyaddress.h to /home/runner/work/layercraft/layercraft/native-prefix/include/glib-2.0/gio
Installing /tmp/tmp.7RSW7NKsa3/glib/gio/gproxyaddressenumerator.h to /home/runner/work/layercraft/layercraft/native-prefix/include/glib-2.0/gio
Installing /tmp/tmp.7RSW7NKsa3/glib/gio/gproxyresolver.h to /home/runner/work/layercraft/layercraft/native-prefix/include/glib-2.0/gio
Installing /tmp/tmp.7RSW7NKsa3/glib/gio/gresolver.h to /home/runner/work/layercraft/layercraft/native-prefix/include/glib-2.0/gio
Installing /tmp/tmp.7RSW7NKsa3/glib/gio/gresource.h to /home/runner/work/layercraft/layercraft/native-prefix/include/glib-2.0/gio
Installing /tmp/tmp.7RSW7NKsa3/glib/gio/gseekable.h to /home/runner/work/layercraft/layercraft/native-prefix/include/glib-2.0/gio
Installing /tmp/tmp.7RSW7NKsa3/glib/gio/gsimpleasyncresult.h to /home/runner/work/layercraft/layercraft/native-prefix/include/glib-2.0/gio
Installing /tmp/tmp.7RSW7NKsa3/glib/gio/gsimpleiostream.h to /home/runner/work/layercraft/layercraft/native-prefix/include/glib-2.0/gio
Installing /tmp/tmp.7RSW7NKsa3/glib/gio/gsimplepermission.h to /home/runner/work/layercraft/layercraft/native-prefix/include/glib-2.0/gio
Installing /tmp/tmp.7RSW7NKsa3/glib/gio/gsimpleproxyresolver.h to /home/runner/work/layercraft/layercraft/native-prefix/include/glib-2.0/gio
Installing /tmp/tmp.7RSW7NKsa3/glib/gio/gsocket.h to /home/runner/work/layercraft/layercraft/native-prefix/include/glib-2.0/gio
Installing /tmp/tmp.7RSW7NKsa3/glib/gio/gsocketaddress.h to /home/runner/work/layercraft/layercraft/native-prefix/include/glib-2.0/gio
Installing /tmp/tmp.7RSW7NKsa3/glib/gio/gsocketaddressenumerator.h to /home/runner/work/layercraft/layercraft/native-prefix/include/glib-2.0/gio
Installing /tmp/tmp.7RSW7NKsa3/glib/gio/gsocketclient.h to /home/runner/work/layercraft/layercraft/native-prefix/include/glib-2.0/gio
Installing /tmp/tmp.7RSW7NKsa3/glib/gio/gsocketconnectable.h to /home/runner/work/layercraft/layercraft/native-prefix/include/glib-2.0/gio
Installing /tmp/tmp.7RSW7NKsa3/glib/gio/gsocketconnection.h to /home/runner/work/layercraft/layercraft/native-prefix/include/glib-2.0/gio
Installing /tmp/tmp.7RSW7NKsa3/glib/gio/gsocketcontrolmessage.h to /home/runner/work/layercraft/layercraft/native-prefix/include/glib-2.0/gio
Installing /tmp/tmp.7RSW7NKsa3/glib/gio/gsocketlistener.h to /home/runner/work/layercraft/layercraft/native-prefix/include/glib-2.0/gio
Installing /tmp/tmp.7RSW7NKsa3/glib/gio/gsocketservice.h to /home/runner/work/layercraft/layercraft/native-prefix/include/glib-2.0/gio
Installing /tmp/tmp.7RSW7NKsa3/glib/gio/gsrvtarget.h to /home/runner/work/layercraft/layercraft/native-prefix/include/glib-2.0/gio
Installing /tmp/tmp.7RSW7NKsa3/glib/gio/gsubprocess.h to /home/runner/work/layercraft/layercraft/native-prefix/include/glib-2.0/gio
Installing /tmp/tmp.7RSW7NKsa3/glib/gio/gsubprocesslauncher.h to /home/runner/work/layercraft/layercraft/native-prefix/include/glib-2.0/gio
Installing /tmp/tmp.7RSW7NKsa3/glib/gio/gtask.h to /home/runner/work/layercraft/layercraft/native-prefix/include/glib-2.0/gio
Installing /tmp/tmp.7RSW7NKsa3/glib/gio/gtcpconnection.h to /home/runner/work/layercraft/layercraft/native-prefix/include/glib-2.0/gio
Installing /tmp/tmp.7RSW7NKsa3/glib/gio/gtcpwrapperconnection.h to /home/runner/work/layercraft/layercraft/native-prefix/include/glib-2.0/gio
Installing /tmp/tmp.7RSW7NKsa3/glib/gio/gthemedicon.h to /home/runner/work/layercraft/layercraft/native-prefix/include/glib-2.0/gio
Installing /tmp/tmp.7RSW7NKsa3/glib/gio/gthreadedsocketservice.h to /home/runner/work/layercraft/layercraft/native-prefix/include/glib-2.0/gio
Installing /tmp/tmp.7RSW7NKsa3/glib/gio/gtlsbackend.h to /home/runner/work/layercraft/layercraft/native-prefix/include/glib-2.0/gio
Installing /tmp/tmp.7RSW7NKsa3/glib/gio/gtlscertificate.h to /home/runner/work/layercraft/layercraft/native-prefix/include/glib-2.0/gio
Installing /tmp/tmp.7RSW7NKsa3/glib/gio/gtlsclientconnection.h to /home/runner/work/layercraft/layercraft/native-prefix/include/glib-2.0/gio
Installing /tmp/tmp.7RSW7NKsa3/glib/gio/gtlsconnection.h to /home/runner/work/layercraft/layercraft/native-prefix/include/glib-2.0/gio
Installing /tmp/tmp.7RSW7NKsa3/glib/gio/gtlsdatabase.h to /home/runner/work/layercraft/layercraft/native-prefix/include/glib-2.0/gio
Installing /tmp/tmp.7RSW7NKsa3/glib/gio/gtlsfiledatabase.h to /home/runner/work/layercraft/layercraft/native-prefix/include/glib-2.0/gio
Installing /tmp/tmp.7RSW7NKsa3/glib/gio/gtlsinteraction.h to /home/runner/work/layercraft/layercraft/native-prefix/include/glib-2.0/gio
Installing /tmp/tmp.7RSW7NKsa3/glib/gio/gtlspassword.h to /home/runner/work/layercraft/layercraft/native-prefix/include/glib-2.0/gio
Installing /tmp/tmp.7RSW7NKsa3/glib/gio/gtlsserverconnection.h to /home/runner/work/layercraft/layercraft/native-prefix/include/glib-2.0/gio
Installing /tmp/tmp.7RSW7NKsa3/glib/gio/gdtlsconnection.h to /home/runner/work/layercraft/layercraft/native-prefix/include/glib-2.0/gio
Installing /tmp/tmp.7RSW7NKsa3/glib/gio/gdtlsclientconnection.h to /home/runner/work/layercraft/layercraft/native-prefix/include/glib-2.0/gio
Installing /tmp/tmp.7RSW7NKsa3/glib/gio/gdtlsserverconnection.h to /home/runner/work/layercraft/layercraft/native-prefix/include/glib-2.0/gio
Installing /tmp/tmp.7RSW7NKsa3/glib/gio/gunixconnection.h to /home/runner/work/layercraft/layercraft/native-prefix/include/glib-2.0/gio
Installing /tmp/tmp.7RSW7NKsa3/glib/gio/gunixcredentialsmessage.h to /home/runner/work/layercraft/layercraft/native-prefix/include/glib-2.0/gio
Installing /tmp/tmp.7RSW7NKsa3/glib/gio/gunixfdlist.h to /home/runner/work/layercraft/layercraft/native-prefix/include/glib-2.0/gio
Installing /tmp/tmp.7RSW7NKsa3/glib/gio/gunixsocketaddress.h to /home/runner/work/layercraft/layercraft/native-prefix/include/glib-2.0/gio
Installing /tmp/tmp.7RSW7NKsa3/glib/gio/gvfs.h to /home/runner/work/layercraft/layercraft/native-prefix/include/glib-2.0/gio
Installing /tmp/tmp.7RSW7NKsa3/glib/gio/gvolume.h to /home/runner/work/layercraft/layercraft/native-prefix/include/glib-2.0/gio
Installing /tmp/tmp.7RSW7NKsa3/glib/gio/gvolumemonitor.h to /home/runner/work/layercraft/layercraft/native-prefix/include/glib-2.0/gio
Installing /tmp/tmp.7RSW7NKsa3/glib/gio/gzlibcompressor.h to /home/runner/work/layercraft/layercraft/native-prefix/include/glib-2.0/gio
Installing /tmp/tmp.7RSW7NKsa3/glib/gio/gzlibdecompressor.h to /home/runner/work/layercraft/layercraft/native-prefix/include/glib-2.0/gio
Installing /tmp/tmp.7RSW7NKsa3/glib/gio/glistmodel.h to /home/runner/work/layercraft/layercraft/native-prefix/include/glib-2.0/gio
Installing /tmp/tmp.7RSW7NKsa3/glib/gio/gliststore.h to /home/runner/work/layercraft/layercraft/native-prefix/include/glib-2.0/gio
Installing /tmp/tmp.7RSW7NKsa3/glib/gio/gapplication.h to /home/runner/work/layercraft/layercraft/native-prefix/include/glib-2.0/gio
Installing /tmp/tmp.7RSW7NKsa3/glib/gio/gapplicationcommandline.h to /home/runner/work/layercraft/layercraft/native-prefix/include/glib-2.0/gio
Installing /tmp/tmp.7RSW7NKsa3/glib/gio/gactiongroup.h to /home/runner/work/layercraft/layercraft/native-prefix/include/glib-2.0/gio
Installing /tmp/tmp.7RSW7NKsa3/glib/gio/gactionmap.h to /home/runner/work/layercraft/layercraft/native-prefix/include/glib-2.0/gio
Installing /tmp/tmp.7RSW7NKsa3/glib/gio/gsimpleactiongroup.h to /home/runner/work/layercraft/layercraft/native-prefix/include/glib-2.0/gio
Installing /tmp/tmp.7RSW7NKsa3/glib/gio/gremoteactiongroup.h to /home/runner/work/layercraft/layercraft/native-prefix/include/glib-2.0/gio
Installing /tmp/tmp.7RSW7NKsa3/glib/gio/gactiongroupexporter.h to /home/runner/work/layercraft/layercraft/native-prefix/include/glib-2.0/gio
Installing /tmp/tmp.7RSW7NKsa3/glib/gio/gdbusactiongroup.h to /home/runner/work/layercraft/layercraft/native-prefix/include/glib-2.0/gio
Installing /tmp/tmp.7RSW7NKsa3/glib/gio/gaction.h to /home/runner/work/layercraft/layercraft/native-prefix/include/glib-2.0/gio
Installing /tmp/tmp.7RSW7NKsa3/glib/gio/gpropertyaction.h to /home/runner/work/layercraft/layercraft/native-prefix/include/glib-2.0/gio
Installing /tmp/tmp.7RSW7NKsa3/glib/gio/gsimpleaction.h to /home/runner/work/layercraft/layercraft/native-prefix/include/glib-2.0/gio
Installing /tmp/tmp.7RSW7NKsa3/glib/gio/gmenumodel.h to /home/runner/work/layercraft/layercraft/native-prefix/include/glib-2.0/gio
Installing /tmp/tmp.7RSW7NKsa3/glib/gio/gmenu.h to /home/runner/work/layercraft/layercraft/native-prefix/include/glib-2.0/gio
Installing /tmp/tmp.7RSW7NKsa3/glib/gio/gmenuexporter.h to /home/runner/work/layercraft/layercraft/native-prefix/include/glib-2.0/gio
Installing /tmp/tmp.7RSW7NKsa3/glib/gio/gdbusmenumodel.h to /home/runner/work/layercraft/layercraft/native-prefix/include/glib-2.0/gio
Installing /tmp/tmp.7RSW7NKsa3/glib/gio/gnotification.h to /home/runner/work/layercraft/layercraft/native-prefix/include/glib-2.0/gio
Installing /tmp/tmp.7RSW7NKsa3/glib/gio/gsettingsbackend.h to /home/runner/work/layercraft/layercraft/native-prefix/include/glib-2.0/gio
Installing /tmp/tmp.7RSW7NKsa3/glib/gio/gsettingsschema.h to /home/runner/work/layercraft/layercraft/native-prefix/include/glib-2.0/gio
Installing /tmp/tmp.7RSW7NKsa3/glib/gio/gsettings.h to /home/runner/work/layercraft/layercraft/native-prefix/include/glib-2.0/gio
Installing /tmp/tmp.7RSW7NKsa3/glib/gio/gdbusauthobserver.h to /home/runner/work/layercraft/layercraft/native-prefix/include/glib-2.0/gio
Installing /tmp/tmp.7RSW7NKsa3/glib/gio/gcredentials.h to /home/runner/work/layercraft/layercraft/native-prefix/include/glib-2.0/gio
Installing /tmp/tmp.7RSW7NKsa3/glib/gio/gdbusutils.h to /home/runner/work/layercraft/layercraft/native-prefix/include/glib-2.0/gio
Installing /tmp/tmp.7RSW7NKsa3/glib/gio/gdbuserror.h to /home/runner/work/layercraft/layercraft/native-prefix/include/glib-2.0/gio
Installing /tmp/tmp.7RSW7NKsa3/glib/gio/gdbusaddress.h to /home/runner/work/layercraft/layercraft/native-prefix/include/glib-2.0/gio
Installing /tmp/tmp.7RSW7NKsa3/glib/gio/gdbusconnection.h to /home/runner/work/layercraft/layercraft/native-prefix/include/glib-2.0/gio
Installing /tmp/tmp.7RSW7NKsa3/glib/gio/gdbusmessage.h to /home/runner/work/layercraft/layercraft/native-prefix/include/glib-2.0/gio
Installing /tmp/tmp.7RSW7NKsa3/glib/gio/gdbusnameowning.h to /home/runner/work/layercraft/layercraft/native-prefix/include/glib-2.0/gio
Installing /tmp/tmp.7RSW7NKsa3/glib/gio/gdbusnamewatching.h to /home/runner/work/layercraft/layercraft/native-prefix/include/glib-2.0/gio
Installing /tmp/tmp.7RSW7NKsa3/glib/gio/gdbusproxy.h to /home/runner/work/layercraft/layercraft/native-prefix/include/glib-2.0/gio
Installing /tmp/tmp.7RSW7NKsa3/glib/gio/gdbusintrospection.h to /home/runner/work/layercraft/layercraft/native-prefix/include/glib-2.0/gio
Installing /tmp/tmp.7RSW7NKsa3/glib/gio/gdbusmethodinvocation.h to /home/runner/work/layercraft/layercraft/native-prefix/include/glib-2.0/gio
Installing /tmp/tmp.7RSW7NKsa3/glib/gio/gdbusserver.h to /home/runner/work/layercraft/layercraft/native-prefix/include/glib-2.0/gio
Installing /tmp/tmp.7RSW7NKsa3/glib/gio/gdbusinterface.h to /home/runner/work/layercraft/layercraft/native-prefix/include/glib-2.0/gio
Installing /tmp/tmp.7RSW7NKsa3/glib/gio/gdbusinterfaceskeleton.h to /home/runner/work/layercraft/layercraft/native-prefix/include/glib-2.0/gio
Installing /tmp/tmp.7RSW7NKsa3/glib/gio/gdbusobject.h to /home/runner/work/layercraft/layercraft/native-prefix/include/glib-2.0/gio
Installing /tmp/tmp.7RSW7NKsa3/glib/gio/gdbusobjectskeleton.h to /home/runner/work/layercraft/layercraft/native-prefix/include/glib-2.0/gio
Installing /tmp/tmp.7RSW7NKsa3/glib/gio/gdbusobjectproxy.h to /home/runner/work/layercraft/layercraft/native-prefix/include/glib-2.0/gio
Installing /tmp/tmp.7RSW7NKsa3/glib/gio/gdbusobjectmanager.h to /home/runner/work/layercraft/layercraft/native-prefix/include/glib-2.0/gio
Installing /tmp/tmp.7RSW7NKsa3/glib/gio/gdbusobjectmanagerclient.h to /home/runner/work/layercraft/layercraft/native-prefix/include/glib-2.0/gio
Installing /tmp/tmp.7RSW7NKsa3/glib/gio/gdbusobjectmanagerserver.h to /home/runner/work/layercraft/layercraft/native-prefix/include/glib-2.0/gio
Installing /tmp/tmp.7RSW7NKsa3/glib/gio/gtestdbus.h to /home/runner/work/layercraft/layercraft/native-prefix/include/glib-2.0/gio
Installing /tmp/tmp.7RSW7NKsa3/glib/girepository/giarginfo.h to /home/runner/work/layercraft/layercraft/native-prefix/include/glib-2.0/girepository
Installing /tmp/tmp.7RSW7NKsa3/glib/girepository/gibaseinfo.h to /home/runner/work/layercraft/layercraft/native-prefix/include/glib-2.0/girepository
Installing /tmp/tmp.7RSW7NKsa3/glib/girepository/gicallableinfo.h to /home/runner/work/layercraft/layercraft/native-prefix/include/glib-2.0/girepository
Installing /tmp/tmp.7RSW7NKsa3/glib/girepository/gicallbackinfo.h to /home/runner/work/layercraft/layercraft/native-prefix/include/glib-2.0/girepository
Installing /tmp/tmp.7RSW7NKsa3/glib/girepository/giconstantinfo.h to /home/runner/work/layercraft/layercraft/native-prefix/include/glib-2.0/girepository
Installing /tmp/tmp.7RSW7NKsa3/glib/girepository/gienuminfo.h to /home/runner/work/layercraft/layercraft/native-prefix/include/glib-2.0/girepository
Installing /tmp/tmp.7RSW7NKsa3/glib/girepository/gifieldinfo.h to /home/runner/work/layercraft/layercraft/native-prefix/include/glib-2.0/girepository
Installing /tmp/tmp.7RSW7NKsa3/glib/girepository/giflagsinfo.h to /home/runner/work/layercraft/layercraft/native-prefix/include/glib-2.0/girepository
Installing /tmp/tmp.7RSW7NKsa3/glib/girepository/gifunctioninfo.h to /home/runner/work/layercraft/layercraft/native-prefix/include/glib-2.0/girepository
Installing /tmp/tmp.7RSW7NKsa3/glib/girepository/giinterfaceinfo.h to /home/runner/work/layercraft/layercraft/native-prefix/include/glib-2.0/girepository
Installing /tmp/tmp.7RSW7NKsa3/glib/girepository/giobjectinfo.h to /home/runner/work/layercraft/layercraft/native-prefix/include/glib-2.0/girepository
Installing /tmp/tmp.7RSW7NKsa3/glib/girepository/gipropertyinfo.h to /home/runner/work/layercraft/layercraft/native-prefix/include/glib-2.0/girepository
Installing /tmp/tmp.7RSW7NKsa3/glib/girepository/giregisteredtypeinfo.h to /home/runner/work/layercraft/layercraft/native-prefix/include/glib-2.0/girepository
Installing /tmp/tmp.7RSW7NKsa3/glib/girepository/girepository.h to /home/runner/work/layercraft/layercraft/native-prefix/include/glib-2.0/girepository
Installing /tmp/tmp.7RSW7NKsa3/glib/girepository/girepository-autocleanups.h to /home/runner/work/layercraft/layercraft/native-prefix/include/glib-2.0/girepository
Installing /tmp/tmp.7RSW7NKsa3/glib/girepository/gisignalinfo.h to /home/runner/work/layercraft/layercraft/native-prefix/include/glib-2.0/girepository
Installing /tmp/tmp.7RSW7NKsa3/glib/girepository/gistructinfo.h to /home/runner/work/layercraft/layercraft/native-prefix/include/glib-2.0/girepository
Installing /tmp/tmp.7RSW7NKsa3/glib/girepository/gitypeinfo.h to /home/runner/work/layercraft/layercraft/native-prefix/include/glib-2.0/girepository
Installing /tmp/tmp.7RSW7NKsa3/glib/girepository/gitypelib.h to /home/runner/work/layercraft/layercraft/native-prefix/include/glib-2.0/girepository
Installing /tmp/tmp.7RSW7NKsa3/glib/girepository/gitypes.h to /home/runner/work/layercraft/layercraft/native-prefix/include/glib-2.0/girepository
Installing /tmp/tmp.7RSW7NKsa3/glib/girepository/giunioninfo.h to /home/runner/work/layercraft/layercraft/native-prefix/include/glib-2.0/girepository
Installing /tmp/tmp.7RSW7NKsa3/glib/girepository/giunresolvedinfo.h to /home/runner/work/layercraft/layercraft/native-prefix/include/glib-2.0/girepository
Installing /tmp/tmp.7RSW7NKsa3/glib/girepository/givalueinfo.h to /home/runner/work/layercraft/layercraft/native-prefix/include/glib-2.0/girepository
Installing /tmp/tmp.7RSW7NKsa3/glib/girepository/givfuncinfo.h to /home/runner/work/layercraft/layercraft/native-prefix/include/glib-2.0/girepository
Installing /tmp/tmp.7RSW7NKsa3/glib/girepository/girffi.h to /home/runner/work/layercraft/layercraft/native-prefix/include/glib-2.0/girepository
Installing /tmp/tmp.7RSW7NKsa3/glib/subprojects/libffi-3.5.2/man/ffi.3 to /home/runner/work/layercraft/layercraft/native-prefix/share/man/man3
Installing /tmp/tmp.7RSW7NKsa3/glib/subprojects/libffi-3.5.2/man/ffi_call.3 to /home/runner/work/layercraft/layercraft/native-prefix/share/man/man3
Installing /tmp/tmp.7RSW7NKsa3/glib/subprojects/libffi-3.5.2/man/ffi_prep_cif.3 to /home/runner/work/layercraft/layercraft/native-prefix/share/man/man3
Installing /tmp/tmp.7RSW7NKsa3/glib/subprojects/libffi-3.5.2/man/ffi_prep_cif_var.3 to /home/runner/work/layercraft/layercraft/native-prefix/share/man/man3
Installing new directory /home/runner/work/layercraft/layercraft/native-prefix/lib/gio/modules
Installing /tmp/tmp.7RSW7NKsa3/glib/_build-arm64-v8a/meson-private/libpcre2-8.pc to /home/runner/work/layercraft/layercraft/native-prefix/lib/pkgconfig
Installing /tmp/tmp.7RSW7NKsa3/glib/_build-arm64-v8a/meson-private/libpcre2-16.pc to /home/runner/work/layercraft/layercraft/native-prefix/lib/pkgconfig
Installing /tmp/tmp.7RSW7NKsa3/glib/_build-arm64-v8a/meson-private/libpcre2-32.pc to /home/runner/work/layercraft/layercraft/native-prefix/lib/pkgconfig
Installing /tmp/tmp.7RSW7NKsa3/glib/_build-arm64-v8a/subprojects/libffi-3.5.2/include/ffi.h to /home/runner/work/layercraft/layercraft/native-prefix/include
Installing /tmp/tmp.7RSW7NKsa3/glib/_build-arm64-v8a/meson-private/libffi.pc to /home/runner/work/layercraft/layercraft/native-prefix/lib/pkgconfig
Installing /tmp/tmp.7RSW7NKsa3/glib/_build-arm64-v8a/tools/glib-gettextize to /home/runner/work/layercraft/layercraft/native-prefix/bin
Installing /tmp/tmp.7RSW7NKsa3/glib/tools/glib.supp to /home/runner/work/layercraft/layercraft/native-prefix/share/glib-2.0/valgrind
Installing /tmp/tmp.7RSW7NKsa3/glib/_build-arm64-v8a/glib/glibconfig.h to /home/runner/work/layercraft/layercraft/native-prefix/lib/glib-2.0/include
Installing /tmp/tmp.7RSW7NKsa3/glib/_build-arm64-v8a/meson-private/glib-2.0.pc to /home/runner/work/layercraft/layercraft/native-prefix/lib/pkgconfig
Installing /tmp/tmp.7RSW7NKsa3/glib/_build-arm64-v8a/glib/gtester-report to /home/runner/work/layercraft/layercraft/native-prefix/bin
Installing /tmp/tmp.7RSW7NKsa3/glib/glib/glib_gdb.py to /home/runner/work/layercraft/layercraft/native-prefix/share/glib-2.0/gdb
Installing /tmp/tmp.7RSW7NKsa3/glib/_build-arm64-v8a/glib/libglib-2.0.so.0.8904.0-gdb.py to /home/runner/work/layercraft/layercraft/native-prefix/share/gdb/auto-load/.//home/runner/work/layercraft/layercraft/native-prefix/lib
Installing /tmp/tmp.7RSW7NKsa3/glib/_build-arm64-v8a/gobject/glib-genmarshal to /home/runner/work/layercraft/layercraft/native-prefix/bin
Installing /tmp/tmp.7RSW7NKsa3/glib/_build-arm64-v8a/gobject/glib-mkenums to /home/runner/work/layercraft/layercraft/native-prefix/bin
Installing /tmp/tmp.7RSW7NKsa3/glib/_build-arm64-v8a/meson-private/gobject-2.0.pc to /home/runner/work/layercraft/layercraft/native-prefix/lib/pkgconfig
Installing /tmp/tmp.7RSW7NKsa3/glib/gobject/gobject_gdb.py to /home/runner/work/layercraft/layercraft/native-prefix/share/glib-2.0/gdb
Installing /tmp/tmp.7RSW7NKsa3/glib/_build-arm64-v8a/gobject/libgobject-2.0.so.0.8904.0-gdb.py to /home/runner/work/layercraft/layercraft/native-prefix/share/gdb/auto-load/.//home/runner/work/layercraft/layercraft/native-prefix/lib
Installing /tmp/tmp.7RSW7NKsa3/glib/_build-arm64-v8a/meson-private/gthread-2.0.pc to /home/runner/work/layercraft/layercraft/native-prefix/lib/pkgconfig
Installing /tmp/tmp.7RSW7NKsa3/glib/_build-arm64-v8a/meson-private/gmodule-no-export-2.0.pc to /home/runner/work/layercraft/layercraft/native-prefix/lib/pkgconfig
Installing /tmp/tmp.7RSW7NKsa3/glib/_build-arm64-v8a/meson-private/gmodule-export-2.0.pc to /home/runner/work/layercraft/layercraft/native-prefix/lib/pkgconfig
Installing /tmp/tmp.7RSW7NKsa3/glib/_build-arm64-v8a/meson-private/gmodule-2.0.pc to /home/runner/work/layercraft/layercraft/native-prefix/lib/pkgconfig
Installing /tmp/tmp.7RSW7NKsa3/glib/_build-arm64-v8a/gio/gnetworking.h to /home/runner/work/layercraft/layercraft/native-prefix/include/glib-2.0/gio
Installing /tmp/tmp.7RSW7NKsa3/glib/_build-arm64-v8a/gio/gdbus-2.0/codegen/gdbus-codegen to /home/runner/work/layercraft/layercraft/native-prefix/bin
Installing /tmp/tmp.7RSW7NKsa3/glib/_build-arm64-v8a/gio/gdbus-2.0/codegen/config.py to /home/runner/work/layercraft/layercraft/native-prefix/share/glib-2.0/codegen
Installing /tmp/tmp.7RSW7NKsa3/glib/gio/completion/gapplication to /home/runner/work/layercraft/layercraft/native-prefix/share/bash-completion/completions
Installing /tmp/tmp.7RSW7NKsa3/glib/gio/completion/gdbus to /home/runner/work/layercraft/layercraft/native-prefix/share/bash-completion/completions
Installing /tmp/tmp.7RSW7NKsa3/glib/gio/completion/gio to /home/runner/work/layercraft/layercraft/native-prefix/share/bash-completion/completions
Installing /tmp/tmp.7RSW7NKsa3/glib/gio/completion/gsettings to /home/runner/work/layercraft/layercraft/native-prefix/share/bash-completion/completions
Installing /tmp/tmp.7RSW7NKsa3/glib/gio/completion/gresource to /home/runner/work/layercraft/layercraft/native-prefix/share/bash-completion/completions
Installing /tmp/tmp.7RSW7NKsa3/glib/_build-arm64-v8a/meson-private/gio-2.0.pc to /home/runner/work/layercraft/layercraft/native-prefix/lib/pkgconfig
Installing /tmp/tmp.7RSW7NKsa3/glib/_build-arm64-v8a/meson-private/gio-unix-2.0.pc to /home/runner/work/layercraft/layercraft/native-prefix/lib/pkgconfig
Installing /tmp/tmp.7RSW7NKsa3/glib/gio/gresource.dtd to /home/runner/work/layercraft/layercraft/native-prefix/share/glib-2.0/dtds
Installing /tmp/tmp.7RSW7NKsa3/glib/gio/gschema.dtd to /home/runner/work/layercraft/layercraft/native-prefix/share/glib-2.0/schemas
Installing /tmp/tmp.7RSW7NKsa3/glib/gio/gschema.loc to /home/runner/work/layercraft/layercraft/native-prefix/share/gettext/its
Installing /tmp/tmp.7RSW7NKsa3/glib/gio/gschema.its to /home/runner/work/layercraft/layercraft/native-prefix/share/gettext/its
Installing /tmp/tmp.7RSW7NKsa3/glib/_build-arm64-v8a/meson-private/girepository-2.0.pc to /home/runner/work/layercraft/layercraft/native-prefix/lib/pkgconfig
Installing /tmp/tmp.7RSW7NKsa3/glib/m4macros/glib-2.0.m4 to /home/runner/work/layercraft/layercraft/native-prefix/share/aclocal
Installing /tmp/tmp.7RSW7NKsa3/glib/m4macros/glib-gettext.m4 to /home/runner/work/layercraft/layercraft/native-prefix/share/aclocal
Installing /tmp/tmp.7RSW7NKsa3/glib/m4macros/gsettings.m4 to /home/runner/work/layercraft/layercraft/native-prefix/share/aclocal
== [2/6] json-glib ==
Cloning into '/tmp/tmp.7RSW7NKsa3/json-glib'...
DEPRECATION: "pkgconfig" entry is deprecated and should be replaced by "pkg-config"
The Meson build system
Version: 1.12.0
Source dir: /tmp/tmp.7RSW7NKsa3/json-glib
Build dir: /tmp/tmp.7RSW7NKsa3/json-glib/_build-arm64-v8a
Build type: cross build
DEPRECATION: Option "gtk_doc" is replaced by 'documentation'
Project name: json-glib
Project version: 1.10.9
C compiler for the host machine: /usr/local/lib/android/sdk/ndk/29.0.14206865/toolchains/llvm/prebuilt/linux-x86_64/bin/aarch64-linux-android28-clang (clang 21.0.0 "Android (13989888, +pgo, +bolt, +lto, +mlgo, based on r563880c) clang version 21.0.0 (https://android.googlesource.com/toolchain/llvm-project 5e96669f06077099aa41290cdb4c5e6fa0f59349)")
C linker for the host machine: /usr/local/lib/android/sdk/ndk/29.0.14206865/toolchains/llvm/prebuilt/linux-x86_64/bin/aarch64-linux-android28-clang ld.lld 21.0.0
C compiler for the build machine: cc (gcc 13.3.0 "cc (Ubuntu 13.3.0-6ubuntu2~24.04.1) 13.3.0")
C linker for the build machine: cc ld.bfd 2.42
Build machine cpu family: x86_64
Build machine cpu: x86_64
Host machine cpu family: aarch64
Host machine cpu: aarch64
Target machine cpu family: aarch64
Target machine cpu: aarch64
Found pkg-config: YES (/usr/bin/pkg-config) 1.8.1
Run-time dependency gio-2.0 found: YES 2.89.4
Has header "unistd.h" : YES 
Compiler for C supports arguments -Wcast-align: YES 
Compiler for C supports arguments -Wlogical-op: NO 
Compiler for C supports arguments -Wmissing-declarations: YES 
Compiler for C supports arguments -Wmissing-format-attribute: YES 
Compiler for C supports arguments -Wmissing-prototypes: YES 
Compiler for C supports arguments -Wmissing-noreturn: YES 
Compiler for C supports arguments -Wold-style-definition: YES 
Compiler for C supports arguments -Wpointer-arith: YES 
Compiler for C supports arguments -Wshadow: YES 
Compiler for C supports arguments -Wstrict-prototypes: YES 
Compiler for C supports arguments -Wunused: YES 
Compiler for C supports arguments -Wno-discarded-qualifiers: NO 
Compiler for C supports arguments -Wno-int-conversion: YES 
Compiler for C supports arguments -fno-strict-aliasing: YES 
Compiler for C supports arguments -Wno-uninitialized: YES 
Compiler for C supports arguments -Werror=address: YES 
Compiler for C supports arguments -Werror=array-bounds: YES 
Compiler for C supports arguments -Werror=empty-body: YES 
Compiler for C supports arguments -Werror=format=2: YES 
Compiler for C supports arguments -Werror=implicit: YES 
Compiler for C supports arguments -Werror=init-self: YES 
Compiler for C supports arguments -Werror=int-to-pointer-cast: YES 
Compiler for C supports arguments -Werror=main: YES 
Compiler for C supports arguments -Werror=missing-braces: YES 
Compiler for C supports arguments -Werror=nested-externs: YES 
Compiler for C supports arguments -Werror=nonnull: YES 
Compiler for C supports arguments -Werror=pointer-to-int-cast: YES 
Compiler for C supports arguments -Werror=return-type: YES 
Compiler for C supports arguments -Werror=sequence-point: YES 
Compiler for C supports arguments -Werror=trigraphs: YES 
Compiler for C supports arguments -Werror=undef: YES 
Compiler for C supports arguments -Werror=write-strings: YES 
Compiler for C supports link arguments -Wl,-Bsymbolic: YES 
Compiler for C supports link arguments -Wl,-z,relro: YES 
Compiler for C supports link arguments -Wl,-z,now: YES 
Compiler for C supports link arguments -Wl,--default-symver: NO 
Program g-ir-scanner skipped: feature introspection disabled
Program python3 found: YES (/usr/bin/python3)
Configuring config.h using configuration
Found pkg-config: YES (/usr/bin/pkg-config) 1.8.1
Build-time dependency glib-2.0 found: YES 2.89.4
Program /home/runner/work/layercraft/layercraft/native-prefix/bin/glib-mkenums found: YES (/home/runner/work/layercraft/layercraft/native-prefix/bin/glib-mkenums)
Dependency glib-2.0 for build machine found: YES 2.89.4 (cached)
Program /home/runner/work/layercraft/layercraft/native-prefix/bin/glib-mkenums found: YES (/home/runner/work/layercraft/layercraft/native-prefix/bin/glib-mkenums)
Configuring json-version.h using configuration
Found pkg-config: YES (/usr/bin/pkg-config) 1.8.1
Program xgettext found: NO
Program rst2man rst2man.py found: NO
Program rst2html5 rst2html5.py skipped: feature documentation disabled
Program gi-docgen skipped: feature documentation disabled
Build targets in project: 5

json-glib 1.10.9

  Directories
    prefix           : /home/runner/work/layercraft/layercraft/native-prefix
    includedir       : /home/runner/work/layercraft/layercraft/native-prefix/include
    libdir           : /home/runner/work/layercraft/layercraft/native-prefix/lib
    datadir          : /home/runner/work/layercraft/layercraft/native-prefix/share

  Build
    Localization     : auto
    Introspection    : NO
    Documentation    : NO
    Manual pages     : NO
    Tests            : NO
    Installed tests  : YES
    Conformance tests: YES

  User defined options
    Cross files      : /tmp/tmp.7RSW7NKsa3/android-arm64-v8a.ini
    buildtype        : release
    default_library  : shared
    gtk_doc          : disabled
    introspection    : disabled
    libdir           : lib
    prefix           : /home/runner/work/layercraft/layercraft/native-prefix
    tests            : false
    wrap_mode        : default

Found ninja-1.13.2 at /usr/local/bin/ninja
ninja: Entering directory `/tmp/tmp.7RSW7NKsa3/json-glib/_build-arm64-v8a'
[1/25] Generating GObject enum file json-glib/json-enum-types.c (wrapped by meson because command contains newlines, to capture output)
[2/25] Generating GObject enum file json-glib/json-enum-types.h (wrapped by meson because command contains newlines, to capture output)
[3/25] Compiling C object json-glib/libjson-glib-1.0.so.p/json-debug.c.o
[4/25] Compiling C object json-glib/libjson-glib-1.0.so.p/json-array.c.o
[5/25] Compiling C object json-glib/libjson-glib-1.0.so.p/json-builder.c.o
[6/25] Compiling C object json-glib/libjson-glib-1.0.so.p/meson-generated_.._json-enum-types.c.o
In file included from json-glib/json-enum-types.c:7:
In file included from ../json-glib/json-generator.h:32:
In file included from /home/runner/work/layercraft/layercraft/native-prefix/include/glib-2.0/gio/gio.h:52:
/home/runner/work/layercraft/layercraft/native-prefix/include/glib-2.0/gio/gdbusactiongroup.h:36:23: warning: redefinition of typedef 'GDBusActionGroup' is a C11 feature [-Wtypedef-redefinition]
   36 | G_DECLARE_FINAL_TYPE (GDBusActionGroup, g_dbus_action_group, G, DBUS_ACTION_GROUP, GObject)
      |                       ^
/home/runner/work/layercraft/layercraft/native-prefix/include/glib-2.0/gio/giotypes.h:53:47: note: previous definition is here
   53 | typedef struct _GDBusActionGroup              GDBusActionGroup;
      |                                               ^
1 warning generated.
[7/25] Compiling C object json-glib/libjson-glib-1.0.so.p/json-gboxed.c.o
[8/25] Compiling C object json-glib/libjson-glib-1.0.so.p/json-node.c.o
[9/25] Compiling C object json-glib/libjson-glib-1.0.so.p/json-gobject.c.o
In file included from ../json-glib/json-gobject.c:33:
In file included from ../json-glib/json-parser.h:31:
In file included from /home/runner/work/layercraft/layercraft/native-prefix/include/glib-2.0/gio/gio.h:52:
/home/runner/work/layercraft/layercraft/native-prefix/include/glib-2.0/gio/gdbusactiongroup.h:36:23: warning: redefinition of typedef 'GDBusActionGroup' is a C11 feature [-Wtypedef-redefinition]
   36 | G_DECLARE_FINAL_TYPE (GDBusActionGroup, g_dbus_action_group, G, DBUS_ACTION_GROUP, GObject)
      |                       ^
/home/runner/work/layercraft/layercraft/native-prefix/include/glib-2.0/gio/giotypes.h:53:47: note: previous definition is here
   53 | typedef struct _GDBusActionGroup              GDBusActionGroup;
      |                                               ^
1 warning generated.
[10/25] Compiling C object json-glib/libjson-glib-1.0.so.p/json-generator.c.o
In file included from ../json-glib/json-generator.c:41:
In file included from ../json-glib/json-generator.h:32:
In file included from /home/runner/work/layercraft/layercraft/native-prefix/include/glib-2.0/gio/gio.h:52:
/home/runner/work/layercraft/layercraft/native-prefix/include/glib-2.0/gio/gdbusactiongroup.h:36:23: warning: redefinition of typedef 'GDBusActionGroup' is a C11 feature [-Wtypedef-redefinition]
   36 | G_DECLARE_FINAL_TYPE (GDBusActionGroup, g_dbus_action_group, G, DBUS_ACTION_GROUP, GObject)
      |                       ^
/home/runner/work/layercraft/layercraft/native-prefix/include/glib-2.0/gio/giotypes.h:53:47: note: previous definition is here
   53 | typedef struct _GDBusActionGroup              GDBusActionGroup;
      |                                               ^
1 warning generated.
[11/25] Compiling C object json-glib/libjson-glib-1.0.so.p/json-gvariant.c.o
In file included from ../json-glib/json-gvariant.c:30:
In file included from /home/runner/work/layercraft/layercraft/native-prefix/include/glib-2.0/gio/gio.h:52:
/home/runner/work/layercraft/layercraft/native-prefix/include/glib-2.0/gio/gdbusactiongroup.h:36:23: warning: redefinition of typedef 'GDBusActionGroup' is a C11 feature [-Wtypedef-redefinition]
   36 | G_DECLARE_FINAL_TYPE (GDBusActionGroup, g_dbus_action_group, G, DBUS_ACTION_GROUP, GObject)
      |                       ^
/home/runner/work/layercraft/layercraft/native-prefix/include/glib-2.0/gio/giotypes.h:53:47: note: previous definition is here
   53 | typedef struct _GDBusActionGroup              GDBusActionGroup;
      |                                               ^
1 warning generated.
[12/25] Compiling C object json-glib/libjson-glib-1.0.so.p/json-path.c.o
[13/25] Compiling C object json-glib/libjson-glib-1.0.so.p/json-object.c.o
[14/25] Compiling C object json-glib/libjson-glib-1.0.so.p/json-reader.c.o
[15/25] Compiling C object json-glib/libjson-glib-1.0.so.p/json-serializable.c.o
[16/25] Compiling C object json-glib/libjson-glib-1.0.so.p/json-parser.c.o
In file included from ../json-glib/json-parser.c:78:
In file included from ../json-glib/json-parser.h:31:
In file included from /home/runner/work/layercraft/layercraft/native-prefix/include/glib-2.0/gio/gio.h:52:
/home/runner/work/layercraft/layercraft/native-prefix/include/glib-2.0/gio/gdbusactiongroup.h:36:23: warning: redefinition of typedef 'GDBusActionGroup' is a C11 feature [-Wtypedef-redefinition]
   36 | G_DECLARE_FINAL_TYPE (GDBusActionGroup, g_dbus_action_group, G, DBUS_ACTION_GROUP, GObject)
      |                       ^
/home/runner/work/layercraft/layercraft/native-prefix/include/glib-2.0/gio/giotypes.h:53:47: note: previous definition is here
   53 | typedef struct _GDBusActionGroup              GDBusActionGroup;
      |                                               ^
1 warning generated.
[17/25] Compiling C object json-glib/libjson-glib-1.0.so.p/json-utils.c.o
In file included from ../json-glib/json-utils.c:25:
In file included from ../json-glib/json-parser.h:31:
In file included from /home/runner/work/layercraft/layercraft/native-prefix/include/glib-2.0/gio/gio.h:52:
/home/runner/work/layercraft/layercraft/native-prefix/include/glib-2.0/gio/gdbusactiongroup.h:36:23: warning: redefinition of typedef 'GDBusActionGroup' is a C11 feature [-Wtypedef-redefinition]
   36 | G_DECLARE_FINAL_TYPE (GDBusActionGroup, g_dbus_action_group, G, DBUS_ACTION_GROUP, GObject)
      |                       ^
/home/runner/work/layercraft/layercraft/native-prefix/include/glib-2.0/gio/giotypes.h:53:47: note: previous definition is here
   53 | typedef struct _GDBusActionGroup              GDBusActionGroup;
      |                                               ^
1 warning generated.
[18/25] Compiling C object json-glib/libjson-glib-1.0.so.p/json-scanner.c.o
[19/25] Compiling C object json-glib/libjson-glib-1.0.so.p/json-value.c.o
[20/25] Linking target json-glib/libjson-glib-1.0.so
[21/25] Compiling C object json-glib/json-glib-validate.p/json-glib-validate.c.o
In file included from ../json-glib/json-glib-validate.c:37:
In file included from ../json-glib/json-glib.h:32:
In file included from ../json-glib/json-generator.h:32:
In file included from /home/runner/work/layercraft/layercraft/native-prefix/include/glib-2.0/gio/gio.h:52:
/home/runner/work/layercraft/layercraft/native-prefix/include/glib-2.0/gio/gdbusactiongroup.h:36:23: warning: redefinition of typedef 'GDBusActionGroup' is a C11 feature [-Wtypedef-redefinition]
   36 | G_DECLARE_FINAL_TYPE (GDBusActionGroup, g_dbus_action_group, G, DBUS_ACTION_GROUP, GObject)
      |                       ^
/home/runner/work/layercraft/layercraft/native-prefix/include/glib-2.0/gio/giotypes.h:53:47: note: previous definition is here
   53 | typedef struct _GDBusActionGroup              GDBusActionGroup;
      |                                               ^
1 warning generated.
[22/25] Compiling C object json-glib/json-glib-format.p/json-glib-format.c.o
In file included from ../json-glib/json-glib-format.c:45:
In file included from ../json-glib/json-glib.h:32:
In file included from ../json-glib/json-generator.h:32:
In file included from /home/runner/work/layercraft/layercraft/native-prefix/include/glib-2.0/gio/gio.h:52:
/home/runner/work/layercraft/layercraft/native-prefix/include/glib-2.0/gio/gdbusactiongroup.h:36:23: warning: redefinition of typedef 'GDBusActionGroup' is a C11 feature [-Wtypedef-redefinition]
   36 | G_DECLARE_FINAL_TYPE (GDBusActionGroup, g_dbus_action_group, G, DBUS_ACTION_GROUP, GObject)
      |                       ^
/home/runner/work/layercraft/layercraft/native-prefix/include/glib-2.0/gio/giotypes.h:53:47: note: previous definition is here
   53 | typedef struct _GDBusActionGroup              GDBusActionGroup;
      |                                               ^
1 warning generated.
[23/25] Generating symbol file json-glib/libjson-glib-1.0.so.p/libjson-glib-1.0.so.symbols
[24/25] Linking target json-glib/json-glib-validate
[25/25] Linking target json-glib/json-glib-format
INFO: autodetecting backend as ninja
INFO: calculating backend command to run: /usr/local/bin/ninja -C /tmp/tmp.7RSW7NKsa3/json-glib/_build-arm64-v8a -j 4
ninja: Entering directory `/tmp/tmp.7RSW7NKsa3/json-glib/_build-arm64-v8a'
ninja: no work to do.
Installing json-glib/json-enum-types.h to /home/runner/work/layercraft/layercraft/native-prefix/include/json-glib-1.0/json-glib
Installing json-glib/libjson-glib-1.0.so to /home/runner/work/layercraft/layercraft/native-prefix/lib
Installing json-glib/json-glib-validate to /home/runner/work/layercraft/layercraft/native-prefix/bin
Installing json-glib/json-glib-format to /home/runner/work/layercraft/layercraft/native-prefix/bin
Installing /tmp/tmp.7RSW7NKsa3/json-glib/json-glib/json-builder.h to /home/runner/work/layercraft/layercraft/native-prefix/include/json-glib-1.0/json-glib
Installing /tmp/tmp.7RSW7NKsa3/json-glib/json-glib/json-generator.h to /home/runner/work/layercraft/layercraft/native-prefix/include/json-glib-1.0/json-glib
Installing /tmp/tmp.7RSW7NKsa3/json-glib/json-glib/json-gobject.h to /home/runner/work/layercraft/layercraft/native-prefix/include/json-glib-1.0/json-glib
Installing /tmp/tmp.7RSW7NKsa3/json-glib/json-glib/json-gvariant.h to /home/runner/work/layercraft/layercraft/native-prefix/include/json-glib-1.0/json-glib
Installing /tmp/tmp.7RSW7NKsa3/json-glib/json-glib/json-parser.h to /home/runner/work/layercraft/layercraft/native-prefix/include/json-glib-1.0/json-glib
Installing /tmp/tmp.7RSW7NKsa3/json-glib/json-glib/json-path.h to /home/runner/work/layercraft/layercraft/native-prefix/include/json-glib-1.0/json-glib
Installing /tmp/tmp.7RSW7NKsa3/json-glib/json-glib/json-reader.h to /home/runner/work/layercraft/layercraft/native-prefix/include/json-glib-1.0/json-glib
Installing /tmp/tmp.7RSW7NKsa3/json-glib/json-glib/json-types.h to /home/runner/work/layercraft/layercraft/native-prefix/include/json-glib-1.0/json-glib
Installing /tmp/tmp.7RSW7NKsa3/json-glib/json-glib/json-utils.h to /home/runner/work/layercraft/layercraft/native-prefix/include/json-glib-1.0/json-glib
Installing /tmp/tmp.7RSW7NKsa3/json-glib/json-glib/json-version-macros.h to /home/runner/work/layercraft/layercraft/native-prefix/include/json-glib-1.0/json-glib
Installing /tmp/tmp.7RSW7NKsa3/json-glib/json-glib/json-glib.h to /home/runner/work/layercraft/layercraft/native-prefix/include/json-glib-1.0/json-glib
Installing /tmp/tmp.7RSW7NKsa3/json-glib/_build-arm64-v8a/json-glib/json-version.h to /home/runner/work/layercraft/layercraft/native-prefix/include/json-glib-1.0/json-glib
Installing /tmp/tmp.7RSW7NKsa3/json-glib/_build-arm64-v8a/meson-private/json-glib-1.0.pc to /home/runner/work/layercraft/layercraft/native-prefix/lib/pkgconfig
== [3/6] libjpeg-turbo (gegl hard dep, no meson-wrap fallback) ==
Cloning into '/tmp/tmp.7RSW7NKsa3/libjpeg-turbo'...
-- The C compiler identification is Clang 21.0.0
-- Detecting C compiler ABI info
-- Detecting C compiler ABI info - done
-- Check for working C compiler: /usr/local/lib/android/sdk/ndk/29.0.14206865/toolchains/llvm/prebuilt/linux-x86_64/bin/clang - skipped
-- Detecting C compile features
-- Detecting C compile features - done
-- CMAKE_BUILD_TYPE = Release
-- VERSION = 3.2.1, BUILD = 20260904
-- 64-bit build (arm64)
-- CMAKE_INSTALL_PREFIX = /home/runner/work/layercraft/layercraft/native-prefix
-- CMAKE_INSTALL_BINDIR = bin (/home/runner/work/layercraft/layercraft/native-prefix/bin)
-- CMAKE_INSTALL_DATAROOTDIR = share (/home/runner/work/layercraft/layercraft/native-prefix/share)
-- CMAKE_INSTALL_DOCDIR = share/doc/libjpeg-turbo (/home/runner/work/layercraft/layercraft/native-prefix/share/doc/libjpeg-turbo)
-- CMAKE_INSTALL_INCLUDEDIR = include (/home/runner/work/layercraft/layercraft/native-prefix/include)
-- CMAKE_INSTALL_LIBDIR = lib (/home/runner/work/layercraft/layercraft/native-prefix/lib)
-- CMAKE_INSTALL_MANDIR = share/man (/home/runner/work/layercraft/layercraft/native-prefix/share/man)
-- Shared libraries enabled (ENABLE_SHARED = 1)
-- Static libraries disabled (ENABLE_STATIC = 0)
-- Arithmetic decoding support enabled (WITH_ARITH_DEC = 1)
-- Arithmetic encoding support enabled (WITH_ARITH_ENC = 1)
-- TurboJPEG API library disabled (WITH_TURBOJPEG = 0)
-- TurboJPEG Java Native Access interfaces (TurboJPEG/JNA) disabled
   (WITH_JNA = )
-- Command-line tools enabled (WITH_TOOLS = 1)
-- Regression tests enabled (WITH_TESTS = 1)
-- Emulating libjpeg API/ABI v6.2 (WITH_JPEG7 = 0, WITH_JPEG8 = 0)
-- libjpeg API shared library version = 62.4.0
-- Compiler flags = -g -DANDROID -fdata-sections -ffunction-sections -funwind-tables -fstack-protector-strong -no-canonical-prefixes -D_FORTIFY_SOURCE=2 -Wformat -Werror=format-security  -O3 -DNDEBUG 
-- Linker flags = -static-libstdc++ -Wl,--build-id=sha1 -Wl,--no-rosegment -Wl,--no-undefined-version -Wl,--fatal-warnings -Wl,--no-undefined -Qunused-arguments   -Wl,--gc-sections 
-- Looking for sys/types.h
-- Looking for sys/types.h - found
-- Looking for stdint.h
-- Looking for stdint.h - found
-- Looking for stddef.h
-- Looking for stddef.h - found
-- Check size of size_t
-- Check size of size_t - done
-- Check size of unsigned long
-- Check size of unsigned long - done
-- Performing Test HAVE_BUILTIN_CTZL
-- Performing Test HAVE_BUILTIN_CTZL - Success
-- Performing Test HIDDEN_WORKS
-- Performing Test HIDDEN_WORKS - Success
-- HIDDEN = __attribute__((visibility("hidden")))
-- Performing Test INLINE_WORKS
-- Performing Test INLINE_WORKS - Success
-- INLINE = __inline__ __attribute__((always_inline)) (FORCE_INLINE = 1)
-- Performing Test HAVE_THREAD_LOCAL
-- Performing Test HAVE_THREAD_LOCAL - Success
-- THREAD_LOCAL = __thread
-- Performing Test HAVE_VERSION_SCRIPT
-- Performing Test HAVE_VERSION_SCRIPT - Success
-- Linker supports GNU-style version scripts
-- CMAKE_EXECUTABLE_SUFFIX = 
-- SIMD extensions: None (WITH_SIMD = 0)
-- System-supplied libspng disabled (WITH_SYSTEM_SPNG = 0)
-- System-supplied zlib disabled (WITH_SYSTEM_ZLIB = 0)
-- Looking for fmemopen
-- Looking for fmemopen - found
-- FLOATTEST8 = fp-contract
-- FLOATTEST12 = fp-contract
-- Configuring done (1.3s)
-- Generating done (0.1s)
-- Build files have been written to: /tmp/tmp.7RSW7NKsa3/libjpeg-turbo/_build-arm64-v8a
[  1%] Building C object CMakeFiles/wrjpgcom.dir/src/wrjpgcom.c.o
[  2%] Building C object CMakeFiles/rdjpgcom.dir/src/rdjpgcom.c.o
[  2%] Building C object src/spng/CMakeFiles/zlib-static.dir/zlib/adler32.c.o
[  3%] Building C object CMakeFiles/strtest.dir/src/strtest.c.o
[  3%] Linking C executable strtest
[  4%] Building C object src/spng/CMakeFiles/zlib-static.dir/zlib/compress.c.o
[  4%] Linking C executable rdjpgcom
[  4%] Building C object src/spng/CMakeFiles/zlib-static.dir/zlib/crc32.c.o
[  4%] Linking C executable wrjpgcom
[  4%] Built target wrjpgcom
[  4%] Built target rdjpgcom
[  4%] Built target strtest
[  5%] Building C object src/spng/CMakeFiles/zlib-static.dir/zlib/deflate.c.o
[  5%] Building C object src/spng/CMakeFiles/spng-static.dir/spng.c.o
[  6%] Building C object sharedlib/CMakeFiles/jpeg.dir/__/src/jcapimin.c.o
[  7%] Building C object sharedlib/spng/CMakeFiles/zlib.dir/__/__/src/spng/zlib/adler32.c.o
[  7%] Building C object sharedlib/CMakeFiles/jpeg.dir/__/src/wrapper/jcapistd-8.c.o
[  8%] Building C object sharedlib/CMakeFiles/jpeg.dir/__/src/wrapper/jcapistd-12.c.o
[  8%] Building C object sharedlib/spng/CMakeFiles/zlib.dir/__/__/src/spng/zlib/compress.c.o
[  8%] Building C object sharedlib/CMakeFiles/jpeg.dir/__/src/wrapper/jcapistd-16.c.o
[  9%] Building C object sharedlib/spng/CMakeFiles/zlib.dir/__/__/src/spng/zlib/crc32.c.o
[ 10%] Building C object sharedlib/CMakeFiles/jpeg.dir/__/src/wrapper/jccoefct-8.c.o
[ 10%] Building C object sharedlib/spng/CMakeFiles/zlib.dir/__/__/src/spng/zlib/deflate.c.o
[ 10%] Building C object src/spng/CMakeFiles/zlib-static.dir/zlib/inffast.c.o
[ 10%] Building C object sharedlib/CMakeFiles/jpeg.dir/__/src/wrapper/jccoefct-12.c.o
[ 11%] Building C object src/spng/CMakeFiles/zlib-static.dir/zlib/inflate.c.o
[ 12%] Building C object sharedlib/CMakeFiles/jpeg.dir/__/src/wrapper/jccolor-8.c.o
[ 13%] Building C object sharedlib/spng/CMakeFiles/zlib.dir/__/__/src/spng/zlib/inffast.c.o
[ 13%] Building C object sharedlib/CMakeFiles/jpeg.dir/__/src/wrapper/jccolor-12.c.o
[ 13%] Building C object sharedlib/spng/CMakeFiles/zlib.dir/__/__/src/spng/zlib/inflate.c.o
[ 13%] Building C object src/spng/CMakeFiles/zlib-static.dir/zlib/inftrees.c.o
[ 14%] Building C object src/spng/CMakeFiles/zlib-static.dir/zlib/trees.c.o
[ 15%] Building C object sharedlib/CMakeFiles/jpeg.dir/__/src/wrapper/jccolor-16.c.o
[ 16%] Building C object sharedlib/spng/CMakeFiles/zlib.dir/__/__/src/spng/zlib/inftrees.c.o
[ 17%] Building C object src/spng/CMakeFiles/zlib-static.dir/zlib/zutil.c.o
[ 17%] Built target zlib-static
[ 17%] Building C object sharedlib/spng/CMakeFiles/zlib.dir/__/__/src/spng/zlib/trees.c.o
[ 17%] Building C object sharedlib/CMakeFiles/jpeg.dir/__/src/wrapper/jcdctmgr-8.c.o
[ 18%] Building C object sharedlib/spng/CMakeFiles/spng.dir/__/__/src/spng/spng.c.o
[ 19%] Building C object sharedlib/CMakeFiles/jpeg.dir/__/src/wrapper/jcdctmgr-12.c.o
[ 20%] Building C object sharedlib/spng/CMakeFiles/zlib.dir/__/__/src/spng/zlib/zutil.c.o
[ 20%] Built target spng-static
[ 20%] Built target zlib
[ 21%] Building C object src/md5/CMakeFiles/md5cmp.dir/md5cmp.c.o
[ 22%] Building C object src/md5/CMakeFiles/md5sum.dir/md5sum.c.o
[ 22%] Building C object src/md5/CMakeFiles/md5cmp.dir/md5.c.o
[ 22%] Building C object src/md5/CMakeFiles/md5sum.dir/md5.c.o
[ 22%] Building C object sharedlib/CMakeFiles/jpeg.dir/__/src/wrapper/jcdiffct-8.c.o
[ 23%] Building C object src/md5/CMakeFiles/md5cmp.dir/md5hl.c.o
[ 24%] Building C object src/md5/CMakeFiles/md5sum.dir/md5hl.c.o
[ 25%] Building C object sharedlib/CMakeFiles/jpeg.dir/__/src/wrapper/jcdiffct-12.c.o
[ 25%] Linking C executable ../../test/md5cmp
[ 25%] Linking C executable ../../test/md5sum
[ 25%] Built target md5cmp
[ 25%] Building C object sharedlib/CMakeFiles/jpeg.dir/__/src/wrapper/jcdiffct-16.c.o
[ 25%] Built target md5sum
[ 26%] Building C object sharedlib/CMakeFiles/jpeg.dir/__/src/jchuff.c.o
[ 26%] Building C object sharedlib/CMakeFiles/jpeg.dir/__/src/jcicc.c.o
[ 27%] Building C object sharedlib/CMakeFiles/jpeg.dir/__/src/jcinit.c.o
[ 27%] Building C object sharedlib/CMakeFiles/jpeg.dir/__/src/jclhuff.c.o
[ 28%] Building C object sharedlib/CMakeFiles/jpeg.dir/__/src/wrapper/jclossls-8.c.o
[ 28%] Building C object sharedlib/CMakeFiles/jpeg.dir/__/src/wrapper/jclossls-12.c.o
[ 29%] Building C object sharedlib/CMakeFiles/jpeg.dir/__/src/wrapper/jclossls-16.c.o
[ 29%] Building C object sharedlib/CMakeFiles/jpeg.dir/__/src/wrapper/jcmainct-8.c.o
[ 30%] Building C object sharedlib/CMakeFiles/jpeg.dir/__/src/wrapper/jcmainct-12.c.o
[ 31%] Building C object sharedlib/CMakeFiles/jpeg.dir/__/src/wrapper/jcmainct-16.c.o
[ 31%] Building C object sharedlib/CMakeFiles/jpeg.dir/__/src/jcmarker.c.o
[ 32%] Building C object sharedlib/CMakeFiles/jpeg.dir/__/src/jcmaster.c.o
[ 32%] Building C object sharedlib/CMakeFiles/jpeg.dir/__/src/jcomapi.c.o
[ 33%] Building C object sharedlib/CMakeFiles/jpeg.dir/__/src/jcparam.c.o
[ 33%] Building C object sharedlib/CMakeFiles/jpeg.dir/__/src/jcphuff.c.o
[ 34%] Building C object sharedlib/CMakeFiles/jpeg.dir/__/src/wrapper/jcprepct-8.c.o
[ 34%] Building C object sharedlib/CMakeFiles/jpeg.dir/__/src/wrapper/jcprepct-12.c.o
[ 35%] Building C object sharedlib/CMakeFiles/jpeg.dir/__/src/wrapper/jcprepct-16.c.o
[ 35%] Building C object sharedlib/CMakeFiles/jpeg.dir/__/src/wrapper/jcsample-8.c.o
[ 36%] Building C object sharedlib/CMakeFiles/jpeg.dir/__/src/wrapper/jcsample-12.c.o
[ 36%] Built target spng
[ 36%] Building C object sharedlib/CMakeFiles/jpeg.dir/__/src/wrapper/jcsample-16.c.o
[ 37%] Building C object sharedlib/CMakeFiles/jpeg.dir/__/src/jctrans.c.o
[ 37%] Building C object sharedlib/CMakeFiles/jpeg.dir/__/src/jdapimin.c.o
[ 38%] Building C object sharedlib/CMakeFiles/jpeg.dir/__/src/wrapper/jdapistd-8.c.o
[ 38%] Building C object sharedlib/CMakeFiles/jpeg.dir/__/src/wrapper/jdapistd-12.c.o
[ 39%] Building C object sharedlib/CMakeFiles/jpeg.dir/__/src/wrapper/jdapistd-16.c.o
[ 39%] Building C object sharedlib/CMakeFiles/jpeg.dir/__/src/jdatadst.c.o
[ 40%] Building C object sharedlib/CMakeFiles/jpeg.dir/__/src/jdatasrc.c.o
[ 40%] Building C object sharedlib/CMakeFiles/jpeg.dir/__/src/wrapper/jdcoefct-8.c.o
[ 41%] Building C object sharedlib/CMakeFiles/jpeg.dir/__/src/wrapper/jdcoefct-12.c.o
[ 41%] Building C object sharedlib/CMakeFiles/jpeg.dir/__/src/wrapper/jdcolor-8.c.o
[ 42%] Building C object sharedlib/CMakeFiles/jpeg.dir/__/src/wrapper/jdcolor-12.c.o
[ 42%] Building C object sharedlib/CMakeFiles/jpeg.dir/__/src/wrapper/jdcolor-16.c.o
[ 43%] Building C object sharedlib/CMakeFiles/jpeg.dir/__/src/wrapper/jddctmgr-8.c.o
[ 43%] Building C object sharedlib/CMakeFiles/jpeg.dir/__/src/wrapper/jddctmgr-12.c.o
[ 44%] Building C object sharedlib/CMakeFiles/jpeg.dir/__/src/wrapper/jddiffct-8.c.o
[ 44%] Building C object sharedlib/CMakeFiles/jpeg.dir/__/src/wrapper/jddiffct-12.c.o
[ 45%] Building C object sharedlib/CMakeFiles/jpeg.dir/__/src/wrapper/jddiffct-16.c.o
[ 45%] Building C object sharedlib/CMakeFiles/jpeg.dir/__/src/jdhuff.c.o
[ 46%] Building C object sharedlib/CMakeFiles/jpeg.dir/__/src/jdicc.c.o
[ 46%] Building C object sharedlib/CMakeFiles/jpeg.dir/__/src/jdinput.c.o
[ 47%] Building C object sharedlib/CMakeFiles/jpeg.dir/__/src/jdlhuff.c.o
[ 47%] Building C object sharedlib/CMakeFiles/jpeg.dir/__/src/wrapper/jdlossls-8.c.o
[ 48%] Building C object sharedlib/CMakeFiles/jpeg.dir/__/src/wrapper/jdlossls-12.c.o
[ 48%] Building C object sharedlib/CMakeFiles/jpeg.dir/__/src/wrapper/jdlossls-16.c.o
[ 49%] Building C object sharedlib/CMakeFiles/jpeg.dir/__/src/wrapper/jdmainct-8.c.o
[ 49%] Building C object sharedlib/CMakeFiles/jpeg.dir/__/src/wrapper/jdmainct-12.c.o
[ 50%] Building C object sharedlib/CMakeFiles/jpeg.dir/__/src/wrapper/jdmainct-16.c.o
[ 51%] Building C object sharedlib/CMakeFiles/jpeg.dir/__/src/jdmarker.c.o
[ 51%] Building C object sharedlib/CMakeFiles/jpeg.dir/__/src/jdmaster.c.o
[ 52%] Building C object sharedlib/CMakeFiles/jpeg.dir/__/src/wrapper/jdmerge-8.c.o
[ 52%] Building C object sharedlib/CMakeFiles/jpeg.dir/__/src/wrapper/jdmerge-12.c.o
[ 53%] Building C object sharedlib/CMakeFiles/jpeg.dir/__/src/jdphuff.c.o
[ 53%] Building C object sharedlib/CMakeFiles/jpeg.dir/__/src/wrapper/jdpostct-8.c.o
[ 54%] Building C object sharedlib/CMakeFiles/jpeg.dir/__/src/wrapper/jdpostct-12.c.o
[ 54%] Building C object sharedlib/CMakeFiles/jpeg.dir/__/src/wrapper/jdpostct-16.c.o
[ 55%] Building C object sharedlib/CMakeFiles/jpeg.dir/__/src/wrapper/jdsample-8.c.o
[ 55%] Building C object sharedlib/CMakeFiles/jpeg.dir/__/src/wrapper/jdsample-12.c.o
[ 56%] Building C object sharedlib/CMakeFiles/jpeg.dir/__/src/wrapper/jdsample-16.c.o
[ 56%] Building C object sharedlib/CMakeFiles/jpeg.dir/__/src/jdtrans.c.o
[ 57%] Building C object sharedlib/CMakeFiles/jpeg.dir/__/src/jerror.c.o
[ 57%] Building C object sharedlib/CMakeFiles/jpeg.dir/__/src/jfdctflt.c.o
[ 58%] Building C object sharedlib/CMakeFiles/jpeg.dir/__/src/wrapper/jfdctfst-8.c.o
[ 58%] Building C object sharedlib/CMakeFiles/jpeg.dir/__/src/wrapper/jfdctfst-12.c.o
[ 59%] Building C object sharedlib/CMakeFiles/jpeg.dir/__/src/wrapper/jfdctint-8.c.o
[ 59%] Building C object sharedlib/CMakeFiles/jpeg.dir/__/src/wrapper/jfdctint-12.c.o
[ 60%] Building C object sharedlib/CMakeFiles/jpeg.dir/__/src/wrapper/jidctflt-8.c.o
[ 60%] Building C object sharedlib/CMakeFiles/jpeg.dir/__/src/wrapper/jidctflt-12.c.o
[ 61%] Building C object sharedlib/CMakeFiles/jpeg.dir/__/src/wrapper/jidctfst-8.c.o
[ 61%] Building C object sharedlib/CMakeFiles/jpeg.dir/__/src/wrapper/jidctfst-12.c.o
[ 62%] Building C object sharedlib/CMakeFiles/jpeg.dir/__/src/wrapper/jidctint-8.c.o
[ 62%] Building C object sharedlib/CMakeFiles/jpeg.dir/__/src/wrapper/jidctint-12.c.o
[ 63%] Building C object sharedlib/CMakeFiles/jpeg.dir/__/src/wrapper/jidctred-8.c.o
[ 63%] Building C object sharedlib/CMakeFiles/jpeg.dir/__/src/wrapper/jidctred-12.c.o
[ 64%] Building C object sharedlib/CMakeFiles/jpeg.dir/__/src/jmemmgr.c.o
[ 64%] Building C object sharedlib/CMakeFiles/jpeg.dir/__/src/jmemnobs.c.o
[ 65%] Building C object sharedlib/CMakeFiles/jpeg.dir/__/src/jpeg_nbits.c.o
[ 65%] Building C object sharedlib/CMakeFiles/jpeg.dir/__/src/wrapper/jquant1-8.c.o
[ 66%] Building C object sharedlib/CMakeFiles/jpeg.dir/__/src/wrapper/jquant1-12.c.o
[ 66%] Building C object sharedlib/CMakeFiles/jpeg.dir/__/src/wrapper/jquant2-8.c.o
[ 67%] Building C object sharedlib/CMakeFiles/jpeg.dir/__/src/wrapper/jquant2-12.c.o
[ 67%] Building C object sharedlib/CMakeFiles/jpeg.dir/__/src/wrapper/jutils-8.c.o
[ 68%] Building C object sharedlib/CMakeFiles/jpeg.dir/__/src/wrapper/jutils-12.c.o
[ 68%] Building C object sharedlib/CMakeFiles/jpeg.dir/__/src/wrapper/jutils-16.c.o
[ 69%] Building C object sharedlib/CMakeFiles/jpeg.dir/__/src/jaricom.c.o
[ 69%] Building C object sharedlib/CMakeFiles/jpeg.dir/__/src/jcarith.c.o
[ 70%] Building C object sharedlib/CMakeFiles/jpeg.dir/__/src/jdarith.c.o
[ 71%] Linking C shared library ../libjpeg.so
[ 71%] Built target jpeg
[ 72%] Building C object sharedlib/CMakeFiles/cjpeg.dir/__/src/cjpeg.c.o
[ 72%] Building C object sharedlib/CMakeFiles/jpegtran.dir/__/src/jpegtran.c.o
[ 73%] Building C object sharedlib/CMakeFiles/example.dir/__/src/example.c.o
[ 73%] Building C object sharedlib/CMakeFiles/djpeg.dir/__/src/djpeg.c.o
[ 73%] Linking C executable ../example
[ 74%] Building C object sharedlib/CMakeFiles/jpegtran.dir/__/src/cdjpeg.c.o
[ 74%] Built target example
[ 74%] Building C object sharedlib/CMakeFiles/cjpeg.dir/__/src/cdjpeg.c.o
[ 75%] Building C object sharedlib/CMakeFiles/jcstest.dir/__/src/jcstest.c.o
[ 75%] Linking C executable ../jcstest
[ 75%] Building C object sharedlib/CMakeFiles/jpegtran.dir/__/src/rdswitch.c.o
[ 76%] Building C object sharedlib/CMakeFiles/djpeg.dir/__/src/cdjpeg.c.o
[ 77%] Building C object sharedlib/CMakeFiles/cjpeg.dir/__/src/rdbmp.c.o
[ 77%] Built target jcstest
[ 77%] Building C object sharedlib/CMakeFiles/cjpeg.dir/__/src/rdgif.c.o
[ 77%] Building C object sharedlib/CMakeFiles/djpeg.dir/__/src/wrapper/rdcolmap-8.c.o
[ 78%] Building C object sharedlib/CMakeFiles/jpegtran.dir/__/src/transupp.c.o
[ 79%] Building C object sharedlib/CMakeFiles/djpeg.dir/__/src/wrapper/rdcolmap-12.c.o
[ 79%] Building C object sharedlib/CMakeFiles/bmpsizetest.dir/__/src/bmpsizetest.c.o
[ 80%] Building C object sharedlib/CMakeFiles/cjpeg.dir/__/src/wrapper/rdpng-8.c.o
[ 81%] Building C object sharedlib/CMakeFiles/djpeg.dir/__/src/rdswitch.c.o
[ 81%] Building C object sharedlib/CMakeFiles/djpeg.dir/__/src/wrbmp.c.o
[ 81%] Building C object sharedlib/CMakeFiles/cjpeg.dir/__/src/wrapper/rdpng-12.c.o
[ 82%] Building C object sharedlib/CMakeFiles/bmpsizetest.dir/__/src/rdbmp.c.o
[ 83%] Building C object sharedlib/CMakeFiles/djpeg.dir/__/src/wrapper/wrgif-8.c.o
[ 84%] Building C object sharedlib/CMakeFiles/cjpeg.dir/__/src/wrapper/rdpng-16.c.o
[ 84%] Building C object sharedlib/CMakeFiles/djpeg.dir/__/src/wrapper/wrgif-12.c.o
[ 84%] Building C object sharedlib/CMakeFiles/bmpsizetest.dir/__/src/wrbmp.c.o
[ 85%] Building C object sharedlib/CMakeFiles/djpeg.dir/__/src/wrapper/wrpng-8.c.o
[ 85%] Building C object sharedlib/CMakeFiles/cjpeg.dir/__/src/wrapper/rdppm-8.c.o
[ 86%] Building C object sharedlib/CMakeFiles/bmpsizetest.dir/__/src/rdgif.c.o
[ 86%] Building C object sharedlib/CMakeFiles/djpeg.dir/__/src/wrapper/wrpng-12.c.o
[ 86%] Building C object sharedlib/CMakeFiles/bmpsizetest.dir/__/src/wrapper/wrgif-8.c.o
[ 87%] Building C object sharedlib/CMakeFiles/djpeg.dir/__/src/wrapper/wrpng-16.c.o
[ 88%] Building C object sharedlib/CMakeFiles/bmpsizetest.dir/__/src/wrapper/wrgif-12.c.o
[ 89%] Building C object sharedlib/CMakeFiles/cjpeg.dir/__/src/wrapper/rdppm-12.c.o
[ 89%] Building C object sharedlib/CMakeFiles/djpeg.dir/__/src/wrapper/wrppm-8.c.o
[ 89%] Building C object sharedlib/CMakeFiles/bmpsizetest.dir/__/src/wrapper/rdpng-8.c.o
[ 90%] Building C object sharedlib/CMakeFiles/djpeg.dir/__/src/wrapper/wrppm-12.c.o
[ 91%] Building C object sharedlib/CMakeFiles/bmpsizetest.dir/__/src/wrapper/rdpng-12.c.o
[ 91%] Building C object sharedlib/CMakeFiles/djpeg.dir/__/src/wrapper/wrppm-16.c.o
[ 91%] Building C object sharedlib/CMakeFiles/cjpeg.dir/__/src/wrapper/rdppm-16.c.o
[ 91%] Linking C executable ../jpegtran
[ 91%] Built target jpegtran
[ 92%] Building C object sharedlib/CMakeFiles/djpeg.dir/__/src/wrtarga.c.o
[ 92%] Building C object sharedlib/CMakeFiles/bmpsizetest.dir/__/src/wrapper/rdpng-16.c.o
[ 92%] Linking C executable ../djpeg
[ 93%] Building C object sharedlib/CMakeFiles/bmpsizetest.dir/__/src/wrapper/wrpng-8.c.o
[ 93%] Built target djpeg
[ 93%] Building C object sharedlib/CMakeFiles/bmpsizetest.dir/__/src/wrapper/wrpng-12.c.o
[ 94%] Building C object sharedlib/CMakeFiles/cjpeg.dir/__/src/rdswitch.c.o
[ 95%] Building C object sharedlib/CMakeFiles/bmpsizetest.dir/__/src/wrapper/wrpng-16.c.o
[ 95%] Building C object sharedlib/CMakeFiles/cjpeg.dir/__/src/rdtarga.c.o
[ 95%] Building C object sharedlib/CMakeFiles/bmpsizetest.dir/__/src/wrapper/rdppm-8.c.o
[ 96%] Building C object sharedlib/CMakeFiles/bmpsizetest.dir/__/src/wrapper/rdppm-12.c.o
[ 97%] Linking C executable ../cjpeg
[ 97%] Building C object sharedlib/CMakeFiles/bmpsizetest.dir/__/src/wrapper/rdppm-16.c.o
[ 97%] Built target cjpeg
[ 98%] Building C object sharedlib/CMakeFiles/bmpsizetest.dir/__/src/wrapper/wrppm-8.c.o
[ 98%] Building C object sharedlib/CMakeFiles/bmpsizetest.dir/__/src/wrapper/wrppm-12.c.o
[ 99%] Building C object sharedlib/CMakeFiles/bmpsizetest.dir/__/src/wrapper/wrppm-16.c.o
[100%] Building C object sharedlib/CMakeFiles/bmpsizetest.dir/__/src/rdtarga.c.o
[100%] Building C object sharedlib/CMakeFiles/bmpsizetest.dir/__/src/wrtarga.c.o
[100%] Linking C executable ../bmpsizetest
[100%] Built target bmpsizetest
-- Install configuration: "Release"
-- Installing: /home/runner/work/layercraft/layercraft/native-prefix/lib/libjpeg.so
-- Installing: /home/runner/work/layercraft/layercraft/native-prefix/bin/cjpeg
-- Installing: /home/runner/work/layercraft/layercraft/native-prefix/bin/djpeg
-- Installing: /home/runner/work/layercraft/layercraft/native-prefix/bin/jpegtran
-- Installing: /home/runner/work/layercraft/layercraft/native-prefix/bin/rdjpgcom
-- Installing: /home/runner/work/layercraft/layercraft/native-prefix/bin/wrjpgcom
-- Installing: /home/runner/work/layercraft/layercraft/native-prefix/share/doc/libjpeg-turbo/README.ijg
-- Installing: /home/runner/work/layercraft/layercraft/native-prefix/share/doc/libjpeg-turbo/README.md
-- Installing: /home/runner/work/layercraft/layercraft/native-prefix/share/doc/libjpeg-turbo/example.c
-- Installing: /home/runner/work/layercraft/layercraft/native-prefix/share/doc/libjpeg-turbo/libjpeg.txt
-- Installing: /home/runner/work/layercraft/layercraft/native-prefix/share/doc/libjpeg-turbo/structure.txt
-- Installing: /home/runner/work/layercraft/layercraft/native-prefix/share/doc/libjpeg-turbo/usage.txt
-- Installing: /home/runner/work/layercraft/layercraft/native-prefix/share/doc/libjpeg-turbo/wizard.txt
-- Installing: /home/runner/work/layercraft/layercraft/native-prefix/share/doc/libjpeg-turbo/LICENSE.md
-- Installing: /home/runner/work/layercraft/layercraft/native-prefix/share/man/man1/cjpeg.1
-- Installing: /home/runner/work/layercraft/layercraft/native-prefix/share/man/man1/djpeg.1
-- Installing: /home/runner/work/layercraft/layercraft/native-prefix/share/man/man1/jpegtran.1
-- Installing: /home/runner/work/layercraft/layercraft/native-prefix/share/man/man1/rdjpgcom.1
-- Installing: /home/runner/work/layercraft/layercraft/native-prefix/share/man/man1/wrjpgcom.1
-- Installing: /home/runner/work/layercraft/layercraft/native-prefix/lib/pkgconfig/libjpeg.pc
-- Installing: /home/runner/work/layercraft/layercraft/native-prefix/lib/cmake/libjpeg-turbo/libjpeg-turboConfig.cmake
-- Installing: /home/runner/work/layercraft/layercraft/native-prefix/lib/cmake/libjpeg-turbo/libjpeg-turboConfigVersion.cmake
-- Installing: /home/runner/work/layercraft/layercraft/native-prefix/lib/cmake/libjpeg-turbo/libjpeg-turboTargets.cmake
-- Installing: /home/runner/work/layercraft/layercraft/native-prefix/lib/cmake/libjpeg-turbo/libjpeg-turboTargets-release.cmake
-- Installing: /home/runner/work/layercraft/layercraft/native-prefix/include/jconfig.h
-- Installing: /home/runner/work/layercraft/layercraft/native-prefix/include/jerror.h
-- Installing: /home/runner/work/layercraft/layercraft/native-prefix/include/jmorecfg.h
-- Installing: /home/runner/work/layercraft/layercraft/native-prefix/include/jpeglib.h
== [4/6] libpng (gegl hard dep, no meson-wrap fallback; needs zlib from NDK sysroot) ==
Cloning into '/tmp/tmp.7RSW7NKsa3/libpng'...
-- The C compiler identification is Clang 21.0.0
-- Detecting C compiler ABI info
-- Detecting C compiler ABI info - done
-- Check for working C compiler: /usr/local/lib/android/sdk/ndk/29.0.14206865/toolchains/llvm/prebuilt/linux-x86_64/bin/clang - skipped
-- Detecting C compile features
-- Detecting C compile features - done
-- Building for target architecture: aarch64
-- Found ZLIB: /usr/local/lib/android/sdk/ndk/29.0.14206865/toolchains/llvm/prebuilt/linux-x86_64/sysroot/usr/lib/aarch64-linux-android/28/libz.so (found version "1.3.0.1")
-- Looking for pow in m
-- Looking for pow in m - found
-- Using standard libconf header: /tmp/tmp.7RSW7NKsa3/libpng/pnglibconf.h.prebuilt
-- Configuring done (0.3s)
-- Generating done (0.0s)
-- Build files have been written to: /tmp/tmp.7RSW7NKsa3/libpng/_build-arm64-v8a
[  0%] Built target png_genfiles
[  5%] Building C object CMakeFiles/png_shared.dir/png.c.o
[ 11%] Building C object CMakeFiles/png_shared.dir/pngerror.c.o
[ 17%] Building C object CMakeFiles/png_shared.dir/pngget.c.o
[ 23%] Building C object CMakeFiles/png_shared.dir/pngmem.c.o
[ 29%] Building C object CMakeFiles/png_shared.dir/pngpread.c.o
[ 35%] Building C object CMakeFiles/png_shared.dir/pngread.c.o
[ 41%] Building C object CMakeFiles/png_shared.dir/pngrio.c.o
[ 47%] Building C object CMakeFiles/png_shared.dir/pngrtran.c.o
[ 52%] Building C object CMakeFiles/png_shared.dir/pngrutil.c.o
[ 58%] Building C object CMakeFiles/png_shared.dir/pngset.c.o
[ 64%] Building C object CMakeFiles/png_shared.dir/pngtrans.c.o
[ 70%] Building C object CMakeFiles/png_shared.dir/pngwio.c.o
[ 76%] Building C object CMakeFiles/png_shared.dir/pngwrite.c.o
[ 82%] Building C object CMakeFiles/png_shared.dir/pngwtran.c.o
[ 88%] Building C object CMakeFiles/png_shared.dir/pngwutil.c.o
[ 94%] Building C object CMakeFiles/png_shared.dir/pngsimd.c.o
[100%] Linking C shared library libpng18.so
[100%] Built target png_shared
-- Install configuration: "Release"
-- Installing: /home/runner/work/layercraft/layercraft/native-prefix/lib/libpng18.so
-- Installing: /home/runner/work/layercraft/layercraft/native-prefix/lib/libpng.so
-- Installing: /home/runner/work/layercraft/layercraft/native-prefix/include/png.h
-- Installing: /home/runner/work/layercraft/layercraft/native-prefix/include/pngconf.h
-- Installing: /home/runner/work/layercraft/layercraft/native-prefix/include/pnglibconf.h
-- Installing: /home/runner/work/layercraft/layercraft/native-prefix/include/libpng18/png.h
-- Installing: /home/runner/work/layercraft/layercraft/native-prefix/include/libpng18/pngconf.h
-- Installing: /home/runner/work/layercraft/layercraft/native-prefix/include/libpng18/pnglibconf.h
-- Installing: /home/runner/work/layercraft/layercraft/native-prefix/bin/libpng-config
-- Installing: /home/runner/work/layercraft/layercraft/native-prefix/bin/libpng18-config
-- Installing: /home/runner/work/layercraft/layercraft/native-prefix/share/man/man3/libpng.3
-- Installing: /home/runner/work/layercraft/layercraft/native-prefix/share/man/man5/png.5
-- Installing: /home/runner/work/layercraft/layercraft/native-prefix/lib/pkgconfig/libpng.pc
-- Up-to-date: /home/runner/work/layercraft/layercraft/native-prefix/bin/libpng-config
-- Installing: /home/runner/work/layercraft/layercraft/native-prefix/lib/pkgconfig/libpng18.pc
-- Up-to-date: /home/runner/work/layercraft/layercraft/native-prefix/bin/libpng18-config
-- Installing: /home/runner/work/layercraft/layercraft/native-prefix/lib/libpng/libpng18.cmake
-- Installing: /home/runner/work/layercraft/layercraft/native-prefix/lib/libpng/libpng18-release.cmake
-- Up-to-date: /home/runner/work/layercraft/layercraft/native-prefix/lib/libpng18.so
-- Installing: /home/runner/work/layercraft/layercraft/native-prefix/lib/cmake/PNG/PNGTargets.cmake
-- Installing: /home/runner/work/layercraft/layercraft/native-prefix/lib/cmake/PNG/PNGTargets-release.cmake
-- Installing: /home/runner/work/layercraft/layercraft/native-prefix/lib/cmake/PNG/PNGConfig.cmake
-- Installing: /home/runner/work/layercraft/layercraft/native-prefix/lib/cmake/PNG/PNGConfigVersion.cmake
== [5/6] babl ==
Cloning into '/tmp/tmp.7RSW7NKsa3/babl'...
DEPRECATION: "pkgconfig" entry is deprecated and should be replaced by "pkg-config"
The Meson build system
Version: 1.12.0
Source dir: /tmp/tmp.7RSW7NKsa3/babl
Build dir: /tmp/tmp.7RSW7NKsa3/babl/_build-arm64-v8a
Build type: cross build
Project name: babl
Project version: 0.1.129
C compiler for the host machine: /usr/local/lib/android/sdk/ndk/29.0.14206865/toolchains/llvm/prebuilt/linux-x86_64/bin/aarch64-linux-android28-clang (clang 21.0.0 "Android (13989888, +pgo, +bolt, +lto, +mlgo, based on r563880c) clang version 21.0.0 (https://android.googlesource.com/toolchain/llvm-project 5e96669f06077099aa41290cdb4c5e6fa0f59349)")
C linker for the host machine: /usr/local/lib/android/sdk/ndk/29.0.14206865/toolchains/llvm/prebuilt/linux-x86_64/bin/aarch64-linux-android28-clang ld.lld 21.0.0
C compiler for the build machine: cc (gcc 13.3.0 "cc (Ubuntu 13.3.0-6ubuntu2~24.04.1) 13.3.0")
C linker for the build machine: cc ld.bfd 2.42
Build machine cpu family: x86_64
Build machine cpu: x86_64
Host machine cpu family: aarch64
Host machine cpu: aarch64
Target machine cpu family: aarch64
Target machine cpu: aarch64
Program python3 found: YES (/usr/bin/python3)
Message: Host os: android
Message: Build os: linux
Compiler for C supports arguments -fno-unsafe-math-optimizations: YES 
Compiler for C supports arguments -ftree-vectorize: YES 
Compiler for C supports arguments -Wdeclaration-after-statement: YES 
Compiler for C supports arguments -Winit-self: YES 
Compiler for C supports arguments -Wmissing-declarations: YES 
Compiler for C supports arguments -Wmissing-prototypes: YES 
Compiler for C supports arguments -Wold-style-definition: YES 
Compiler for C supports arguments -Wpointer-arith: YES 
Compiler for C supports arguments -mfpu=neon-fp-armv8: NO 
Compiler for C supports arguments -ftree-vectorize: YES (cached)
Compiler for C supports arguments -mmmx: NO 
Has header "stdatomic.h" : YES 
Has header "dlfcn.h" : YES 
Has header "dl.h" : NO 
Checking for function "gettimeofday" : YES 
Checking for function "srandom" : YES 
Library m found: YES
Run-time dependency threads found: YES
Library log found: YES
Library dl found: YES
Found pkg-config: YES (/usr/bin/pkg-config) 1.8.1
Found CMake: NO
Run-time dependency gobject-introspection-1.0 found: NO  (tried pkg-config and cmake)
Run-time dependency lcms2 found: NO  (tried pkg-config and cmake)
Run-time dependency vapigen found: NO  (tried pkg-config and cmake)
Program git found: YES (/usr/bin/git)
Program rsvg-convert found: NO
Program w3m found: NO
Program gi-docgen found: NO
Configuring config.h using configuration
Program tools/gen_babl_map.py found: YES (/usr/bin/python3 /tmp/tmp.7RSW7NKsa3/babl/tools/gen_babl_map.py)
Checking if "-Wl,--version-script" links: YES 
Configuring babl-version.h using configuration
Program nm found: YES (/usr/bin/nm)
Found pkg-config: YES (/usr/bin/pkg-config) 1.8.1
Build targets in project: 73
NOTICE: Future-deprecated features used:
 * 0.62.0: {'pkgconfig.generate variable for builtin directories'}

babl 0.1.129

  Directories
    prefix                  : /home/runner/work/layercraft/layercraft/native-prefix
    libdir                  : lib

  Optional features
    BABL docs (babl website): false
    gi-docgen               : false
    Introspection           : false
    VALA support            : false
    Debug symbols format    : Disabled
    relocatable             : false

  Processor extensions
    mmx                     : false
    sse                     : false
    sse2                    : false
    sse4_1                  : false
    avx2                    : false
    f16c (half fp)          : false

  Optional dependencies
    lcms                    : false

  User defined options
    Cross files             : /tmp/tmp.7RSW7NKsa3/android-arm64-v8a.ini
    buildtype               : release
    default_library         : shared
    enable-gir              : false
    libdir                  : lib
    prefix                  : /home/runner/work/layercraft/layercraft/native-prefix
    with-docs               : false
    wrap_mode               : default

Found ninja-1.13.2 at /usr/local/bin/ninja
ninja: Entering directory `/tmp/tmp.7RSW7NKsa3/babl/_build-arm64-v8a'
[1/190] Compiling C object babl/base/libbabl_base.a.p/babl-base.c.o
[2/190] Compiling C object babl/base/libbabl_base.a.p/formats.c.o
[3/190] Generating git-version.h with a custom command
[4/190] Compiling C object babl/base/libbabl_base.a.p/model-ycbcr.c.o
[5/190] Compiling C object babl/base/libbabl_base.a.p/pow-24.c.o
[6/190] Compiling C object babl/base/libbabl_base.a.p/model-cmyk.c.o
[7/190] Compiling C object babl/base/libbabl_base.a.p/type-float.c.o
[8/190] Compiling C object babl/base/libbabl_base.a.p/type-half.c.o
[9/190] Compiling C object babl/base/libbabl_base.a.p/type-u15.c.o
[10/190] Compiling C object babl/base/libbabl_base.a.p/type-u16.c.o
[11/190] Compiling C object babl/base/libbabl_base.a.p/type-u32.c.o
[12/190] Compiling C object babl/base/libbabl_base.a.p/type-u8.c.o
[13/190] Compiling C object babl/base/libbabl_base.a.p/model-rgb.c.o
[14/190] Compiling C object babl/base/libbabl_base.a.p/model-gray.c.o
[15/190] Generating babl/babl.map with a custom command
[16/190] Compiling C object babl/libbabl-0.1.so.p/babl-component.c.o
[17/190] Compiling C object babl/libbabl-0.1.so.p/babl-cache.c.o
[18/190] Compiling C object babl/base/libbabl_base.a.p/babl-trc.c.o
[19/190] Compiling C object babl/base/libbabl_base.a.p/babl-rgb-converter.c.o
[20/190] Linking static target babl/base/libbabl_base.a
[21/190] Compiling C object babl/libbabl-0.1.so.p/babl-cpuaccel.c.o
[22/190] Compiling C object babl/libbabl-0.1.so.p/babl-core.c.o
[23/190] Compiling C object babl/libbabl-0.1.so.p/babl-db.c.o
[24/190] Compiling C object babl/libbabl-0.1.so.p/babl-conversion.c.o
[25/190] Compiling C object babl/libbabl-0.1.so.p/babl-extension.c.o
[26/190] Compiling C object babl/libbabl-0.1.so.p/babl-fish-simple.c.o
[27/190] Compiling C object babl/libbabl-0.1.so.p/babl-fish.c.o
[28/190] Compiling C object babl/libbabl-0.1.so.p/babl-hash-table.c.o
[29/190] Compiling C object babl/libbabl-0.1.so.p/babl-format.c.o
[30/190] Compiling C object babl/libbabl-0.1.so.p/babl-fish-reference.c.o
[31/190] Compiling C object babl/libbabl-0.1.so.p/babl-fish-path.c.o
[32/190] Compiling C object babl/libbabl-0.1.so.p/babl-image.c.o
[33/190] Compiling C object babl/libbabl-0.1.so.p/babl-internal.c.o
[34/190] Compiling C object babl/libbabl-0.1.so.p/babl-introspect.c.o
[35/190] Compiling C object babl/libbabl-0.1.so.p/babl-list.c.o
[36/190] Compiling C object babl/libbabl-0.1.so.p/babl-memory.c.o
[37/190] Compiling C object babl/libbabl-0.1.so.p/babl-mutex.c.o
[38/190] Compiling C object babl/libbabl-0.1.so.p/babl-model.c.o
[39/190] Compiling C object babl/libbabl-0.1.so.p/babl-ref-pixels.c.o
[40/190] Compiling C object babl/libbabl-0.1.so.p/babl-palette.c.o
[41/190] Compiling C object babl/libbabl-0.1.so.p/babl-sampling.c.o
[42/190] Compiling C object babl/libbabl-0.1.so.p/babl-sanity.c.o
[43/190] Compiling C object babl/libbabl-0.1.so.p/babl-polynomial.c.o
[44/190] Compiling C object babl/libbabl-0.1.so.p/babl-shared-util.c.o
[45/190] Compiling C object babl/libbabl-0.1.so.p/babl-icc.c.o
[46/190] Compiling C object babl/libbabl-0.1.so.p/babl-type.c.o
[47/190] Compiling C object babl/libbabl-0.1.so.p/babl-version.c.o
[48/190] Compiling C object babl/libbabl-0.1.so.p/babl-util.c.o
[49/190] Compiling C object babl/libbabl-0.1.so.p/babl.c.o
[50/190] Compiling C object extensions/u16.so.p/u16.c.o
[51/190] Compiling C object babl/libbabl-0.1.so.p/babl-space.c.o
[52/190] Linking target babl/libbabl-0.1.so
[53/190] Compiling C object extensions/u32.so.p/u32.c.o
[54/190] Generating symbol file babl/libbabl-0.1.so.p/libbabl-0.1.so.symbols
[55/190] Compiling C object extensions/cairo.so.p/cairo.c.o
[56/190] Compiling C object extensions/oklab.so.p/oklab.c.o
[57/190] Compiling C object extensions/fast-float.so.p/fast-float.c.o
[58/190] Compiling C object extensions/double.so.p/double.c.o
[59/190] Compiling C object extensions/formats.so.p/formats.c.o
[60/190] Compiling C object extensions/half.so.p/half.c.o
[61/190] Compiling C object extensions/float.so.p/float.c.o
[62/190] Compiling C object extensions/gegl-fixups.so.p/gegl-fixups.c.o
[63/190] Compiling C object extensions/CIE.so.p/CIE.c.o
[64/190] Compiling C object extensions/gggl-table-lies.so.p/gggl-table-lies.c.o
[65/190] Compiling C object extensions/gggl-lies.so.p/gggl-lies.c.o
[66/190] Compiling C object extensions/gggl-table.so.p/gggl-table.c.o
[67/190] Compiling C object extensions/HCY.so.p/HCY.c.o
[68/190] Compiling C object extensions/grey.so.p/grey.c.o
[69/190] Compiling C object extensions/HSV.so.p/HSV.c.o
[70/190] Compiling C object extensions/gimp-8bit.so.p/gimp-8bit.c.o
[71/190] Compiling C object extensions/HSL.so.p/HSL.c.o
[72/190] Compiling C object extensions/naive-CMYK.so.p/naive-CMYK.c.o
[73/190] Compiling C object extensions/sse-half.so.p/sse-half.c.o
[74/190] Compiling C object extensions/sse2-float.so.p/sse2-float.c.o
[75/190] Compiling C object extensions/sse2-int16.so.p/sse2-int16.c.o
[76/190] Compiling C object extensions/sse2-int8.so.p/sse2-int8.c.o
[77/190] Compiling C object extensions/sse4-int8.so.p/sse4-int8.c.o
[78/190] Compiling C object extensions/avx2-int8.so.p/avx2-int8.c.o
[79/190] Compiling C object extensions/gggl.so.p/gggl.c.o
[80/190] Compiling C object tests/babl_class_name.p/babl_class_name.c.o
[81/190] Compiling C object extensions/ycbcr.so.p/ycbcr.c.o
[82/190] Compiling C object extensions/two-table.so.p/two-table.c.o
[83/190] Compiling C object tests/cairo_cmyk_hack.p/cairo_cmyk_hack.c.o
[84/190] Compiling C object tests/cairo-RGB24.p/cairo-RGB24.c.o
[85/190] Compiling C object extensions/simple.so.p/simple.c.o
[86/190] Compiling C object tests/cmyk.p/cmyk.c.o
[87/190] Compiling C object tests/conversions.p/conversions.c.o
[88/190] Compiling C object tests/chromaticities.p/chromaticities.c.o
[89/190] Compiling C object tests/extract.p/extract.c.o
[90/190] Compiling C object tests/floatclamp.p/floatclamp.c.o
[91/190] Compiling C object tests/format_with_space.p/format_with_space.c.o
[92/190] Compiling C object tests/hsl.p/hsl.c.o
[93/190] Compiling C object tests/float-to-8bit.p/float-to-8bit.c.o
[94/190] Compiling C object tests/grayscale_to_rgb.p/grayscale_to_rgb.c.o
[95/190] Compiling C object tests/hsva.p/hsva.c.o
[96/190] Compiling C object tests/models.p/models.c.o
[97/190] Compiling C object tests/n_components.p/n_components.c.o
[98/190] Compiling C object tests/nop.p/nop.c.o
[99/190] Compiling C object tests/n_components_cast.p/n_components_cast.c.o
[100/190] Compiling C object tests/rgb_to_bgr.p/rgb_to_bgr.c.o
[101/190] Compiling C object tests/rgb_to_ycbcr.p/rgb_to_ycbcr.c.o
[102/190] Compiling C object tests/sanity.p/sanity.c.o
[103/190] Compiling C object tests/palette.p/palette.c.o
[104/190] Compiling C object tests/srgb_to_lab_u8.p/srgb_to_lab_u8.c.o
[105/190] Compiling C object tests/transparent.p/transparent.c.o
[106/190] Compiling C object tests/types.p/types.c.o
[107/190] Compiling C object tests/alpha_symmetric_transform.p/alpha_symmetric_transform.c.o
[108/190] Compiling C object tests/xyz_to_lab.p/xyz_to_lab.c.o
[109/190] Compiling C object tools/babl_fish_path_fitness.p/babl_fish_path_fitness.c.o
[110/190] Compiling C object tools/babl-lut-verify.p/babl-lut-verify.c.o
[111/190] Compiling C object tools/babl-icc-rewrite.p/babl-icc-rewrite.c.o
[112/190] Compiling C object tools/babl-verify.p/babl-verify.c.o
[113/190] Compiling C object tools/conversions.p/conversions.c.o
[114/190] Compiling C object tools/formats.p/formats.c.o
[115/190] Compiling C object tools/introspect.p/introspect.c.o
[116/190] Compiling C object tools/trc-validator.p/trc-validator.c.o
[117/190] Compiling C object tools/babl-gen-test-pixels.p/babl-gen-test-pixels.c.o
[118/190] Compiling C object tools/babl-icc-dump.p/babl-icc-dump.c.o
[119/190] Compiling C object bin/babl.p/.._babl_babl-shared-util.c.o
[120/190] Compiling C object tools/babl-benchmark.p/babl-benchmark.c.o
[121/190] Linking target extensions/u16.so
[122/190] Linking target extensions/u32.so
[123/190] Linking target extensions/cairo.so
[124/190] Linking target extensions/oklab.so
[125/190] Compiling C object bin/babl.p/babl.c.o
[126/190] Linking target extensions/double.so
[127/190] Linking target extensions/CIE.so
[128/190] Linking target extensions/fast-float.so
[129/190] Linking target extensions/half.so
[130/190] Linking target extensions/float.so
[131/190] Linking target extensions/formats.so
[132/190] Linking target extensions/gegl-fixups.so
[133/190] Linking target extensions/gggl-lies.so
[134/190] Linking target extensions/gggl.so
[135/190] Linking target extensions/gggl-table.so
[136/190] Linking target extensions/gggl-table-lies.so
[137/190] Linking target extensions/gimp-8bit.so
[138/190] Linking target extensions/HSL.so
[139/190] Linking target extensions/grey.so
[140/190] Linking target extensions/HCY.so
[141/190] Linking target extensions/HSV.so
[142/190] Linking target extensions/simple.so
[143/190] Linking target extensions/naive-CMYK.so
[144/190] Linking target extensions/sse-half.so
[145/190] Linking target extensions/sse2-float.so
[146/190] Linking target extensions/sse2-int16.so
[147/190] Linking target extensions/sse4-int8.so
[148/190] Linking target extensions/sse2-int8.so
[149/190] Linking target extensions/ycbcr.so
[150/190] Linking target extensions/two-table.so
[151/190] Linking target extensions/avx2-int8.so
[152/190] Linking target tests/babl_class_name
[153/190] Linking target tests/cairo-RGB24
[154/190] Linking target tests/cairo_cmyk_hack
[155/190] Linking target tests/cmyk
[156/190] Linking target tests/chromaticities
[157/190] Linking target tests/extract
[158/190] Linking target tests/floatclamp
[159/190] Linking target tests/conversions
[160/190] Linking target tests/float-to-8bit
[161/190] Linking target tests/format_with_space
[162/190] Linking target tests/hsl
[163/190] Linking target tests/grayscale_to_rgb
[164/190] Linking target tests/hsva
[165/190] Linking target tests/models
[166/190] Linking target tests/n_components
[167/190] Linking target tests/n_components_cast
[168/190] Linking target tests/nop
[169/190] Linking target tests/palette
[170/190] Linking target tests/rgb_to_bgr
[171/190] Linking target tests/rgb_to_ycbcr
[172/190] Linking target tests/sanity
[173/190] Linking target tests/srgb_to_lab_u8
[174/190] Linking target tests/transparent
[175/190] Linking target tests/alpha_symmetric_transform
[176/190] Linking target tests/types
[177/190] Linking target tests/xyz_to_lab
[178/190] Linking target tools/babl_fish_path_fitness
[179/190] Linking target tools/babl-lut-verify
[180/190] Linking target tools/babl-icc-dump
[181/190] Linking target tools/babl-icc-rewrite
[182/190] Linking target tools/babl-benchmark
[183/190] Linking target tools/babl-verify
[184/190] Linking target tools/formats
[185/190] Linking target tools/trc-validator
[186/190] Linking target tools/introspect
[187/190] Linking target tools/conversions
[188/190] Linking target bin/babl
[189/190] Linking target tools/babl-gen-test-pixels
[190/190] Generating check-def-files with a custom command (wrapped by meson to set env)
INFO: autodetecting backend as ninja
INFO: calculating backend command to run: /usr/local/bin/ninja -C /tmp/tmp.7RSW7NKsa3/babl/_build-arm64-v8a -j 4
ninja: Entering directory `/tmp/tmp.7RSW7NKsa3/babl/_build-arm64-v8a'
[1/73] Generating git-version.h with a custom command
[2/2] Generating check-def-files with a custom command (wrapped by meson to set env)
Installing babl/libbabl-0.1.so to /home/runner/work/layercraft/layercraft/native-prefix/lib
Installing extensions/u16.so to /home/runner/work/layercraft/layercraft/native-prefix/lib/babl-0.1
Installing extensions/u32.so to /home/runner/work/layercraft/layercraft/native-prefix/lib/babl-0.1
Installing extensions/cairo.so to /home/runner/work/layercraft/layercraft/native-prefix/lib/babl-0.1
Installing extensions/oklab.so to /home/runner/work/layercraft/layercraft/native-prefix/lib/babl-0.1
Installing extensions/CIE.so to /home/runner/work/layercraft/layercraft/native-prefix/lib/babl-0.1
Installing extensions/double.so to /home/runner/work/layercraft/layercraft/native-prefix/lib/babl-0.1
Installing extensions/fast-float.so to /home/runner/work/layercraft/layercraft/native-prefix/lib/babl-0.1
Installing extensions/half.so to /home/runner/work/layercraft/layercraft/native-prefix/lib/babl-0.1
Installing extensions/float.so to /home/runner/work/layercraft/layercraft/native-prefix/lib/babl-0.1
Installing extensions/formats.so to /home/runner/work/layercraft/layercraft/native-prefix/lib/babl-0.1
Installing extensions/gegl-fixups.so to /home/runner/work/layercraft/layercraft/native-prefix/lib/babl-0.1
Installing extensions/gggl-lies.so to /home/runner/work/layercraft/layercraft/native-prefix/lib/babl-0.1
Installing extensions/gggl-table-lies.so to /home/runner/work/layercraft/layercraft/native-prefix/lib/babl-0.1
Installing extensions/gggl-table.so to /home/runner/work/layercraft/layercraft/native-prefix/lib/babl-0.1
Installing extensions/gggl.so to /home/runner/work/layercraft/layercraft/native-prefix/lib/babl-0.1
Installing extensions/gimp-8bit.so to /home/runner/work/layercraft/layercraft/native-prefix/lib/babl-0.1
Installing extensions/grey.so to /home/runner/work/layercraft/layercraft/native-prefix/lib/babl-0.1
Installing extensions/HCY.so to /home/runner/work/layercraft/layercraft/native-prefix/lib/babl-0.1
Installing extensions/HSL.so to /home/runner/work/layercraft/layercraft/native-prefix/lib/babl-0.1
Installing extensions/HSV.so to /home/runner/work/layercraft/layercraft/native-prefix/lib/babl-0.1
Installing extensions/naive-CMYK.so to /home/runner/work/layercraft/layercraft/native-prefix/lib/babl-0.1
Installing extensions/simple.so to /home/runner/work/layercraft/layercraft/native-prefix/lib/babl-0.1
Installing extensions/sse-half.so to /home/runner/work/layercraft/layercraft/native-prefix/lib/babl-0.1
Installing extensions/sse2-float.so to /home/runner/work/layercraft/layercraft/native-prefix/lib/babl-0.1
Installing extensions/sse2-int16.so to /home/runner/work/layercraft/layercraft/native-prefix/lib/babl-0.1
Installing extensions/sse2-int8.so to /home/runner/work/layercraft/layercraft/native-prefix/lib/babl-0.1
Installing extensions/sse4-int8.so to /home/runner/work/layercraft/layercraft/native-prefix/lib/babl-0.1
Installing extensions/avx2-int8.so to /home/runner/work/layercraft/layercraft/native-prefix/lib/babl-0.1
Installing extensions/two-table.so to /home/runner/work/layercraft/layercraft/native-prefix/lib/babl-0.1
Installing extensions/ycbcr.so to /home/runner/work/layercraft/layercraft/native-prefix/lib/babl-0.1
Installing bin/babl to /home/runner/work/layercraft/layercraft/native-prefix/bin
Installing /tmp/tmp.7RSW7NKsa3/babl/babl/babl-introspect.h to /home/runner/work/layercraft/layercraft/native-prefix/include/babl-0.1/babl
Installing /tmp/tmp.7RSW7NKsa3/babl/babl/babl-macros.h to /home/runner/work/layercraft/layercraft/native-prefix/include/babl-0.1/babl
Installing /tmp/tmp.7RSW7NKsa3/babl/babl/babl-types.h to /home/runner/work/layercraft/layercraft/native-prefix/include/babl-0.1/babl
Installing /tmp/tmp.7RSW7NKsa3/babl/babl/babl.h to /home/runner/work/layercraft/layercraft/native-prefix/include/babl-0.1/babl
Installing /tmp/tmp.7RSW7NKsa3/babl/_build-arm64-v8a/babl/babl-version.h to /home/runner/work/layercraft/layercraft/native-prefix/include/babl-0.1/babl
Installing /tmp/tmp.7RSW7NKsa3/babl/_build-arm64-v8a/meson-private/babl-0.1.pc to /home/runner/work/layercraft/layercraft/native-prefix/lib/pkgconfig
== [6/6] gegl ==
Cloning into '/tmp/tmp.7RSW7NKsa3/gegl'...
DEPRECATION: "pkgconfig" entry is deprecated and should be replaced by "pkg-config"
The Meson build system
Version: 1.12.0
Source dir: /tmp/tmp.7RSW7NKsa3/gegl
Build dir: /tmp/tmp.7RSW7NKsa3/gegl/_build-arm64-v8a
Build type: cross build
Project name: gegl
Project version: 0.4.71
C compiler for the host machine: /usr/local/lib/android/sdk/ndk/29.0.14206865/toolchains/llvm/prebuilt/linux-x86_64/bin/aarch64-linux-android28-clang (clang 21.0.0 "Android (13989888, +pgo, +bolt, +lto, +mlgo, based on r563880c) clang version 21.0.0 (https://android.googlesource.com/toolchain/llvm-project 5e96669f06077099aa41290cdb4c5e6fa0f59349)")
C linker for the host machine: /usr/local/lib/android/sdk/ndk/29.0.14206865/toolchains/llvm/prebuilt/linux-x86_64/bin/aarch64-linux-android28-clang ld.lld 21.0.0
C++ compiler for the host machine: /usr/local/lib/android/sdk/ndk/29.0.14206865/toolchains/llvm/prebuilt/linux-x86_64/bin/aarch64-linux-android28-clang++ (clang 21.0.0 "Android (13989888, +pgo, +bolt, +lto, +mlgo, based on r563880c) clang version 21.0.0 (https://android.googlesource.com/toolchain/llvm-project 5e96669f06077099aa41290cdb4c5e6fa0f59349)")
C++ linker for the host machine: /usr/local/lib/android/sdk/ndk/29.0.14206865/toolchains/llvm/prebuilt/linux-x86_64/bin/aarch64-linux-android28-clang++ ld.lld 21.0.0
C compiler for the build machine: cc (gcc 13.3.0 "cc (Ubuntu 13.3.0-6ubuntu2~24.04.1) 13.3.0")
C linker for the build machine: cc ld.bfd 2.42
C++ compiler for the build machine: c++ (gcc 13.3.0 "c++ (Ubuntu 13.3.0-6ubuntu2~24.04.1) 13.3.0")
C++ linker for the build machine: c++ ld.bfd 2.42
Build machine cpu family: x86_64
Build machine cpu: x86_64
Host machine cpu family: aarch64
Host machine cpu: aarch64
Target machine cpu family: aarch64
Target machine cpu: aarch64
Program python3 found: YES (/usr/bin/python3)
Compiler for C supports arguments -ftree-vectorize: YES 
Compiler for C supports arguments -mfpu=neon-fp-armv8: NO 
Compiler for C supports arguments -ftree-vectorize: YES (cached)
Compiler for C supports arguments -DHAVE_CONFIG_H: YES 
Compiler for C supports arguments -Winit-self: YES 
Compiler for C supports arguments -Wmissing-declarations: YES 
Compiler for C supports arguments -Wpointer-arith: YES 
Compiler for C supports arguments -Wno-unused-parameter: YES 
Compiler for C supports arguments -Wno-cast-function-type: YES 
Compiler for C supports arguments -ftree-vectorize: YES (cached)
Compiler for C supports arguments -ftree-vectorize: YES (cached)
Compiler for C supports arguments -Wmissing-prototypes: YES 
Compiler for C supports arguments -Wold-style-definition: YES 
Compiler for C++ supports arguments -DHAVE_CONFIG_H: YES 
Compiler for C++ supports arguments -Winit-self: YES 
Compiler for C++ supports arguments -Wmissing-declarations: YES 
Compiler for C++ supports arguments -Wpointer-arith: YES 
Compiler for C++ supports arguments -Wno-unused-parameter: YES 
Compiler for C++ supports arguments -Wno-cast-function-type: YES 
Compiler for C++ supports arguments -ftree-vectorize: YES 
Compiler for C++ supports arguments -ftree-vectorize: YES (cached)
Checking if "GNU C variadic macros extension" compiles: YES 
Program asciidoc found: NO
Program dot found: NO
Program gtkdoc-scan found: NO
Program source-highlight found: NO
Program w3m found: NO
Has header "unistd.h" : YES 
Has header "execinfo.h" : YES 
Checking for function "fsync" : YES 
Checking for function "malloc_trim" : NO 
Checking for function "strptime" : YES 
Library m found: YES
Library dl found: YES
Run-time dependency threads found: YES
Found pkg-config: YES (/usr/bin/pkg-config) 1.8.1
Run-time dependency babl-0.1 found: YES 0.1.129
Run-time dependency glib-2.0 found: YES 2.89.4
Run-time dependency gobject-2.0 found: YES 2.89.4
Run-time dependency gmodule-2.0 found: YES 2.89.4
Run-time dependency gthread-2.0 found: YES 2.89.4
Run-time dependency gio-2.0 found: YES 2.89.4
Run-time dependency gio-unix-2.0 found: YES 2.89.4
Run-time dependency json-glib-1.0 found: YES 1.10.9
Run-time dependency libjpeg found: YES 3.2.1
WARNING: Pkg-config error with 'libpng': Could not generate cflags for libpng:
Package zlib was not found in the pkg-config search path.
Perhaps you should add the directory containing `zlib.pc'
to the PKG_CONFIG_PATH environment variable
Package 'zlib', required by 'libpng', not found

Found CMake: NO
Run-time dependency libpng found: NO 

../../../../../tmp/tmp.7RSW7NKsa3/gegl/meson.build:388:12: ERROR: Dependency lookup for libpng with method 'pkg-config' failed: Could not generate cflags for libpng:
Package zlib was not found in the pkg-config search path.
Perhaps you should add the directory containing `zlib.pc'
to the PKG_CONFIG_PATH environment variable
Package 'zlib', required by 'libpng', not found


A full log can be found at /tmp/tmp.7RSW7NKsa3/gegl/_build-arm64-v8a/meson-logs/meson-log.txt
::group::==== CI platform detected, click here for meson-log.txt contents. ====
Build started at 2026-09-04T01:15:19.615249
Main binary: /usr/bin/python3
Build Options: -Dbuildtype=release -Dprefix=/home/runner/work/layercraft/layercraft/native-prefix -Dlibdir=lib -Ddefault_library=shared -Dwrap_mode=default -Dintrospection=false -Ddocs=false -Dworkshop=false -Dcairo=disabled -Dgtk-doc=false --cross-file=/tmp/tmp.7RSW7NKsa3/android-arm64-v8a.ini
Python system: Linux
The Meson build system
Version: 1.12.0
Source dir: /tmp/tmp.7RSW7NKsa3/gegl
Build dir: /tmp/tmp.7RSW7NKsa3/gegl/_build-arm64-v8a
Build type: cross build
Project name: gegl
Project version: 0.4.71
-----------
Detecting compiler via: `/usr/local/lib/android/sdk/ndk/29.0.14206865/toolchains/llvm/prebuilt/linux-x86_64/bin/aarch64-linux-android28-clang --version` -> 0
stdout:
Android (13989888, +pgo, +bolt, +lto, +mlgo, based on r563880c) clang version 21.0.0 (https://android.googlesource.com/toolchain/llvm-project 5e96669f06077099aa41290cdb4c5e6fa0f59349)
Target: aarch64-unknown-linux-android28
Thread model: posix
InstalledDir: /usr/local/lib/android/sdk/ndk/29.0.14206865/toolchains/llvm/prebuilt/linux-x86_64/bin
-----------
Running command: -x c -E -dM -
-----
-----------
Detecting linker via: `/usr/local/lib/android/sdk/ndk/29.0.14206865/toolchains/llvm/prebuilt/linux-x86_64/bin/aarch64-linux-android28-clang -Wl,--version` -> 0
stdout:
LLD 21.0.0 (/mnt/disks/build-disk/src/googleplex-android/llvm-r563880-release/out/llvm-project/llvm 5e96669f06077099aa41290cdb4c5e6fa0f59349) (compatible with GNU linkers)
-----------
-----------
Detecting LLD linker via: `/usr/local/lib/android/sdk/ndk/29.0.14206865/toolchains/llvm/prebuilt/linux-x86_64/bin/aarch64-linux-android28-clang -Wl,-v` -> 1
stdout:
LLD 21.0.0 (/mnt/disks/build-disk/src/googleplex-android/llvm-r563880-release/out/llvm-project/llvm 5e96669f06077099aa41290cdb4c5e6fa0f59349) (compatible with GNU linkers)
-----------
stderr:
ld.lld: error: undefined symbol: main
>>> referenced by crtbegin.c
>>>               /usr/local/lib/android/sdk/ndk/29.0.14206865/toolchains/llvm/prebuilt/linux-x86_64/bin/../sysroot/usr/lib/aarch64-linux-android/28/crtbegin_dynamic.o:(_start_main)
>>> referenced by crtbegin.c
>>>               /usr/local/lib/android/sdk/ndk/29.0.14206865/toolchains/llvm/prebuilt/linux-x86_64/bin/../sysroot/usr/lib/aarch64-linux-android/28/crtbegin_dynamic.o:(_start_main)
clang: error: linker command failed with exit code 1 (use -v to see invocation)
-----------
Sanity check compiler command line: /usr/local/lib/android/sdk/ndk/29.0.14206865/toolchains/llvm/prebuilt/linux-x86_64/bin/aarch64-linux-android28-clang -D_FILE_OFFSET_BITS=64 -o sanity_check_for_c_cross.exe sanity_check_for_c.c -D_FILE_OFFSET_BITS=64 -c
Sanity check compile stdout:

-----
Sanity check compile stderr:

-----
Cannot run cross check
C compiler for the host machine: /usr/local/lib/android/sdk/ndk/29.0.14206865/toolchains/llvm/prebuilt/linux-x86_64/bin/aarch64-linux-android28-clang (clang 21.0.0 "Android (13989888, +pgo, +bolt, +lto, +mlgo, based on r563880c) clang version 21.0.0 (https://android.googlesource.com/toolchain/llvm-project 5e96669f06077099aa41290cdb4c5e6fa0f59349)")
C linker for the host machine: /usr/local/lib/android/sdk/ndk/29.0.14206865/toolchains/llvm/prebuilt/linux-x86_64/bin/aarch64-linux-android28-clang ld.lld 21.0.0
-----------
Detecting archiver via: `/usr/local/lib/android/sdk/ndk/29.0.14206865/toolchains/llvm/prebuilt/linux-x86_64/bin/llvm-ar --version` -> 0
stdout:
LLVM (http://llvm.org/):
  LLVM version 21.0.0
  Optimized build.
-----------
-----------
Detecting compiler via: `/usr/local/lib/android/sdk/ndk/29.0.14206865/toolchains/llvm/prebuilt/linux-x86_64/bin/aarch64-linux-android28-clang++ --version` -> 0
stdout:
Android (13989888, +pgo, +bolt, +lto, +mlgo, based on r563880c) clang version 21.0.0 (https://android.googlesource.com/toolchain/llvm-project 5e96669f06077099aa41290cdb4c5e6fa0f59349)
Target: aarch64-unknown-linux-android28
Thread model: posix
InstalledDir: /usr/local/lib/android/sdk/ndk/29.0.14206865/toolchains/llvm/prebuilt/linux-x86_64/bin
-----------
Running command: -x c++ -E -dM -
-----
-----------
Detecting linker via: `/usr/local/lib/android/sdk/ndk/29.0.14206865/toolchains/llvm/prebuilt/linux-x86_64/bin/aarch64-linux-android28-clang++ -Wl,--version` -> 0
stdout:
LLD 21.0.0 (/mnt/disks/build-disk/src/googleplex-android/llvm-r563880-release/out/llvm-project/llvm 5e96669f06077099aa41290cdb4c5e6fa0f59349) (compatible with GNU linkers)
-----------
-----------
Detecting LLD linker via: `/usr/local/lib/android/sdk/ndk/29.0.14206865/toolchains/llvm/prebuilt/linux-x86_64/bin/aarch64-linux-android28-clang++ -Wl,-v` -> 1
stdout:
LLD 21.0.0 (/mnt/disks/build-disk/src/googleplex-android/llvm-r563880-release/out/llvm-project/llvm 5e96669f06077099aa41290cdb4c5e6fa0f59349) (compatible with GNU linkers)
-----------
stderr:
ld.lld: error: undefined symbol: main
>>> referenced by crtbegin.c
>>>               /usr/local/lib/android/sdk/ndk/29.0.14206865/toolchains/llvm/prebuilt/linux-x86_64/bin/../sysroot/usr/lib/aarch64-linux-android/28/crtbegin_dynamic.o:(_start_main)
>>> referenced by crtbegin.c
>>>               /usr/local/lib/android/sdk/ndk/29.0.14206865/toolchains/llvm/prebuilt/linux-x86_64/bin/../sysroot/usr/lib/aarch64-linux-android/28/crtbegin_dynamic.o:(_start_main)
clang++: error: linker command failed with exit code 1 (use -v to see invocation)
-----------
Sanity check compiler command line: /usr/local/lib/android/sdk/ndk/29.0.14206865/toolchains/llvm/prebuilt/linux-x86_64/bin/aarch64-linux-android28-clang++ -D_FILE_OFFSET_BITS=64 -o sanity_check_for_cpp_cross.exe sanity_check_for_cpp.cpp -D_FILE_OFFSET_BITS=64 -c
Sanity check compile stdout:

-----
Sanity check compile stderr:

-----
Cannot run cross check
C++ compiler for the host machine: /usr/local/lib/android/sdk/ndk/29.0.14206865/toolchains/llvm/prebuilt/linux-x86_64/bin/aarch64-linux-android28-clang++ (clang 21.0.0 "Android (13989888, +pgo, +bolt, +lto, +mlgo, based on r563880c) clang version 21.0.0 (https://android.googlesource.com/toolchain/llvm-project 5e96669f06077099aa41290cdb4c5e6fa0f59349)")
C++ linker for the host machine: /usr/local/lib/android/sdk/ndk/29.0.14206865/toolchains/llvm/prebuilt/linux-x86_64/bin/aarch64-linux-android28-clang++ ld.lld 21.0.0
-----------
Detecting compiler via: `cc --version` -> 0
stdout:
cc (Ubuntu 13.3.0-6ubuntu2~24.04.1) 13.3.0
Copyright (C) 2023 Free Software Foundation, Inc.
This is free software; see the source for copying conditions.  There is NO
warranty; not even for MERCHANTABILITY or FITNESS FOR A PARTICULAR PURPOSE.
-----------
Running command: -cpp -x c -E -dM -
-----
-----------
Detecting linker via: `cc -Wl,--version` -> 0
stdout:
GNU ld (GNU Binutils for Ubuntu) 2.42
Copyright (C) 2024 Free Software Foundation, Inc.
This program is free software; you may redistribute it under the terms of
the GNU General Public License version 3 or (at your option) a later version.
This program has absolutely no warranty.
-----------
stderr:
collect2 version 13.3.0
/usr/bin/ld -plugin /usr/libexec/gcc/x86_64-linux-gnu/13/liblto_plugin.so -plugin-opt=/usr/libexec/gcc/x86_64-linux-gnu/13/lto-wrapper -plugin-opt=-fresolution=/tmp/ccShZLWl.res -plugin-opt=-pass-through=-lgcc -plugin-opt=-pass-through=-lgcc_s -plugin-opt=-pass-through=-lc -plugin-opt=-pass-through=-lgcc -plugin-opt=-pass-through=-lgcc_s --build-id --eh-frame-hdr -m elf_x86_64 --hash-style=gnu --as-needed -dynamic-linker /lib64/ld-linux-x86-64.so.2 -pie -z now -z relro /usr/lib/gcc/x86_64-linux-gnu/13/../../../x86_64-linux-gnu/Scrt1.o /usr/lib/gcc/x86_64-linux-gnu/13/../../../x86_64-linux-gnu/crti.o /usr/lib/gcc/x86_64-linux-gnu/13/crtbeginS.o -L/usr/lib/gcc/x86_64-linux-gnu/13 -L/usr/lib/gcc/x86_64-linux-gnu/13/../../../x86_64-linux-gnu -L/usr/lib/gcc/x86_64-linux-gnu/13/../../../../lib -L/lib/x86_64-linux-gnu -L/lib/../lib -L/usr/lib/x86_64-linux-gnu -L/usr/lib/../lib -L/usr/lib/gcc/x86_64-linux-gnu/13/../../.. --version -lgcc --push-state --as-needed -lgcc_s --pop-state -lc -lgcc --push-state --as-needed -lgcc_s --pop-state /usr/lib/gcc/x86_64-linux-gnu/13/crtendS.o /usr/lib/gcc/x86_64-linux-gnu/13/../../../x86_64-linux-gnu/crtn.o
-----------
Sanity check compiler command line: cc -D_FILE_OFFSET_BITS=64 -o sanity_check_for_c.exe sanity_check_for_c.c -D_FILE_OFFSET_BITS=64
Sanity check compile stdout:

-----
Sanity check compile stderr:

-----
Sanity check built target output for build machine c compiler
 -- Running test binary command:  /tmp/tmp.7RSW7NKsa3/gegl/_build-arm64-v8a/meson-private/sanity_check_for_c.exe
-----------
Sanity check: `/tmp/tmp.7RSW7NKsa3/gegl/_build-arm64-v8a/meson-private/sanity_check_for_c.exe` -> 0
 -- stdout:
 
 -- stderr:
 
 -- returncode: 0
C compiler for the build machine: cc (gcc 13.3.0 "cc (Ubuntu 13.3.0-6ubuntu2~24.04.1) 13.3.0")
C linker for the build machine: cc ld.bfd 2.42
-----------
Detecting archiver via: `gcc-ar --version` -> 0
stdout:
GNU ar (GNU Binutils for Ubuntu) 2.42
Copyright (C) 2024 Free Software Foundation, Inc.
This program is free software; you may redistribute it under the terms of
the GNU General Public License version 3 or (at your option) any later version.
This program has absolutely no warranty.
-----------
-----------
Detecting compiler via: `c++ --version` -> 0
stdout:
c++ (Ubuntu 13.3.0-6ubuntu2~24.04.1) 13.3.0
Copyright (C) 2023 Free Software Foundation, Inc.
This is free software; see the source for copying conditions.  There is NO
warranty; not even for MERCHANTABILITY or FITNESS FOR A PARTICULAR PURPOSE.
-----------
Running command: -cpp -x c++ -E -dM -
-----
-----------
Detecting linker via: `c++ -Wl,--version` -> 0
stdout:
GNU ld (GNU Binutils for Ubuntu) 2.42
Copyright (C) 2024 Free Software Foundation, Inc.
This program is free software; you may redistribute it under the terms of
the GNU General Public License version 3 or (at your option) a later version.
This program has absolutely no warranty.
-----------
stderr:
collect2 version 13.3.0
/usr/bin/ld -plugin /usr/libexec/gcc/x86_64-linux-gnu/13/liblto_plugin.so -plugin-opt=/usr/libexec/gcc/x86_64-linux-gnu/13/lto-wrapper -plugin-opt=-fresolution=/tmp/ccNzvUYA.res -plugin-opt=-pass-through=-lgcc_s -plugin-opt=-pass-through=-lgcc -plugin-opt=-pass-through=-lc -plugin-opt=-pass-through=-lgcc_s -plugin-opt=-pass-through=-lgcc --build-id --eh-frame-hdr -m elf_x86_64 --hash-style=gnu --as-needed -dynamic-linker /lib64/ld-linux-x86-64.so.2 -pie -z now -z relro /usr/lib/gcc/x86_64-linux-gnu/13/../../../x86_64-linux-gnu/Scrt1.o /usr/lib/gcc/x86_64-linux-gnu/13/../../../x86_64-linux-gnu/crti.o /usr/lib/gcc/x86_64-linux-gnu/13/crtbeginS.o -L/usr/lib/gcc/x86_64-linux-gnu/13 -L/usr/lib/gcc/x86_64-linux-gnu/13/../../../x86_64-linux-gnu -L/usr/lib/gcc/x86_64-linux-gnu/13/../../../../lib -L/lib/x86_64-linux-gnu -L/lib/../lib -L/usr/lib/x86_64-linux-gnu -L/usr/lib/../lib -L/usr/lib/gcc/x86_64-linux-gnu/13/../../.. --version -lstdc++ -lm -lgcc_s -lgcc -lc -lgcc_s -lgcc /usr/lib/gcc/x86_64-linux-gnu/13/crtendS.o /usr/lib/gcc/x86_64-linux-gnu/13/../../../x86_64-linux-gnu/crtn.o
-----------
Sanity check compiler command line: c++ -D_FILE_OFFSET_BITS=64 -o sanity_check_for_cpp.exe sanity_check_for_cpp.cpp -D_FILE_OFFSET_BITS=64
Sanity check compile stdout:

-----
Sanity check compile stderr:

-----
Sanity check built target output for build machine cpp compiler
 -- Running test binary command:  /tmp/tmp.7RSW7NKsa3/gegl/_build-arm64-v8a/meson-private/sanity_check_for_cpp.exe
-----------
Sanity check: `/tmp/tmp.7RSW7NKsa3/gegl/_build-arm64-v8a/meson-private/sanity_check_for_cpp.exe` -> 0
 -- stdout:
 
 -- stderr:
 
 -- returncode: 0
C++ compiler for the build machine: c++ (gcc 13.3.0 "c++ (Ubuntu 13.3.0-6ubuntu2~24.04.1) 13.3.0")
C++ linker for the build machine: c++ ld.bfd 2.42
Build machine cpu family: x86_64
Build machine cpu: x86_64
Host machine cpu family: aarch64
Host machine cpu: aarch64
Target machine cpu family: aarch64
Target machine cpu: aarch64
Program python3 found: YES (/usr/bin/python3)
Running compile:
Working directory:  /tmp/tmp.7RSW7NKsa3/gegl/_build-arm64-v8a/meson-private/tmps58u8i6f
Code:
extern int i;
int i;

-----------
Command line: `/usr/local/lib/android/sdk/ndk/29.0.14206865/toolchains/llvm/prebuilt/linux-x86_64/bin/aarch64-linux-android28-clang /tmp/tmp.7RSW7NKsa3/gegl/_build-arm64-v8a/meson-private/tmps58u8i6f/testfile.c -o /tmp/tmp.7RSW7NKsa3/gegl/_build-arm64-v8a/meson-private/tmps58u8i6f/output.obj -c -D_FILE_OFFSET_BITS=64 -O0 -U_FORTIFY_SOURCE -Werror=implicit-function-declaration -Werror=unknown-warning-option -Werror=unused-command-line-argument -Werror=ignored-optimization-argument -ftree-vectorize` -> 0
Compiler for C supports arguments -ftree-vectorize: YES 
Running compile:
Working directory:  /tmp/tmp.7RSW7NKsa3/gegl/_build-arm64-v8a/meson-private/tmpxvvaiyx0
Code:
extern int i;
int i;

-----------
Command line: `/usr/local/lib/android/sdk/ndk/29.0.14206865/toolchains/llvm/prebuilt/linux-x86_64/bin/aarch64-linux-android28-clang /tmp/tmp.7RSW7NKsa3/gegl/_build-arm64-v8a/meson-private/tmpxvvaiyx0/testfile.c -o /tmp/tmp.7RSW7NKsa3/gegl/_build-arm64-v8a/meson-private/tmpxvvaiyx0/output.obj -c -D_FILE_OFFSET_BITS=64 -O0 -U_FORTIFY_SOURCE -Werror=implicit-function-declaration -Werror=unknown-warning-option -Werror=unused-command-line-argument -Werror=ignored-optimization-argument -mfpu=neon-fp-armv8` -> 1
stderr:
clang: error: unsupported option '-mfpu=' for target 'aarch64-linux-android28'
-----------
Compiler for C supports arguments -mfpu=neon-fp-armv8: NO 
Using cached compile:
Cached command line:  /usr/local/lib/android/sdk/ndk/29.0.14206865/toolchains/llvm/prebuilt/linux-x86_64/bin/aarch64-linux-android28-clang /tmp/tmp.7RSW7NKsa3/gegl/_build-arm64-v8a/meson-private/tmps58u8i6f/testfile.c -o /tmp/tmp.7RSW7NKsa3/gegl/_build-arm64-v8a/meson-private/tmps58u8i6f/output.obj -c -D_FILE_OFFSET_BITS=64 -O0 -U_FORTIFY_SOURCE -Werror=implicit-function-declaration -Werror=unknown-warning-option -Werror=unused-command-line-argument -Werror=ignored-optimization-argument -ftree-vectorize 

Code:
 extern int i;
int i;

Cached compiler stdout:
 
Cached compiler stderr:
 
Compiler for C supports arguments -ftree-vectorize: YES (cached)
Running compile:
Working directory:  /tmp/tmp.7RSW7NKsa3/gegl/_build-arm64-v8a/meson-private/tmpoqzxi5ka
Code:
extern int i;
int i;

-----------
Command line: `/usr/local/lib/android/sdk/ndk/29.0.14206865/toolchains/llvm/prebuilt/linux-x86_64/bin/aarch64-linux-android28-clang /tmp/tmp.7RSW7NKsa3/gegl/_build-arm64-v8a/meson-private/tmpoqzxi5ka/testfile.c -o /tmp/tmp.7RSW7NKsa3/gegl/_build-arm64-v8a/meson-private/tmpoqzxi5ka/output.obj -c -D_FILE_OFFSET_BITS=64 -O0 -U_FORTIFY_SOURCE -Werror=implicit-function-declaration -Werror=unknown-warning-option -Werror=unused-command-line-argument -Werror=ignored-optimization-argument -DHAVE_CONFIG_H` -> 0
Compiler for C supports arguments -DHAVE_CONFIG_H: YES 
Running compile:
Working directory:  /tmp/tmp.7RSW7NKsa3/gegl/_build-arm64-v8a/meson-private/tmpczmqcg10
Code:
extern int i;
int i;

-----------
Command line: `/usr/local/lib/android/sdk/ndk/29.0.14206865/toolchains/llvm/prebuilt/linux-x86_64/bin/aarch64-linux-android28-clang /tmp/tmp.7RSW7NKsa3/gegl/_build-arm64-v8a/meson-private/tmpczmqcg10/testfile.c -o /tmp/tmp.7RSW7NKsa3/gegl/_build-arm64-v8a/meson-private/tmpczmqcg10/output.obj -c -D_FILE_OFFSET_BITS=64 -O0 -U_FORTIFY_SOURCE -Werror=implicit-function-declaration -Werror=unknown-warning-option -Werror=unused-command-line-argument -Werror=ignored-optimization-argument -Winit-self` -> 0
Compiler for C supports arguments -Winit-self: YES 
Running compile:
Working directory:  /tmp/tmp.7RSW7NKsa3/gegl/_build-arm64-v8a/meson-private/tmp1zm9egym
Code:
extern int i;
int i;

-----------
Command line: `/usr/local/lib/android/sdk/ndk/29.0.14206865/toolchains/llvm/prebuilt/linux-x86_64/bin/aarch64-linux-android28-clang /tmp/tmp.7RSW7NKsa3/gegl/_build-arm64-v8a/meson-private/tmp1zm9egym/testfile.c -o /tmp/tmp.7RSW7NKsa3/gegl/_build-arm64-v8a/meson-private/tmp1zm9egym/output.obj -c -D_FILE_OFFSET_BITS=64 -O0 -U_FORTIFY_SOURCE -Werror=implicit-function-declaration -Werror=unknown-warning-option -Werror=unused-command-line-argument -Werror=ignored-optimization-argument -Wmissing-declarations` -> 0
Compiler for C supports arguments -Wmissing-declarations: YES 
Running compile:
Working directory:  /tmp/tmp.7RSW7NKsa3/gegl/_build-arm64-v8a/meson-private/tmpw1d3uc8l
Code:
extern int i;
int i;

-----------
Command line: `/usr/local/lib/android/sdk/ndk/29.0.14206865/toolchains/llvm/prebuilt/linux-x86_64/bin/aarch64-linux-android28-clang /tmp/tmp.7RSW7NKsa3/gegl/_build-arm64-v8a/meson-private/tmpw1d3uc8l/testfile.c -o /tmp/tmp.7RSW7NKsa3/gegl/_build-arm64-v8a/meson-private/tmpw1d3uc8l/output.obj -c -D_FILE_OFFSET_BITS=64 -O0 -U_FORTIFY_SOURCE -Werror=implicit-function-declaration -Werror=unknown-warning-option -Werror=unused-command-line-argument -Werror=ignored-optimization-argument -Wpointer-arith` -> 0
Compiler for C supports arguments -Wpointer-arith: YES 
Running compile:
Working directory:  /tmp/tmp.7RSW7NKsa3/gegl/_build-arm64-v8a/meson-private/tmpydj8gdir
Code:
extern int i;
int i;

-----------
Command line: `/usr/local/lib/android/sdk/ndk/29.0.14206865/toolchains/llvm/prebuilt/linux-x86_64/bin/aarch64-linux-android28-clang /tmp/tmp.7RSW7NKsa3/gegl/_build-arm64-v8a/meson-private/tmpydj8gdir/testfile.c -o /tmp/tmp.7RSW7NKsa3/gegl/_build-arm64-v8a/meson-private/tmpydj8gdir/output.obj -c -D_FILE_OFFSET_BITS=64 -O0 -U_FORTIFY_SOURCE -Werror=implicit-function-declaration -Werror=unknown-warning-option -Werror=unused-command-line-argument -Werror=ignored-optimization-argument -Wunused-parameter -Wno-unused-parameter` -> 0
Compiler for C supports arguments -Wno-unused-parameter: YES 
Running compile:
Working directory:  /tmp/tmp.7RSW7NKsa3/gegl/_build-arm64-v8a/meson-private/tmpj3frk2zg
Code:
extern int i;
int i;

-----------
Command line: `/usr/local/lib/android/sdk/ndk/29.0.14206865/toolchains/llvm/prebuilt/linux-x86_64/bin/aarch64-linux-android28-clang /tmp/tmp.7RSW7NKsa3/gegl/_build-arm64-v8a/meson-private/tmpj3frk2zg/testfile.c -o /tmp/tmp.7RSW7NKsa3/gegl/_build-arm64-v8a/meson-private/tmpj3frk2zg/output.obj -c -D_FILE_OFFSET_BITS=64 -O0 -U_FORTIFY_SOURCE -Werror=implicit-function-declaration -Werror=unknown-warning-option -Werror=unused-command-line-argument -Werror=ignored-optimization-argument -Wcast-function-type -Wno-cast-function-type` -> 0
Compiler for C supports arguments -Wno-cast-function-type: YES 
Using cached compile:
Cached command line:  /usr/local/lib/android/sdk/ndk/29.0.14206865/toolchains/llvm/prebuilt/linux-x86_64/bin/aarch64-linux-android28-clang /tmp/tmp.7RSW7NKsa3/gegl/_build-arm64-v8a/meson-private/tmps58u8i6f/testfile.c -o /tmp/tmp.7RSW7NKsa3/gegl/_build-arm64-v8a/meson-private/tmps58u8i6f/output.obj -c -D_FILE_OFFSET_BITS=64 -O0 -U_FORTIFY_SOURCE -Werror=implicit-function-declaration -Werror=unknown-warning-option -Werror=unused-command-line-argument -Werror=ignored-optimization-argument -ftree-vectorize 

Code:
 extern int i;
int i;

Cached compiler stdout:
 
Cached compiler stderr:
 
Compiler for C supports arguments -ftree-vectorize: YES (cached)
Using cached compile:
Cached command line:  /usr/local/lib/android/sdk/ndk/29.0.14206865/toolchains/llvm/prebuilt/linux-x86_64/bin/aarch64-linux-android28-clang /tmp/tmp.7RSW7NKsa3/gegl/_build-arm64-v8a/meson-private/tmps58u8i6f/testfile.c -o /tmp/tmp.7RSW7NKsa3/gegl/_build-arm64-v8a/meson-private/tmps58u8i6f/output.obj -c -D_FILE_OFFSET_BITS=64 -O0 -U_FORTIFY_SOURCE -Werror=implicit-function-declaration -Werror=unknown-warning-option -Werror=unused-command-line-argument -Werror=ignored-optimization-argument -ftree-vectorize 

Code:
 extern int i;
int i;

Cached compiler stdout:
 
Cached compiler stderr:
 
Compiler for C supports arguments -ftree-vectorize: YES (cached)
Running compile:
Working directory:  /tmp/tmp.7RSW7NKsa3/gegl/_build-arm64-v8a/meson-private/tmpm8c6x90n
Code:
extern int i;
int i;

-----------
Command line: `/usr/local/lib/android/sdk/ndk/29.0.14206865/toolchains/llvm/prebuilt/linux-x86_64/bin/aarch64-linux-android28-clang /tmp/tmp.7RSW7NKsa3/gegl/_build-arm64-v8a/meson-private/tmpm8c6x90n/testfile.c -o /tmp/tmp.7RSW7NKsa3/gegl/_build-arm64-v8a/meson-private/tmpm8c6x90n/output.obj -c -D_FILE_OFFSET_BITS=64 -O0 -U_FORTIFY_SOURCE -Werror=implicit-function-declaration -Werror=unknown-warning-option -Werror=unused-command-line-argument -Werror=ignored-optimization-argument -Wmissing-prototypes` -> 0
Compiler for C supports arguments -Wmissing-prototypes: YES 
Running compile:
Working directory:  /tmp/tmp.7RSW7NKsa3/gegl/_build-arm64-v8a/meson-private/tmp71i6bm3b
Code:
extern int i;
int i;

-----------
Command line: `/usr/local/lib/android/sdk/ndk/29.0.14206865/toolchains/llvm/prebuilt/linux-x86_64/bin/aarch64-linux-android28-clang /tmp/tmp.7RSW7NKsa3/gegl/_build-arm64-v8a/meson-private/tmp71i6bm3b/testfile.c -o /tmp/tmp.7RSW7NKsa3/gegl/_build-arm64-v8a/meson-private/tmp71i6bm3b/output.obj -c -D_FILE_OFFSET_BITS=64 -O0 -U_FORTIFY_SOURCE -Werror=implicit-function-declaration -Werror=unknown-warning-option -Werror=unused-command-line-argument -Werror=ignored-optimization-argument -Wold-style-definition` -> 0
Compiler for C supports arguments -Wold-style-definition: YES 
Running compile:
Working directory:  /tmp/tmp.7RSW7NKsa3/gegl/_build-arm64-v8a/meson-private/tmpm6abgiku
Code:
extern int i;
int i;

-----------
Command line: `/usr/local/lib/android/sdk/ndk/29.0.14206865/toolchains/llvm/prebuilt/linux-x86_64/bin/aarch64-linux-android28-clang++ /tmp/tmp.7RSW7NKsa3/gegl/_build-arm64-v8a/meson-private/tmpm6abgiku/testfile.cpp -o /tmp/tmp.7RSW7NKsa3/gegl/_build-arm64-v8a/meson-private/tmpm6abgiku/output.obj -c -D_FILE_OFFSET_BITS=64 -O0 -U_FORTIFY_SOURCE -fpermissive -Werror=implicit-function-declaration -Werror=unknown-warning-option -Werror=unused-command-line-argument -Werror=ignored-optimization-argument -DHAVE_CONFIG_H` -> 0
Compiler for C++ supports arguments -DHAVE_CONFIG_H: YES 
Running compile:
Working directory:  /tmp/tmp.7RSW7NKsa3/gegl/_build-arm64-v8a/meson-private/tmpfo6w4_ru
Code:
extern int i;
int i;

-----------
Command line: `/usr/local/lib/android/sdk/ndk/29.0.14206865/toolchains/llvm/prebuilt/linux-x86_64/bin/aarch64-linux-android28-clang++ /tmp/tmp.7RSW7NKsa3/gegl/_build-arm64-v8a/meson-private/tmpfo6w4_ru/testfile.cpp -o /tmp/tmp.7RSW7NKsa3/gegl/_build-arm64-v8a/meson-private/tmpfo6w4_ru/output.obj -c -D_FILE_OFFSET_BITS=64 -O0 -U_FORTIFY_SOURCE -fpermissive -Werror=implicit-function-declaration -Werror=unknown-warning-option -Werror=unused-command-line-argument -Werror=ignored-optimization-argument -Winit-self` -> 0
Compiler for C++ supports arguments -Winit-self: YES 
Running compile:
Working directory:  /tmp/tmp.7RSW7NKsa3/gegl/_build-arm64-v8a/meson-private/tmpspr20f6q
Code:
extern int i;
int i;

-----------
Command line: `/usr/local/lib/android/sdk/ndk/29.0.14206865/toolchains/llvm/prebuilt/linux-x86_64/bin/aarch64-linux-android28-clang++ /tmp/tmp.7RSW7NKsa3/gegl/_build-arm64-v8a/meson-private/tmpspr20f6q/testfile.cpp -o /tmp/tmp.7RSW7NKsa3/gegl/_build-arm64-v8a/meson-private/tmpspr20f6q/output.obj -c -D_FILE_OFFSET_BITS=64 -O0 -U_FORTIFY_SOURCE -fpermissive -Werror=implicit-function-declaration -Werror=unknown-warning-option -Werror=unused-command-line-argument -Werror=ignored-optimization-argument -Wmissing-declarations` -> 0
Compiler for C++ supports arguments -Wmissing-declarations: YES 
Running compile:
Working directory:  /tmp/tmp.7RSW7NKsa3/gegl/_build-arm64-v8a/meson-private/tmp5t6o52tk
Code:
extern int i;
int i;

-----------
Command line: `/usr/local/lib/android/sdk/ndk/29.0.14206865/toolchains/llvm/prebuilt/linux-x86_64/bin/aarch64-linux-android28-clang++ /tmp/tmp.7RSW7NKsa3/gegl/_build-arm64-v8a/meson-private/tmp5t6o52tk/testfile.cpp -o /tmp/tmp.7RSW7NKsa3/gegl/_build-arm64-v8a/meson-private/tmp5t6o52tk/output.obj -c -D_FILE_OFFSET_BITS=64 -O0 -U_FORTIFY_SOURCE -fpermissive -Werror=implicit-function-declaration -Werror=unknown-warning-option -Werror=unused-command-line-argument -Werror=ignored-optimization-argument -Wpointer-arith` -> 0
Compiler for C++ supports arguments -Wpointer-arith: YES 
Running compile:
Working directory:  /tmp/tmp.7RSW7NKsa3/gegl/_build-arm64-v8a/meson-private/tmptf0i6qyd
Code:
extern int i;
int i;

-----------
Command line: `/usr/local/lib/android/sdk/ndk/29.0.14206865/toolchains/llvm/prebuilt/linux-x86_64/bin/aarch64-linux-android28-clang++ /tmp/tmp.7RSW7NKsa3/gegl/_build-arm64-v8a/meson-private/tmptf0i6qyd/testfile.cpp -o /tmp/tmp.7RSW7NKsa3/gegl/_build-arm64-v8a/meson-private/tmptf0i6qyd/output.obj -c -D_FILE_OFFSET_BITS=64 -O0 -U_FORTIFY_SOURCE -fpermissive -Werror=implicit-function-declaration -Werror=unknown-warning-option -Werror=unused-command-line-argument -Werror=ignored-optimization-argument -Wunused-parameter -Wno-unused-parameter` -> 0
Compiler for C++ supports arguments -Wno-unused-parameter: YES 
Running compile:
Working directory:  /tmp/tmp.7RSW7NKsa3/gegl/_build-arm64-v8a/meson-private/tmpl26r2rpz
Code:
extern int i;
int i;

-----------
Command line: `/usr/local/lib/android/sdk/ndk/29.0.14206865/toolchains/llvm/prebuilt/linux-x86_64/bin/aarch64-linux-android28-clang++ /tmp/tmp.7RSW7NKsa3/gegl/_build-arm64-v8a/meson-private/tmpl26r2rpz/testfile.cpp -o /tmp/tmp.7RSW7NKsa3/gegl/_build-arm64-v8a/meson-private/tmpl26r2rpz/output.obj -c -D_FILE_OFFSET_BITS=64 -O0 -U_FORTIFY_SOURCE -fpermissive -Werror=implicit-function-declaration -Werror=unknown-warning-option -Werror=unused-command-line-argument -Werror=ignored-optimization-argument -Wcast-function-type -Wno-cast-function-type` -> 0
Compiler for C++ supports arguments -Wno-cast-function-type: YES 
Running compile:
Working directory:  /tmp/tmp.7RSW7NKsa3/gegl/_build-arm64-v8a/meson-private/tmpl273l0da
Code:
extern int i;
int i;

-----------
Command line: `/usr/local/lib/android/sdk/ndk/29.0.14206865/toolchains/llvm/prebuilt/linux-x86_64/bin/aarch64-linux-android28-clang++ /tmp/tmp.7RSW7NKsa3/gegl/_build-arm64-v8a/meson-private/tmpl273l0da/testfile.cpp -o /tmp/tmp.7RSW7NKsa3/gegl/_build-arm64-v8a/meson-private/tmpl273l0da/output.obj -c -D_FILE_OFFSET_BITS=64 -O0 -U_FORTIFY_SOURCE -fpermissive -Werror=implicit-function-declaration -Werror=unknown-warning-option -Werror=unused-command-line-argument -Werror=ignored-optimization-argument -ftree-vectorize` -> 0
Compiler for C++ supports arguments -ftree-vectorize: YES 
Using cached compile:
Cached command line:  /usr/local/lib/android/sdk/ndk/29.0.14206865/toolchains/llvm/prebuilt/linux-x86_64/bin/aarch64-linux-android28-clang++ /tmp/tmp.7RSW7NKsa3/gegl/_build-arm64-v8a/meson-private/tmpl273l0da/testfile.cpp -o /tmp/tmp.7RSW7NKsa3/gegl/_build-arm64-v8a/meson-private/tmpl273l0da/output.obj -c -D_FILE_OFFSET_BITS=64 -O0 -U_FORTIFY_SOURCE -fpermissive -Werror=implicit-function-declaration -Werror=unknown-warning-option -Werror=unused-command-line-argument -Werror=ignored-optimization-argument -ftree-vectorize 

Code:
 extern int i;
int i;

Cached compiler stdout:
 
Cached compiler stderr:
 
Compiler for C++ supports arguments -ftree-vectorize: YES (cached)
Running compile:
Working directory:  /tmp/tmp.7RSW7NKsa3/gegl/_build-arm64-v8a/meson-private/tmpv4zgv2n6
Code:

#include <stdio.h>
#define X(foo...)   printf(foo)
#define Y(foo, ...) printf(foo, ##__VA_ARGS__)
void main(void) { X ("%d", 42); Y ("%d"); }
    
-----------
Command line: `/usr/local/lib/android/sdk/ndk/29.0.14206865/toolchains/llvm/prebuilt/linux-x86_64/bin/aarch64-linux-android28-clang /tmp/tmp.7RSW7NKsa3/gegl/_build-arm64-v8a/meson-private/tmpv4zgv2n6/testfile.c -o /tmp/tmp.7RSW7NKsa3/gegl/_build-arm64-v8a/meson-private/tmpv4zgv2n6/output.obj -c -D_FILE_OFFSET_BITS=64 -O0 -U_FORTIFY_SOURCE -Werror=implicit-function-declaration -Werror=unknown-warning-option -Werror=unused-command-line-argument -Werror=ignored-optimization-argument` -> 0
stderr:
/tmp/tmp.7RSW7NKsa3/gegl/_build-arm64-v8a/meson-private/tmpv4zgv2n6/testfile.c:5:1: warning: return type of 'main' is not 'int' [-Wmain-return-type]
    5 | void main(void) { X ("%d", 42); Y ("%d"); }
      | ^
/tmp/tmp.7RSW7NKsa3/gegl/_build-arm64-v8a/meson-private/tmpv4zgv2n6/testfile.c:5:1: note: change return type to 'int'
    5 | void main(void) { X ("%d", 42); Y ("%d"); }
      | ^~~~
      | int
/tmp/tmp.7RSW7NKsa3/gegl/_build-arm64-v8a/meson-private/tmpv4zgv2n6/testfile.c:5:38: warning: more '%' conversions than data arguments [-Wformat-insufficient-args]
    5 | void main(void) { X ("%d", 42); Y ("%d"); }
      |                                     ~^
/tmp/tmp.7RSW7NKsa3/gegl/_build-arm64-v8a/meson-private/tmpv4zgv2n6/testfile.c:4:28: note: expanded from macro 'Y'
    4 | #define Y(foo, ...) printf(foo, ##__VA_ARGS__)
      |                            ^~~
2 warnings generated.
-----------
Checking if "GNU C variadic macros extension" compiles: YES 
Program asciidoc found: NO
Program dot found: NO
Program gtkdoc-scan found: NO
Program source-highlight found: NO
Program w3m found: NO
Running compile:
Working directory:  /tmp/tmp.7RSW7NKsa3/gegl/_build-arm64-v8a/meson-private/tmp23mmo4mv
Code:

        #ifdef __has_include
         #if !__has_include("unistd.h")
          #error "Header 'unistd.h' could not be found"
         #endif
        #else
         #include <unistd.h>
        #endif
-----------
Command line: `/usr/local/lib/android/sdk/ndk/29.0.14206865/toolchains/llvm/prebuilt/linux-x86_64/bin/aarch64-linux-android28-clang /tmp/tmp.7RSW7NKsa3/gegl/_build-arm64-v8a/meson-private/tmp23mmo4mv/testfile.c -E -P -D_FILE_OFFSET_BITS=64 -P -O0 -U_FORTIFY_SOURCE -Werror=implicit-function-declaration` -> 0
Has header "unistd.h" : YES 
Running compile:
Working directory:  /tmp/tmp.7RSW7NKsa3/gegl/_build-arm64-v8a/meson-private/tmpq0l3al_t
Code:

        #ifdef __has_include
         #if !__has_include("execinfo.h")
          #error "Header 'execinfo.h' could not be found"
         #endif
        #else
         #include <execinfo.h>
        #endif
-----------
Command line: `/usr/local/lib/android/sdk/ndk/29.0.14206865/toolchains/llvm/prebuilt/linux-x86_64/bin/aarch64-linux-android28-clang /tmp/tmp.7RSW7NKsa3/gegl/_build-arm64-v8a/meson-private/tmpq0l3al_t/testfile.c -E -P -D_FILE_OFFSET_BITS=64 -P -O0 -U_FORTIFY_SOURCE -Werror=implicit-function-declaration` -> 0
Has header "execinfo.h" : YES 
Running compile:
Working directory:  /tmp/tmp.7RSW7NKsa3/gegl/_build-arm64-v8a/meson-private/tmp7w6a93jq
Code:

        #define fsync meson_disable_define_of_fsync
        
        #include <limits.h>
        #undef fsync
        
        #ifdef __cplusplus
        extern "C"
        #endif
        char fsync (void);
        
        #if defined __stub_fsync || defined __stub___fsync
        fail fail fail this function is not going to work
        #endif
        
        int main(void) {
          return fsync ();
        }
-----------
Command line: `/usr/local/lib/android/sdk/ndk/29.0.14206865/toolchains/llvm/prebuilt/linux-x86_64/bin/aarch64-linux-android28-clang /tmp/tmp.7RSW7NKsa3/gegl/_build-arm64-v8a/meson-private/tmp7w6a93jq/testfile.c -o /tmp/tmp.7RSW7NKsa3/gegl/_build-arm64-v8a/meson-private/tmp7w6a93jq/output.exe -D_FILE_OFFSET_BITS=64 -O0 -U_FORTIFY_SOURCE -Werror=implicit-function-declaration` -> 0
Checking for function "fsync" : YES 
Running compile:
Working directory:  /tmp/tmp.7RSW7NKsa3/gegl/_build-arm64-v8a/meson-private/tmpxbxc78j4
Code:

        #define malloc_trim meson_disable_define_of_malloc_trim
        
        #include <limits.h>
        #undef malloc_trim
        
        #ifdef __cplusplus
        extern "C"
        #endif
        char malloc_trim (void);
        
        #if defined __stub_malloc_trim || defined __stub___malloc_trim
        fail fail fail this function is not going to work
        #endif
        
        int main(void) {
          return malloc_trim ();
        }
-----------
Command line: `/usr/local/lib/android/sdk/ndk/29.0.14206865/toolchains/llvm/prebuilt/linux-x86_64/bin/aarch64-linux-android28-clang /tmp/tmp.7RSW7NKsa3/gegl/_build-arm64-v8a/meson-private/tmpxbxc78j4/testfile.c -o /tmp/tmp.7RSW7NKsa3/gegl/_build-arm64-v8a/meson-private/tmpxbxc78j4/output.exe -D_FILE_OFFSET_BITS=64 -O0 -U_FORTIFY_SOURCE -Werror=implicit-function-declaration` -> 1
stderr:
ld.lld: error: undefined symbol: malloc_trim
>>> referenced by testfile.c
>>>               /tmp/testfile-b3ad8d.o:(main)
clang: error: linker command failed with exit code 1 (use -v to see invocation)
-----------
Running compile:
Working directory:  /tmp/tmp.7RSW7NKsa3/gegl/_build-arm64-v8a/meson-private/tmpmc5vuqij
Code:

        int main(void) {

        /* With some toolchains (MSYS2/mingw for example) the compiler
         * provides various builtins which are not really implemented and
         * fall back to the stdlib where they aren't provided and fail at
         * build/link time. In case the user provides a header, including
         * the header didn't lead to the function being defined, and the
         * function we are checking isn't a builtin itself we assume the
         * builtin is not functional and we just error out. */
        #if !1 && !defined(malloc_trim) && !0
            #error "No definition for __builtin_malloc_trim found in the prefix"
        #endif

        #ifdef __has_builtin
            #if !__has_builtin(__builtin_malloc_trim)
                #error "__builtin_malloc_trim not found"
            #endif
        #elif ! defined(malloc_trim)
            __builtin_malloc_trim;
        #endif
        return 0;
        }
-----------
Command line: `/usr/local/lib/android/sdk/ndk/29.0.14206865/toolchains/llvm/prebuilt/linux-x86_64/bin/aarch64-linux-android28-clang /tmp/tmp.7RSW7NKsa3/gegl/_build-arm64-v8a/meson-private/tmpmc5vuqij/testfile.c -o /tmp/tmp.7RSW7NKsa3/gegl/_build-arm64-v8a/meson-private/tmpmc5vuqij/output.exe -D_FILE_OFFSET_BITS=64 -O0 -U_FORTIFY_SOURCE -Werror=implicit-function-declaration` -> 1
stderr:
/tmp/tmp.7RSW7NKsa3/gegl/_build-arm64-v8a/meson-private/tmpmc5vuqij/testfile.c:17:18: error: "__builtin_malloc_trim not found"
   17 |                 #error "__builtin_malloc_trim not found"
      |                  ^
1 error generated.
-----------
Checking for function "malloc_trim" : NO 
Running compile:
Working directory:  /tmp/tmp.7RSW7NKsa3/gegl/_build-arm64-v8a/meson-private/tmpr5q_z7nd
Code:

        #define strptime meson_disable_define_of_strptime
        
        #include <limits.h>
        #undef strptime
        
        #ifdef __cplusplus
        extern "C"
        #endif
        char strptime (void);
        
        #if defined __stub_strptime || defined __stub___strptime
        fail fail fail this function is not going to work
        #endif
        
        int main(void) {
          return strptime ();
        }
-----------
Command line: `/usr/local/lib/android/sdk/ndk/29.0.14206865/toolchains/llvm/prebuilt/linux-x86_64/bin/aarch64-linux-android28-clang /tmp/tmp.7RSW7NKsa3/gegl/_build-arm64-v8a/meson-private/tmpr5q_z7nd/testfile.c -o /tmp/tmp.7RSW7NKsa3/gegl/_build-arm64-v8a/meson-private/tmpr5q_z7nd/output.exe -D_FILE_OFFSET_BITS=64 -O0 -U_FORTIFY_SOURCE -Werror=implicit-function-declaration` -> 0
Checking for function "strptime" : YES 
Running compile:
Working directory:  /tmp/tmp.7RSW7NKsa3/gegl/_build-arm64-v8a/meson-private/tmp2g2he0yv
Code:
int main(void) { return 0; }

-----------
Command line: `/usr/local/lib/android/sdk/ndk/29.0.14206865/toolchains/llvm/prebuilt/linux-x86_64/bin/aarch64-linux-android28-clang /tmp/tmp.7RSW7NKsa3/gegl/_build-arm64-v8a/meson-private/tmp2g2he0yv/testfile.c -o /tmp/tmp.7RSW7NKsa3/gegl/_build-arm64-v8a/meson-private/tmp2g2he0yv/output.exe -D_FILE_OFFSET_BITS=64 -O0 -U_FORTIFY_SOURCE -Werror=implicit-function-declaration -lm -Wl,--allow-shlib-undefined` -> 0
Library m found: YES
Running compile:
Working directory:  /tmp/tmp.7RSW7NKsa3/gegl/_build-arm64-v8a/meson-private/tmpkcwagjyb
Code:
int main(void) { return 0; }

-----------
Command line: `/usr/local/lib/android/sdk/ndk/29.0.14206865/toolchains/llvm/prebuilt/linux-x86_64/bin/aarch64-linux-android28-clang /tmp/tmp.7RSW7NKsa3/gegl/_build-arm64-v8a/meson-private/tmpkcwagjyb/testfile.c -o /tmp/tmp.7RSW7NKsa3/gegl/_build-arm64-v8a/meson-private/tmpkcwagjyb/output.exe -D_FILE_OFFSET_BITS=64 -O0 -U_FORTIFY_SOURCE -Werror=implicit-function-declaration -ldl -Wl,--allow-shlib-undefined` -> 0
Library dl found: YES
Run-time dependency threads found: YES
Pkg-config binary for host machine specified from cross file, native file, or env var as ['pkg-config']
Found pkg-config: YES (/usr/bin/pkg-config) 1.8.1
Determining dependency 'babl-0.1' with pkg-config executable '/usr/bin/pkg-config'
env[PKG_CONFIG_PATH]: 
env[PKG_CONFIG_LIBDIR]: /home/runner/work/layercraft/layercraft/native-prefix/lib/pkgconfig:/home/runner/work/layercraft/layercraft/native-prefix/share/pkgconfig
env[PKG_CONFIG_SYSROOT_DIR]: 
env[PKG_CONFIG]: /usr/bin/pkg-config
-----------
Called: `/usr/bin/pkg-config --modversion babl-0.1` -> 0
stdout:
0.1.129
-----------
env[PKG_CONFIG_PATH]: 
env[PKG_CONFIG_LIBDIR]: /home/runner/work/layercraft/layercraft/native-prefix/lib/pkgconfig:/home/runner/work/layercraft/layercraft/native-prefix/share/pkgconfig
env[PKG_CONFIG_SYSROOT_DIR]: 
env[PKG_CONFIG]: /usr/bin/pkg-config
-----------
Called: `/usr/bin/pkg-config --cflags babl-0.1` -> 0
stdout:
-I/home/runner/work/layercraft/layercraft/native-prefix/include/babl-0.1
-----------
env[PKG_CONFIG_PATH]: 
env[PKG_CONFIG_LIBDIR]: /home/runner/work/layercraft/layercraft/native-prefix/lib/pkgconfig:/home/runner/work/layercraft/layercraft/native-prefix/share/pkgconfig
env[PKG_CONFIG_SYSROOT_DIR]: 
env[PKG_CONFIG_ALLOW_SYSTEM_LIBS]: 1
env[PKG_CONFIG]: /usr/bin/pkg-config
-----------
Called: `/usr/bin/pkg-config --libs babl-0.1` -> 0
stdout:
-L/home/runner/work/layercraft/layercraft/native-prefix/lib -lbabl-0.1
-----------
env[PKG_CONFIG_PATH]: 
env[PKG_CONFIG_LIBDIR]: /home/runner/work/layercraft/layercraft/native-prefix/lib/pkgconfig:/home/runner/work/layercraft/layercraft/native-prefix/share/pkgconfig
env[PKG_CONFIG_SYSROOT_DIR]: 
env[PKG_CONFIG]: /usr/bin/pkg-config
-----------
Called: `/usr/bin/pkg-config --libs babl-0.1` -> 0
stdout:
-L/home/runner/work/layercraft/layercraft/native-prefix/lib -lbabl-0.1
-----------
Running compile:
Working directory:  /tmp/tmp.7RSW7NKsa3/gegl/_build-arm64-v8a/meson-private/tmpyadzj4ra
Code:

        #include <stddef.h>
        int main(void) {
            void * something;
            return 0;
        }
-----------
Command line: `/usr/local/lib/android/sdk/ndk/29.0.14206865/toolchains/llvm/prebuilt/linux-x86_64/bin/aarch64-linux-android28-clang++ /tmp/tmp.7RSW7NKsa3/gegl/_build-arm64-v8a/meson-private/tmpyadzj4ra/testfile.cpp -o /tmp/tmp.7RSW7NKsa3/gegl/_build-arm64-v8a/meson-private/tmpyadzj4ra/output.obj -c -D_FILE_OFFSET_BITS=64 -O0 -U_FORTIFY_SOURCE -fpermissive -Werror=implicit-function-declaration -Werror=unknown-warning-option -Werror=unused-command-line-argument -Werror=ignored-optimization-argument` -> 0
Running compile:
Working directory:  /tmp/tmphlhhvq50
Code:

        
        #ifndef sizeof(void *)
        # define sizeof(void *) "MESON_GET_DEFINE_UNDEFINED_SENTINEL"
        #endif
        "MESON_GET_DEFINE_DELIMITER_START"
sizeof(void *)
"MESON_GET_DEFINE_DELIMITER_END"
-----------
Command line: `/usr/local/lib/android/sdk/ndk/29.0.14206865/toolchains/llvm/prebuilt/linux-x86_64/bin/aarch64-linux-android28-clang++ /tmp/tmphlhhvq50/testfile.cpp -E -P -D_FILE_OFFSET_BITS=64 -P -O0 -U_FORTIFY_SOURCE -fpermissive -Werror=implicit-function-declaration` -> 1
stdout:
"MESON_GET_DEFINE_DELIMITER_START"
sizeof(void *)
"MESON_GET_DEFINE_DELIMITER_END"
-----------
stderr:
/tmp/tmphlhhvq50/testfile.cpp:3:23: warning: extra tokens at end of #ifndef directive [-Wextra-tokens]
    3 |         #ifndef sizeof(void *)
      |                       ^
      |                       //
/tmp/tmphlhhvq50/testfile.cpp:4:30: error: expected comma in macro parameter list
    4 |         # define sizeof(void *) "MESON_GET_DEFINE_UNDEFINED_SENTINEL"
      |                              ^
1 warning and 1 error generated.
-----------
Running compile:
Working directory:  /tmp/tmp.7RSW7NKsa3/gegl/_build-arm64-v8a/meson-private/tmp09k5g9uh
Code:

        #include <stddef.h>
        int main(void) { static int a[1-2*!(sizeof(void *) >= 0)]; a[0]=0; return 0; }
-----------
Command line: `/usr/local/lib/android/sdk/ndk/29.0.14206865/toolchains/llvm/prebuilt/linux-x86_64/bin/aarch64-linux-android28-clang++ /tmp/tmp.7RSW7NKsa3/gegl/_build-arm64-v8a/meson-private/tmp09k5g9uh/testfile.cpp -o /tmp/tmp.7RSW7NKsa3/gegl/_build-arm64-v8a/meson-private/tmp09k5g9uh/output.obj -c -D_FILE_OFFSET_BITS=64 -O0 -U_FORTIFY_SOURCE -fpermissive -Werror=implicit-function-declaration -Werror=unknown-warning-option -Werror=unused-command-line-argument -Werror=ignored-optimization-argument` -> 0
Running compile:
Working directory:  /tmp/tmp.7RSW7NKsa3/gegl/_build-arm64-v8a/meson-private/tmpimoh6k3c
Code:

        #include <stddef.h>
        int main(void) { static int a[1-2*!(sizeof(void *) > 0)]; a[0]=0; return 0; }
-----------
Command line: `/usr/local/lib/android/sdk/ndk/29.0.14206865/toolchains/llvm/prebuilt/linux-x86_64/bin/aarch64-linux-android28-clang++ /tmp/tmp.7RSW7NKsa3/gegl/_build-arm64-v8a/meson-private/tmpimoh6k3c/testfile.cpp -o /tmp/tmp.7RSW7NKsa3/gegl/_build-arm64-v8a/meson-private/tmpimoh6k3c/output.obj -c -D_FILE_OFFSET_BITS=64 -O0 -U_FORTIFY_SOURCE -fpermissive -Werror=implicit-function-declaration -Werror=unknown-warning-option -Werror=unused-command-line-argument -Werror=ignored-optimization-argument` -> 0
Running compile:
Working directory:  /tmp/tmp.7RSW7NKsa3/gegl/_build-arm64-v8a/meson-private/tmpx4se_zww
Code:

        #include <stddef.h>
        int main(void) { static int a[1-2*!(sizeof(void *) > 1)]; a[0]=0; return 0; }
-----------
Command line: `/usr/local/lib/android/sdk/ndk/29.0.14206865/toolchains/llvm/prebuilt/linux-x86_64/bin/aarch64-linux-android28-clang++ /tmp/tmp.7RSW7NKsa3/gegl/_build-arm64-v8a/meson-private/tmpx4se_zww/testfile.cpp -o /tmp/tmp.7RSW7NKsa3/gegl/_build-arm64-v8a/meson-private/tmpx4se_zww/output.obj -c -D_FILE_OFFSET_BITS=64 -O0 -U_FORTIFY_SOURCE -fpermissive -Werror=implicit-function-declaration -Werror=unknown-warning-option -Werror=unused-command-line-argument -Werror=ignored-optimization-argument` -> 0
Running compile:
Working directory:  /tmp/tmp.7RSW7NKsa3/gegl/_build-arm64-v8a/meson-private/tmprz48yxpq
Code:

        #include <stddef.h>
        int main(void) { static int a[1-2*!(sizeof(void *) > 3)]; a[0]=0; return 0; }
-----------
Command line: `/usr/local/lib/android/sdk/ndk/29.0.14206865/toolchains/llvm/prebuilt/linux-x86_64/bin/aarch64-linux-android28-clang++ /tmp/tmp.7RSW7NKsa3/gegl/_build-arm64-v8a/meson-private/tmprz48yxpq/testfile.cpp -o /tmp/tmp.7RSW7NKsa3/gegl/_build-arm64-v8a/meson-private/tmprz48yxpq/output.obj -c -D_FILE_OFFSET_BITS=64 -O0 -U_FORTIFY_SOURCE -fpermissive -Werror=implicit-function-declaration -Werror=unknown-warning-option -Werror=unused-command-line-argument -Werror=ignored-optimization-argument` -> 0
Running compile:
Working directory:  /tmp/tmp.7RSW7NKsa3/gegl/_build-arm64-v8a/meson-private/tmprywd5kcy
Code:

        #include <stddef.h>
        int main(void) { static int a[1-2*!(sizeof(void *) > 7)]; a[0]=0; return 0; }
-----------
Command line: `/usr/local/lib/android/sdk/ndk/29.0.14206865/toolchains/llvm/prebuilt/linux-x86_64/bin/aarch64-linux-android28-clang++ /tmp/tmp.7RSW7NKsa3/gegl/_build-arm64-v8a/meson-private/tmprywd5kcy/testfile.cpp -o /tmp/tmp.7RSW7NKsa3/gegl/_build-arm64-v8a/meson-private/tmprywd5kcy/output.obj -c -D_FILE_OFFSET_BITS=64 -O0 -U_FORTIFY_SOURCE -fpermissive -Werror=implicit-function-declaration -Werror=unknown-warning-option -Werror=unused-command-line-argument -Werror=ignored-optimization-argument` -> 0
Running compile:
Working directory:  /tmp/tmp.7RSW7NKsa3/gegl/_build-arm64-v8a/meson-private/tmpm7mt397w
Code:

        #include <stddef.h>
        int main(void) { static int a[1-2*!(sizeof(void *) > 15)]; a[0]=0; return 0; }
-----------
Command line: `/usr/local/lib/android/sdk/ndk/29.0.14206865/toolchains/llvm/prebuilt/linux-x86_64/bin/aarch64-linux-android28-clang++ /tmp/tmp.7RSW7NKsa3/gegl/_build-arm64-v8a/meson-private/tmpm7mt397w/testfile.cpp -o /tmp/tmp.7RSW7NKsa3/gegl/_build-arm64-v8a/meson-private/tmpm7mt397w/output.obj -c -D_FILE_OFFSET_BITS=64 -O0 -U_FORTIFY_SOURCE -fpermissive -Werror=implicit-function-declaration -Werror=unknown-warning-option -Werror=unused-command-line-argument -Werror=ignored-optimization-argument` -> 1
stderr:
/tmp/tmp.7RSW7NKsa3/gegl/_build-arm64-v8a/meson-private/tmpm7mt397w/testfile.cpp:3:39: error: 'a' declared as an array with a negative size
    3 |         int main(void) { static int a[1-2*!(sizeof(void *) > 15)]; a[0]=0; return 0; }
      |                                       ^~~~~~~~~~~~~~~~~~~~~~~~~~
1 error generated.
-----------
Running compile:
Working directory:  /tmp/tmp.7RSW7NKsa3/gegl/_build-arm64-v8a/meson-private/tmpfau8walr
Code:

        #include <stddef.h>
        int main(void) { static int a[1-2*!(sizeof(void *) <= 11)]; a[0]=0; return 0; }
-----------
Command line: `/usr/local/lib/android/sdk/ndk/29.0.14206865/toolchains/llvm/prebuilt/linux-x86_64/bin/aarch64-linux-android28-clang++ /tmp/tmp.7RSW7NKsa3/gegl/_build-arm64-v8a/meson-private/tmpfau8walr/testfile.cpp -o /tmp/tmp.7RSW7NKsa3/gegl/_build-arm64-v8a/meson-private/tmpfau8walr/output.obj -c -D_FILE_OFFSET_BITS=64 -O0 -U_FORTIFY_SOURCE -fpermissive -Werror=implicit-function-declaration -Werror=unknown-warning-option -Werror=unused-command-line-argument -Werror=ignored-optimization-argument` -> 0
Running compile:
Working directory:  /tmp/tmp.7RSW7NKsa3/gegl/_build-arm64-v8a/meson-private/tmpf_cv1o_r
Code:

        #include <stddef.h>
        int main(void) { static int a[1-2*!(sizeof(void *) <= 9)]; a[0]=0; return 0; }
-----------
Command line: `/usr/local/lib/android/sdk/ndk/29.0.14206865/toolchains/llvm/prebuilt/linux-x86_64/bin/aarch64-linux-android28-clang++ /tmp/tmp.7RSW7NKsa3/gegl/_build-arm64-v8a/meson-private/tmpf_cv1o_r/testfile.cpp -o /tmp/tmp.7RSW7NKsa3/gegl/_build-arm64-v8a/meson-private/tmpf_cv1o_r/output.obj -c -D_FILE_OFFSET_BITS=64 -O0 -U_FORTIFY_SOURCE -fpermissive -Werror=implicit-function-declaration -Werror=unknown-warning-option -Werror=unused-command-line-argument -Werror=ignored-optimization-argument` -> 0
Running compile:
Working directory:  /tmp/tmp.7RSW7NKsa3/gegl/_build-arm64-v8a/meson-private/tmprgf348_n
Code:

        #include <stddef.h>
        int main(void) { static int a[1-2*!(sizeof(void *) <= 8)]; a[0]=0; return 0; }
-----------
Command line: `/usr/local/lib/android/sdk/ndk/29.0.14206865/toolchains/llvm/prebuilt/linux-x86_64/bin/aarch64-linux-android28-clang++ /tmp/tmp.7RSW7NKsa3/gegl/_build-arm64-v8a/meson-private/tmprgf348_n/testfile.cpp -o /tmp/tmp.7RSW7NKsa3/gegl/_build-arm64-v8a/meson-private/tmprgf348_n/output.obj -c -D_FILE_OFFSET_BITS=64 -O0 -U_FORTIFY_SOURCE -fpermissive -Werror=implicit-function-declaration -Werror=unknown-warning-option -Werror=unused-command-line-argument -Werror=ignored-optimization-argument` -> 0
Running compile:
Working directory:  /tmp/tmp.7RSW7NKsa3/gegl/_build-arm64-v8a/meson-private/tmppc1ppnup
Code:

-----------
Command line: `/usr/local/lib/android/sdk/ndk/29.0.14206865/toolchains/llvm/prebuilt/linux-x86_64/bin/aarch64-linux-android28-clang++ /tmp/tmp.7RSW7NKsa3/gegl/_build-arm64-v8a/meson-private/tmppc1ppnup/testfile.cpp -o /tmp/tmp.7RSW7NKsa3/gegl/_build-arm64-v8a/meson-private/tmppc1ppnup/output.obj -c -D_FILE_OFFSET_BITS=64 -O0 -U_FORTIFY_SOURCE -fpermissive -Werror=implicit-function-declaration -Werror=unknown-warning-option -Werror=unused-command-line-argument -Werror=ignored-optimization-argument --print-search-dirs` -> 0
stdout:
programs: =/usr/local/lib/android/sdk/ndk/29.0.14206865/toolchains/llvm/prebuilt/linux-x86_64/bin
libraries: =/usr/local/lib/android/sdk/ndk/29.0.14206865/toolchains/llvm/prebuilt/linux-x86_64/lib/clang/21:/usr/local/lib/android/sdk/ndk/29.0.14206865/toolchains/llvm/prebuilt/linux-x86_64/lib/clang/21/lib/linux/aarch64:/usr/local/lib/android/sdk/ndk/29.0.14206865/toolchains/llvm/prebuilt/linux-x86_64/bin/../sysroot/usr/lib/aarch64-linux-android/28:/usr/local/lib/android/sdk/ndk/29.0.14206865/toolchains/llvm/prebuilt/linux-x86_64/bin/../sysroot/usr/lib/aarch64-linux-android:/usr/local/lib/android/sdk/ndk/29.0.14206865/toolchains/llvm/prebuilt/linux-x86_64/bin/../sysroot/usr/lib
-----------
Run-time dependency babl-0.1 found: YES 0.1.129
Determining dependency 'glib-2.0' with pkg-config executable '/usr/bin/pkg-config'
env[PKG_CONFIG_PATH]: 
env[PKG_CONFIG_LIBDIR]: /home/runner/work/layercraft/layercraft/native-prefix/lib/pkgconfig:/home/runner/work/layercraft/layercraft/native-prefix/share/pkgconfig
env[PKG_CONFIG_SYSROOT_DIR]: 
env[PKG_CONFIG]: /usr/bin/pkg-config
-----------
Called: `/usr/bin/pkg-config --modversion glib-2.0` -> 0
stdout:
2.89.4
-----------
env[PKG_CONFIG_PATH]: 
env[PKG_CONFIG_LIBDIR]: /home/runner/work/layercraft/layercraft/native-prefix/lib/pkgconfig:/home/runner/work/layercraft/layercraft/native-prefix/share/pkgconfig
env[PKG_CONFIG_SYSROOT_DIR]: 
env[PKG_CONFIG]: /usr/bin/pkg-config
-----------
Called: `/usr/bin/pkg-config --cflags glib-2.0` -> 0
stdout:
-I/home/runner/work/layercraft/layercraft/native-prefix/include/glib-2.0 -I/home/runner/work/layercraft/layercraft/native-prefix/lib/glib-2.0/include -I/home/runner/work/layercraft/layercraft/native-prefix/include -pthread
-----------
env[PKG_CONFIG_PATH]: 
env[PKG_CONFIG_LIBDIR]: /home/runner/work/layercraft/layercraft/native-prefix/lib/pkgconfig:/home/runner/work/layercraft/layercraft/native-prefix/share/pkgconfig
env[PKG_CONFIG_SYSROOT_DIR]: 
env[PKG_CONFIG_ALLOW_SYSTEM_LIBS]: 1
env[PKG_CONFIG]: /usr/bin/pkg-config
-----------
Called: `/usr/bin/pkg-config --libs glib-2.0` -> 0
stdout:
-L/home/runner/work/layercraft/layercraft/native-prefix/lib -lglib-2.0 -lintl
-----------
env[PKG_CONFIG_PATH]: 
env[PKG_CONFIG_LIBDIR]: /home/runner/work/layercraft/layercraft/native-prefix/lib/pkgconfig:/home/runner/work/layercraft/layercraft/native-prefix/share/pkgconfig
env[PKG_CONFIG_SYSROOT_DIR]: 
env[PKG_CONFIG]: /usr/bin/pkg-config
-----------
Called: `/usr/bin/pkg-config --libs glib-2.0` -> 0
stdout:
-L/home/runner/work/layercraft/layercraft/native-prefix/lib -lglib-2.0 -lintl
-----------
Run-time dependency glib-2.0 found: YES 2.89.4
Determining dependency 'gobject-2.0' with pkg-config executable '/usr/bin/pkg-config'
env[PKG_CONFIG_PATH]: 
env[PKG_CONFIG_LIBDIR]: /home/runner/work/layercraft/layercraft/native-prefix/lib/pkgconfig:/home/runner/work/layercraft/layercraft/native-prefix/share/pkgconfig
env[PKG_CONFIG_SYSROOT_DIR]: 
env[PKG_CONFIG]: /usr/bin/pkg-config
-----------
Called: `/usr/bin/pkg-config --modversion gobject-2.0` -> 0
stdout:
2.89.4
-----------
env[PKG_CONFIG_PATH]: 
env[PKG_CONFIG_LIBDIR]: /home/runner/work/layercraft/layercraft/native-prefix/lib/pkgconfig:/home/runner/work/layercraft/layercraft/native-prefix/share/pkgconfig
env[PKG_CONFIG_SYSROOT_DIR]: 
env[PKG_CONFIG]: /usr/bin/pkg-config
-----------
Called: `/usr/bin/pkg-config --cflags gobject-2.0` -> 0
stdout:
-I/home/runner/work/layercraft/layercraft/native-prefix/include -I/home/runner/work/layercraft/layercraft/native-prefix/include/glib-2.0 -I/home/runner/work/layercraft/layercraft/native-prefix/lib/glib-2.0/include -pthread
-----------
env[PKG_CONFIG_PATH]: 
env[PKG_CONFIG_LIBDIR]: /home/runner/work/layercraft/layercraft/native-prefix/lib/pkgconfig:/home/runner/work/layercraft/layercraft/native-prefix/share/pkgconfig
env[PKG_CONFIG_SYSROOT_DIR]: 
env[PKG_CONFIG_ALLOW_SYSTEM_LIBS]: 1
env[PKG_CONFIG]: /usr/bin/pkg-config
-----------
Called: `/usr/bin/pkg-config --libs gobject-2.0` -> 0
stdout:
-L/home/runner/work/layercraft/layercraft/native-prefix/lib -lgobject-2.0 -lglib-2.0 -lintl
-----------
env[PKG_CONFIG_PATH]: 
env[PKG_CONFIG_LIBDIR]: /home/runner/work/layercraft/layercraft/native-prefix/lib/pkgconfig:/home/runner/work/layercraft/layercraft/native-prefix/share/pkgconfig
env[PKG_CONFIG_SYSROOT_DIR]: 
env[PKG_CONFIG]: /usr/bin/pkg-config
-----------
Called: `/usr/bin/pkg-config --libs gobject-2.0` -> 0
stdout:
-L/home/runner/work/layercraft/layercraft/native-prefix/lib -lgobject-2.0 -lglib-2.0 -lintl
-----------
Run-time dependency gobject-2.0 found: YES 2.89.4
Determining dependency 'gmodule-2.0' with pkg-config executable '/usr/bin/pkg-config'
env[PKG_CONFIG_PATH]: 
env[PKG_CONFIG_LIBDIR]: /home/runner/work/layercraft/layercraft/native-prefix/lib/pkgconfig:/home/runner/work/layercraft/layercraft/native-prefix/share/pkgconfig
env[PKG_CONFIG_SYSROOT_DIR]: 
env[PKG_CONFIG]: /usr/bin/pkg-config
-----------
Called: `/usr/bin/pkg-config --modversion gmodule-2.0` -> 0
stdout:
2.89.4
-----------
env[PKG_CONFIG_PATH]: 
env[PKG_CONFIG_LIBDIR]: /home/runner/work/layercraft/layercraft/native-prefix/lib/pkgconfig:/home/runner/work/layercraft/layercraft/native-prefix/share/pkgconfig
env[PKG_CONFIG_SYSROOT_DIR]: 
env[PKG_CONFIG]: /usr/bin/pkg-config
-----------
Called: `/usr/bin/pkg-config --cflags gmodule-2.0` -> 0
stdout:
-I/home/runner/work/layercraft/layercraft/native-prefix/include -I/home/runner/work/layercraft/layercraft/native-prefix/include/glib-2.0 -I/home/runner/work/layercraft/layercraft/native-prefix/lib/glib-2.0/include -pthread
-----------
env[PKG_CONFIG_PATH]: 
env[PKG_CONFIG_LIBDIR]: /home/runner/work/layercraft/layercraft/native-prefix/lib/pkgconfig:/home/runner/work/layercraft/layercraft/native-prefix/share/pkgconfig
env[PKG_CONFIG_SYSROOT_DIR]: 
env[PKG_CONFIG_ALLOW_SYSTEM_LIBS]: 1
env[PKG_CONFIG]: /usr/bin/pkg-config
-----------
Called: `/usr/bin/pkg-config --libs gmodule-2.0` -> 0
stdout:
-Wl,--export-dynamic -L/home/runner/work/layercraft/layercraft/native-prefix/lib -lgmodule-2.0 -pthread -lglib-2.0 -lglib-2.0 -lintl
-----------
env[PKG_CONFIG_PATH]: 
env[PKG_CONFIG_LIBDIR]: /home/runner/work/layercraft/layercraft/native-prefix/lib/pkgconfig:/home/runner/work/layercraft/layercraft/native-prefix/share/pkgconfig
env[PKG_CONFIG_SYSROOT_DIR]: 
env[PKG_CONFIG]: /usr/bin/pkg-config
-----------
Called: `/usr/bin/pkg-config --libs gmodule-2.0` -> 0
stdout:
-Wl,--export-dynamic -L/home/runner/work/layercraft/layercraft/native-prefix/lib -lgmodule-2.0 -pthread -lglib-2.0 -lglib-2.0 -lintl
-----------
Run-time dependency gmodule-2.0 found: YES 2.89.4
Determining dependency 'gthread-2.0' with pkg-config executable '/usr/bin/pkg-config'
env[PKG_CONFIG_PATH]: 
env[PKG_CONFIG_LIBDIR]: /home/runner/work/layercraft/layercraft/native-prefix/lib/pkgconfig:/home/runner/work/layercraft/layercraft/native-prefix/share/pkgconfig
env[PKG_CONFIG_SYSROOT_DIR]: 
env[PKG_CONFIG]: /usr/bin/pkg-config
-----------
Called: `/usr/bin/pkg-config --modversion gthread-2.0` -> 0
stdout:
2.89.4
-----------
env[PKG_CONFIG_PATH]: 
env[PKG_CONFIG_LIBDIR]: /home/runner/work/layercraft/layercraft/native-prefix/lib/pkgconfig:/home/runner/work/layercraft/layercraft/native-prefix/share/pkgconfig
env[PKG_CONFIG_SYSROOT_DIR]: 
env[PKG_CONFIG]: /usr/bin/pkg-config
-----------
Called: `/usr/bin/pkg-config --cflags gthread-2.0` -> 0
stdout:
-I/home/runner/work/layercraft/layercraft/native-prefix/include -I/home/runner/work/layercraft/layercraft/native-prefix/include/glib-2.0 -I/home/runner/work/layercraft/layercraft/native-prefix/lib/glib-2.0/include -pthread
-----------
env[PKG_CONFIG_PATH]: 
env[PKG_CONFIG_LIBDIR]: /home/runner/work/layercraft/layercraft/native-prefix/lib/pkgconfig:/home/runner/work/layercraft/layercraft/native-prefix/share/pkgconfig
env[PKG_CONFIG_SYSROOT_DIR]: 
env[PKG_CONFIG_ALLOW_SYSTEM_LIBS]: 1
env[PKG_CONFIG]: /usr/bin/pkg-config
-----------
Called: `/usr/bin/pkg-config --libs gthread-2.0` -> 0
stdout:
-L/home/runner/work/layercraft/layercraft/native-prefix/lib -lgthread-2.0 -pthread -lglib-2.0 -lintl
-----------
env[PKG_CONFIG_PATH]: 
env[PKG_CONFIG_LIBDIR]: /home/runner/work/layercraft/layercraft/native-prefix/lib/pkgconfig:/home/runner/work/layercraft/layercraft/native-prefix/share/pkgconfig
env[PKG_CONFIG_SYSROOT_DIR]: 
env[PKG_CONFIG]: /usr/bin/pkg-config
-----------
Called: `/usr/bin/pkg-config --libs gthread-2.0` -> 0
stdout:
-L/home/runner/work/layercraft/layercraft/native-prefix/lib -lgthread-2.0 -pthread -lglib-2.0 -lintl
-----------
Run-time dependency gthread-2.0 found: YES 2.89.4
Determining dependency 'gio-2.0' with pkg-config executable '/usr/bin/pkg-config'
env[PKG_CONFIG_PATH]: 
env[PKG_CONFIG_LIBDIR]: /home/runner/work/layercraft/layercraft/native-prefix/lib/pkgconfig:/home/runner/work/layercraft/layercraft/native-prefix/share/pkgconfig
env[PKG_CONFIG_SYSROOT_DIR]: 
env[PKG_CONFIG]: /usr/bin/pkg-config
-----------
Called: `/usr/bin/pkg-config --modversion gio-2.0` -> 0
stdout:
2.89.4
-----------
env[PKG_CONFIG_PATH]: 
env[PKG_CONFIG_LIBDIR]: /home/runner/work/layercraft/layercraft/native-prefix/lib/pkgconfig:/home/runner/work/layercraft/layercraft/native-prefix/share/pkgconfig
env[PKG_CONFIG_SYSROOT_DIR]: 
env[PKG_CONFIG]: /usr/bin/pkg-config
-----------
Called: `/usr/bin/pkg-config --cflags gio-2.0` -> 0
stdout:
-I/home/runner/work/layercraft/layercraft/native-prefix/include -I/home/runner/work/layercraft/layercraft/native-prefix/include/glib-2.0 -I/home/runner/work/layercraft/layercraft/native-prefix/lib/glib-2.0/include -pthread
-----------
env[PKG_CONFIG_PATH]: 
env[PKG_CONFIG_LIBDIR]: /home/runner/work/layercraft/layercraft/native-prefix/lib/pkgconfig:/home/runner/work/layercraft/layercraft/native-prefix/share/pkgconfig
env[PKG_CONFIG_SYSROOT_DIR]: 
env[PKG_CONFIG_ALLOW_SYSTEM_LIBS]: 1
env[PKG_CONFIG]: /usr/bin/pkg-config
-----------
Called: `/usr/bin/pkg-config --libs gio-2.0` -> 0
stdout:
-L/home/runner/work/layercraft/layercraft/native-prefix/lib -lgio-2.0 -lgobject-2.0 -lglib-2.0 -lintl
-----------
env[PKG_CONFIG_PATH]: 
env[PKG_CONFIG_LIBDIR]: /home/runner/work/layercraft/layercraft/native-prefix/lib/pkgconfig:/home/runner/work/layercraft/layercraft/native-prefix/share/pkgconfig
env[PKG_CONFIG_SYSROOT_DIR]: 
env[PKG_CONFIG]: /usr/bin/pkg-config
-----------
Called: `/usr/bin/pkg-config --libs gio-2.0` -> 0
stdout:
-L/home/runner/work/layercraft/layercraft/native-prefix/lib -lgio-2.0 -lgobject-2.0 -lglib-2.0 -lintl
-----------
Run-time dependency gio-2.0 found: YES 2.89.4
Determining dependency 'gio-unix-2.0' with pkg-config executable '/usr/bin/pkg-config'
env[PKG_CONFIG_PATH]: 
env[PKG_CONFIG_LIBDIR]: /home/runner/work/layercraft/layercraft/native-prefix/lib/pkgconfig:/home/runner/work/layercraft/layercraft/native-prefix/share/pkgconfig
env[PKG_CONFIG_SYSROOT_DIR]: 
env[PKG_CONFIG]: /usr/bin/pkg-config
-----------
Called: `/usr/bin/pkg-config --modversion gio-unix-2.0` -> 0
stdout:
2.89.4
-----------
env[PKG_CONFIG_PATH]: 
env[PKG_CONFIG_LIBDIR]: /home/runner/work/layercraft/layercraft/native-prefix/lib/pkgconfig:/home/runner/work/layercraft/layercraft/native-prefix/share/pkgconfig
env[PKG_CONFIG_SYSROOT_DIR]: 
env[PKG_CONFIG]: /usr/bin/pkg-config
-----------
Called: `/usr/bin/pkg-config --cflags gio-unix-2.0` -> 0
stdout:
-I/home/runner/work/layercraft/layercraft/native-prefix/include/gio-unix-2.0 -I/home/runner/work/layercraft/layercraft/native-prefix/include -I/home/runner/work/layercraft/layercraft/native-prefix/include/glib-2.0 -I/home/runner/work/layercraft/layercraft/native-prefix/lib/glib-2.0/include -pthread
-----------
env[PKG_CONFIG_PATH]: 
env[PKG_CONFIG_LIBDIR]: /home/runner/work/layercraft/layercraft/native-prefix/lib/pkgconfig:/home/runner/work/layercraft/layercraft/native-prefix/share/pkgconfig
env[PKG_CONFIG_SYSROOT_DIR]: 
env[PKG_CONFIG_ALLOW_SYSTEM_LIBS]: 1
env[PKG_CONFIG]: /usr/bin/pkg-config
-----------
Called: `/usr/bin/pkg-config --libs gio-unix-2.0` -> 0
stdout:
-L/home/runner/work/layercraft/layercraft/native-prefix/lib -lgio-2.0 -lgobject-2.0 -lglib-2.0 -lintl
-----------
env[PKG_CONFIG_PATH]: 
env[PKG_CONFIG_LIBDIR]: /home/runner/work/layercraft/layercraft/native-prefix/lib/pkgconfig:/home/runner/work/layercraft/layercraft/native-prefix/share/pkgconfig
env[PKG_CONFIG_SYSROOT_DIR]: 
env[PKG_CONFIG]: /usr/bin/pkg-config
-----------
Called: `/usr/bin/pkg-config --libs gio-unix-2.0` -> 0
stdout:
-L/home/runner/work/layercraft/layercraft/native-prefix/lib -lgio-2.0 -lgobject-2.0 -lglib-2.0 -lintl
-----------
Run-time dependency gio-unix-2.0 found: YES 2.89.4
Determining dependency 'json-glib-1.0' with pkg-config executable '/usr/bin/pkg-config'
env[PKG_CONFIG_PATH]: 
env[PKG_CONFIG_LIBDIR]: /home/runner/work/layercraft/layercraft/native-prefix/lib/pkgconfig:/home/runner/work/layercraft/layercraft/native-prefix/share/pkgconfig
env[PKG_CONFIG_SYSROOT_DIR]: 
env[PKG_CONFIG]: /usr/bin/pkg-config
-----------
Called: `/usr/bin/pkg-config --modversion json-glib-1.0` -> 0
stdout:
1.10.9
-----------
env[PKG_CONFIG_PATH]: 
env[PKG_CONFIG_LIBDIR]: /home/runner/work/layercraft/layercraft/native-prefix/lib/pkgconfig:/home/runner/work/layercraft/layercraft/native-prefix/share/pkgconfig
env[PKG_CONFIG_SYSROOT_DIR]: 
env[PKG_CONFIG]: /usr/bin/pkg-config
-----------
Called: `/usr/bin/pkg-config --cflags json-glib-1.0` -> 0
stdout:
-I/home/runner/work/layercraft/layercraft/native-prefix/include/json-glib-1.0 -I/home/runner/work/layercraft/layercraft/native-prefix/include -I/home/runner/work/layercraft/layercraft/native-prefix/include/glib-2.0 -I/home/runner/work/layercraft/layercraft/native-prefix/lib/glib-2.0/include -pthread
-----------
env[PKG_CONFIG_PATH]: 
env[PKG_CONFIG_LIBDIR]: /home/runner/work/layercraft/layercraft/native-prefix/lib/pkgconfig:/home/runner/work/layercraft/layercraft/native-prefix/share/pkgconfig
env[PKG_CONFIG_SYSROOT_DIR]: 
env[PKG_CONFIG_ALLOW_SYSTEM_LIBS]: 1
env[PKG_CONFIG]: /usr/bin/pkg-config
-----------
Called: `/usr/bin/pkg-config --libs json-glib-1.0` -> 0
stdout:
-L/home/runner/work/layercraft/layercraft/native-prefix/lib -ljson-glib-1.0 -lgio-2.0 -lgobject-2.0 -lglib-2.0 -lintl
-----------
env[PKG_CONFIG_PATH]: 
env[PKG_CONFIG_LIBDIR]: /home/runner/work/layercraft/layercraft/native-prefix/lib/pkgconfig:/home/runner/work/layercraft/layercraft/native-prefix/share/pkgconfig
env[PKG_CONFIG_SYSROOT_DIR]: 
env[PKG_CONFIG]: /usr/bin/pkg-config
-----------
Called: `/usr/bin/pkg-config --libs json-glib-1.0` -> 0
stdout:
-L/home/runner/work/layercraft/layercraft/native-prefix/lib -ljson-glib-1.0 -lgio-2.0 -lgobject-2.0 -lglib-2.0 -lintl
-----------
Run-time dependency json-glib-1.0 found: YES 1.10.9
Determining dependency 'libjpeg' with pkg-config executable '/usr/bin/pkg-config'
env[PKG_CONFIG_PATH]: 
env[PKG_CONFIG_LIBDIR]: /home/runner/work/layercraft/layercraft/native-prefix/lib/pkgconfig:/home/runner/work/layercraft/layercraft/native-prefix/share/pkgconfig
env[PKG_CONFIG_SYSROOT_DIR]: 
env[PKG_CONFIG]: /usr/bin/pkg-config
-----------
Called: `/usr/bin/pkg-config --modversion libjpeg` -> 0
stdout:
3.2.1
-----------
env[PKG_CONFIG_PATH]: 
env[PKG_CONFIG_LIBDIR]: /home/runner/work/layercraft/layercraft/native-prefix/lib/pkgconfig:/home/runner/work/layercraft/layercraft/native-prefix/share/pkgconfig
env[PKG_CONFIG_SYSROOT_DIR]: 
env[PKG_CONFIG]: /usr/bin/pkg-config
-----------
Called: `/usr/bin/pkg-config --cflags libjpeg` -> 0
stdout:
-I/home/runner/work/layercraft/layercraft/native-prefix/include
-----------
env[PKG_CONFIG_PATH]: 
env[PKG_CONFIG_LIBDIR]: /home/runner/work/layercraft/layercraft/native-prefix/lib/pkgconfig:/home/runner/work/layercraft/layercraft/native-prefix/share/pkgconfig
env[PKG_CONFIG_SYSROOT_DIR]: 
env[PKG_CONFIG_ALLOW_SYSTEM_LIBS]: 1
env[PKG_CONFIG]: /usr/bin/pkg-config
-----------
Called: `/usr/bin/pkg-config --libs libjpeg` -> 0
stdout:
-L/home/runner/work/layercraft/layercraft/native-prefix/lib -ljpeg
-----------
env[PKG_CONFIG_PATH]: 
env[PKG_CONFIG_LIBDIR]: /home/runner/work/layercraft/layercraft/native-prefix/lib/pkgconfig:/home/runner/work/layercraft/layercraft/native-prefix/share/pkgconfig
env[PKG_CONFIG_SYSROOT_DIR]: 
env[PKG_CONFIG]: /usr/bin/pkg-config
-----------
Called: `/usr/bin/pkg-config --libs libjpeg` -> 0
stdout:
-L/home/runner/work/layercraft/layercraft/native-prefix/lib -ljpeg
-----------
Run-time dependency libjpeg found: YES 3.2.1
Determining dependency 'libpng' with pkg-config executable '/usr/bin/pkg-config'
env[PKG_CONFIG_PATH]: 
env[PKG_CONFIG_LIBDIR]: /home/runner/work/layercraft/layercraft/native-prefix/lib/pkgconfig:/home/runner/work/layercraft/layercraft/native-prefix/share/pkgconfig
env[PKG_CONFIG_SYSROOT_DIR]: 
env[PKG_CONFIG]: /usr/bin/pkg-config
-----------
Called: `/usr/bin/pkg-config --modversion libpng` -> 0
stdout:
1.8.0
-----------
env[PKG_CONFIG_PATH]: 
env[PKG_CONFIG_LIBDIR]: /home/runner/work/layercraft/layercraft/native-prefix/lib/pkgconfig:/home/runner/work/layercraft/layercraft/native-prefix/share/pkgconfig
env[PKG_CONFIG_SYSROOT_DIR]: 
env[PKG_CONFIG]: /usr/bin/pkg-config
-----------
Called: `/usr/bin/pkg-config --cflags libpng` -> 1
stderr:
Package zlib was not found in the pkg-config search path.
Perhaps you should add the directory containing `zlib.pc'
to the PKG_CONFIG_PATH environment variable
Package 'zlib', required by 'libpng', not found
-----------
WARNING: Pkg-config error with 'libpng': Could not generate cflags for libpng:
Package zlib was not found in the pkg-config search path.
Perhaps you should add the directory containing `zlib.pc'
to the PKG_CONFIG_PATH environment variable
Package 'zlib', required by 'libpng', not found

Dependency lookup for libpng with method 'pkg-config' failed: Could not generate cflags for libpng:
Package zlib was not found in the pkg-config search path.
Perhaps you should add the directory containing `zlib.pc'
to the PKG_CONFIG_PATH environment variable
Package 'zlib', required by 'libpng', not found

CMake binary for host machine is not cached
CMake binary missing from cross or native file, or env var undefined.
Default target is not allowed for cross use
Found CMake: NO
Dependency lookup for libpng with method 'cmake' failed: CMake binary for machine host machine not found. Giving up.
Run-time dependency libpng found: NO 

../../../../../tmp/tmp.7RSW7NKsa3/gegl/meson.build:388:12: ERROR: Dependency lookup for libpng with method 'pkg-config' failed: Could not generate cflags for libpng:
Package zlib was not found in the pkg-config search path.
Perhaps you should add the directory containing `zlib.pc'
to the PKG_CONFIG_PATH environment variable
Package 'zlib', required by 'libpng', not found


::endgroup::

